monsterId,monster,slug,traitIndex,trait,sourceTrait,declaredAutomation,ruleKind,battleImpact,status,issues,runtimeConsumers,directTests
"srd-5.1:aboleth","底栖魔鱼","aboleth","0","两栖","Amphibious","dm-adjudication","","false","non-combat-or-narrative","","",""
"srd-5.1:aboleth","底栖魔鱼","aboleth","1","黏液云","Mucous Cloud","headless","mucous-cloud","true","verified-full","","src/rulesets/dnd5e/headlessCombatEngine.ts | src/rulesets/dnd5e/tokenStatusMarkers.ts","src/rulesets/dnd5e/monsters.test.ts | src/rulesets/dnd5e/tokenStatusMarkers.test.ts"
"srd-5.1:aboleth","底栖魔鱼","aboleth","2","探查心灵感应","Probing Telepathy","dm-adjudication","","false","non-combat-or-narrative","","",""
"srd-5.1:acolyte","侍僧","acolyte","0","施法","Spellcasting","dm-adjudication","","true","delegated-to-monster-spells","","",""
"srd-5.1:adult-black-dragon","成年黑龙","adult-black-dragon","0","两栖","Amphibious","dm-adjudication","","false","non-combat-or-narrative","","",""
"srd-5.1:adult-black-dragon","成年黑龙","adult-black-dragon","1","传奇抗性","Legendary Resistance","headless","legendary-resistance","true","verified-full","","src/lib/combatInterruptProtocol.ts | src/lib/combatInterruptQueue.ts | src/lib/sharedResourceValidation.ts | src/pages/MapsWorkspacePage.tsx | src/rulesets/dnd5e/monsterGenericAbilities.ts","src/lib/sharedServerCore.test.ts | src/rulesets/dnd5e/headlessCombatEngine.test.ts | src/rulesets/dnd5e/monsterLegendaryResistanceTraits.test.ts"
"srd-5.1:adult-blue-dragon","成年蓝龙","adult-blue-dragon","0","传奇抗性","Legendary Resistance","headless","legendary-resistance","true","verified-full","","src/lib/combatInterruptProtocol.ts | src/lib/combatInterruptQueue.ts | src/lib/sharedResourceValidation.ts | src/pages/MapsWorkspacePage.tsx | src/rulesets/dnd5e/monsterGenericAbilities.ts","src/lib/sharedServerCore.test.ts | src/rulesets/dnd5e/headlessCombatEngine.test.ts | src/rulesets/dnd5e/monsterLegendaryResistanceTraits.test.ts"
"srd-5.1:adult-brass-dragon","成年黄铜龙","adult-brass-dragon","0","传奇抗性","Legendary Resistance","headless","legendary-resistance","true","verified-full","","src/lib/combatInterruptProtocol.ts | src/lib/combatInterruptQueue.ts | src/lib/sharedResourceValidation.ts | src/pages/MapsWorkspacePage.tsx | src/rulesets/dnd5e/monsterGenericAbilities.ts","src/lib/sharedServerCore.test.ts | src/rulesets/dnd5e/headlessCombatEngine.test.ts | src/rulesets/dnd5e/monsterLegendaryResistanceTraits.test.ts"
"srd-5.1:adult-bronze-dragon","成年青铜龙","adult-bronze-dragon","0","两栖","Amphibious","dm-adjudication","","false","non-combat-or-narrative","","",""
"srd-5.1:adult-bronze-dragon","成年青铜龙","adult-bronze-dragon","1","传奇抗性","Legendary Resistance","headless","legendary-resistance","true","verified-full","","src/lib/combatInterruptProtocol.ts | src/lib/combatInterruptQueue.ts | src/lib/sharedResourceValidation.ts | src/pages/MapsWorkspacePage.tsx | src/rulesets/dnd5e/monsterGenericAbilities.ts","src/rulesets/dnd5e/headlessCombatEngine.test.ts | src/lib/sharedServerCore.test.ts | src/rulesets/dnd5e/monsterLegendaryResistanceTraits.test.ts"
"srd-5.1:adult-copper-dragon","成年赤铜龙","adult-copper-dragon","0","传奇抗性","Legendary Resistance","headless","legendary-resistance","true","verified-full","","src/lib/combatInterruptProtocol.ts | src/lib/combatInterruptQueue.ts | src/lib/sharedResourceValidation.ts | src/pages/MapsWorkspacePage.tsx | src/rulesets/dnd5e/monsterGenericAbilities.ts","src/lib/sharedServerCore.test.ts | src/rulesets/dnd5e/headlessCombatEngine.test.ts | src/rulesets/dnd5e/monsterLegendaryResistanceTraits.test.ts"
"srd-5.1:adult-gold-dragon","成年金龙","adult-gold-dragon","0","两栖","Amphibious","dm-adjudication","","false","non-combat-or-narrative","","",""
"srd-5.1:adult-gold-dragon","成年金龙","adult-gold-dragon","1","传奇抗性","Legendary Resistance","headless","legendary-resistance","true","verified-full","","src/lib/combatInterruptProtocol.ts | src/lib/combatInterruptQueue.ts | src/lib/sharedResourceValidation.ts | src/pages/MapsWorkspacePage.tsx | src/rulesets/dnd5e/monsterGenericAbilities.ts","src/lib/sharedServerCore.test.ts | src/rulesets/dnd5e/headlessCombatEngine.test.ts | src/rulesets/dnd5e/monsterLegendaryResistanceTraits.test.ts"
"srd-5.1:adult-green-dragon","成年绿龙","adult-green-dragon","0","两栖","Amphibious","dm-adjudication","","false","non-combat-or-narrative","","",""
"srd-5.1:adult-green-dragon","成年绿龙","adult-green-dragon","1","传奇抗性","Legendary Resistance","headless","legendary-resistance","true","verified-full","","src/lib/combatInterruptProtocol.ts | src/lib/combatInterruptQueue.ts | src/lib/sharedResourceValidation.ts | src/pages/MapsWorkspacePage.tsx | src/rulesets/dnd5e/monsterGenericAbilities.ts","src/lib/sharedServerCore.test.ts | src/rulesets/dnd5e/headlessCombatEngine.test.ts | src/rulesets/dnd5e/monsterLegendaryResistanceTraits.test.ts"
"srd-5.1:adult-red-dragon","成年红龙","adult-red-dragon","0","传奇抗性","Legendary Resistance","headless","legendary-resistance","true","verified-full","","src/lib/combatInterruptProtocol.ts | src/lib/combatInterruptQueue.ts | src/lib/sharedResourceValidation.ts | src/pages/MapsWorkspacePage.tsx | src/rulesets/dnd5e/monsterGenericAbilities.ts","src/lib/sharedServerCore.test.ts | src/rulesets/dnd5e/headlessCombatEngine.test.ts | src/rulesets/dnd5e/monsterLegendaryResistanceTraits.test.ts"
"srd-5.1:adult-silver-dragon","成年银龙","adult-silver-dragon","0","传奇抗性","Legendary Resistance","headless","legendary-resistance","true","verified-full","","src/lib/combatInterruptProtocol.ts | src/lib/combatInterruptQueue.ts | src/lib/sharedResourceValidation.ts | src/pages/MapsWorkspacePage.tsx | src/rulesets/dnd5e/monsterGenericAbilities.ts","src/lib/sharedServerCore.test.ts | src/rulesets/dnd5e/headlessCombatEngine.test.ts | src/rulesets/dnd5e/monsterLegendaryResistanceTraits.test.ts"
"srd-5.1:adult-white-dragon","成年白龙","adult-white-dragon","0","冰面行走","Ice Walk","dm-adjudication","","false","exploration-manual-gap","","",""
"srd-5.1:adult-white-dragon","成年白龙","adult-white-dragon","1","传奇抗性","Legendary Resistance","headless","legendary-resistance","true","verified-full","","src/lib/combatInterruptProtocol.ts | src/lib/combatInterruptQueue.ts | src/lib/sharedResourceValidation.ts | src/pages/MapsWorkspacePage.tsx | src/rulesets/dnd5e/monsterGenericAbilities.ts","src/lib/sharedServerCore.test.ts | src/rulesets/dnd5e/headlessCombatEngine.test.ts | src/rulesets/dnd5e/monsterLegendaryResistanceTraits.test.ts"
"srd-5.1:air-elemental","气元素","air-elemental","0","气体形态","Air Form","dm-adjudication","","false","non-combat-or-narrative","","",""
"srd-5.1:ancient-black-dragon","远古黑龙","ancient-black-dragon","0","两栖","Amphibious","dm-adjudication","","false","non-combat-or-narrative","","",""
"srd-5.1:ancient-black-dragon","远古黑龙","ancient-black-dragon","1","传奇抗性","Legendary Resistance","headless","legendary-resistance","true","verified-full","","src/lib/combatInterruptProtocol.ts | src/lib/combatInterruptQueue.ts | src/lib/sharedResourceValidation.ts | src/pages/MapsWorkspacePage.tsx | src/rulesets/dnd5e/monsterGenericAbilities.ts","src/lib/sharedServerCore.test.ts | src/rulesets/dnd5e/headlessCombatEngine.test.ts | src/rulesets/dnd5e/monsterLegendaryResistanceTraits.test.ts"
"srd-5.1:ancient-blue-dragon","远古蓝龙","ancient-blue-dragon","0","传奇抗性","Legendary Resistance","headless","legendary-resistance","true","verified-full","","src/lib/combatInterruptProtocol.ts | src/lib/combatInterruptQueue.ts | src/lib/sharedResourceValidation.ts | src/pages/MapsWorkspacePage.tsx | src/rulesets/dnd5e/monsterGenericAbilities.ts","src/lib/sharedServerCore.test.ts | src/rulesets/dnd5e/headlessCombatEngine.test.ts | src/rulesets/dnd5e/monsterLegendaryResistanceTraits.test.ts"
"srd-5.1:ancient-brass-dragon","远古黄铜龙","ancient-brass-dragon","0","传奇抗性","Legendary Resistance","headless","legendary-resistance","true","verified-full","","src/lib/combatInterruptProtocol.ts | src/lib/combatInterruptQueue.ts | src/lib/sharedResourceValidation.ts | src/pages/MapsWorkspacePage.tsx | src/rulesets/dnd5e/monsterGenericAbilities.ts","src/lib/sharedServerCore.test.ts | src/rulesets/dnd5e/headlessCombatEngine.test.ts | src/rulesets/dnd5e/monsterLegendaryResistanceTraits.test.ts"
"srd-5.1:ancient-bronze-dragon","远古青铜龙","ancient-bronze-dragon","0","两栖","Amphibious","dm-adjudication","","false","non-combat-or-narrative","","",""
"srd-5.1:ancient-bronze-dragon","远古青铜龙","ancient-bronze-dragon","1","传奇抗性","Legendary Resistance","headless","legendary-resistance","true","verified-full","","src/lib/combatInterruptProtocol.ts | src/lib/combatInterruptQueue.ts | src/lib/sharedResourceValidation.ts | src/pages/MapsWorkspacePage.tsx | src/rulesets/dnd5e/monsterGenericAbilities.ts","src/lib/sharedServerCore.test.ts | src/rulesets/dnd5e/headlessCombatEngine.test.ts | src/rulesets/dnd5e/monsterLegendaryResistanceTraits.test.ts"
"srd-5.1:ancient-copper-dragon","远古赤铜龙","ancient-copper-dragon","0","传奇抗性","Legendary Resistance","headless","legendary-resistance","true","verified-full","","src/lib/combatInterruptProtocol.ts | src/lib/combatInterruptQueue.ts | src/lib/sharedResourceValidation.ts | src/pages/MapsWorkspacePage.tsx | src/rulesets/dnd5e/monsterGenericAbilities.ts","src/lib/sharedServerCore.test.ts | src/rulesets/dnd5e/headlessCombatEngine.test.ts | src/rulesets/dnd5e/monsterLegendaryResistanceTraits.test.ts"
"srd-5.1:ancient-gold-dragon","远古金龙","ancient-gold-dragon","0","两栖","Amphibious","dm-adjudication","","false","non-combat-or-narrative","","",""
"srd-5.1:ancient-gold-dragon","远古金龙","ancient-gold-dragon","1","传奇抗性","Legendary Resistance","headless","legendary-resistance","true","verified-full","","src/lib/combatInterruptProtocol.ts | src/lib/combatInterruptQueue.ts | src/lib/sharedResourceValidation.ts | src/pages/MapsWorkspacePage.tsx | src/rulesets/dnd5e/monsterGenericAbilities.ts","src/lib/sharedServerCore.test.ts | src/rulesets/dnd5e/headlessCombatEngine.test.ts | src/rulesets/dnd5e/monsterLegendaryResistanceTraits.test.ts"
"srd-5.1:ancient-green-dragon","远古绿龙","ancient-green-dragon","0","两栖","Amphibious","dm-adjudication","","false","non-combat-or-narrative","","",""
"srd-5.1:ancient-green-dragon","远古绿龙","ancient-green-dragon","1","传奇抗性","Legendary Resistance","headless","legendary-resistance","true","verified-full","","src/lib/combatInterruptProtocol.ts | src/lib/combatInterruptQueue.ts | src/lib/sharedResourceValidation.ts | src/pages/MapsWorkspacePage.tsx | src/rulesets/dnd5e/monsterGenericAbilities.ts","src/lib/sharedServerCore.test.ts | src/rulesets/dnd5e/headlessCombatEngine.test.ts | src/rulesets/dnd5e/monsterLegendaryResistanceTraits.test.ts"
"srd-5.1:ancient-red-dragon","远古红龙","ancient-red-dragon","0","传奇抗性","Legendary Resistance","headless","legendary-resistance","true","verified-full","","src/lib/combatInterruptProtocol.ts | src/lib/combatInterruptQueue.ts | src/lib/sharedResourceValidation.ts | src/pages/MapsWorkspacePage.tsx | src/rulesets/dnd5e/monsterGenericAbilities.ts","src/lib/sharedServerCore.test.ts | src/rulesets/dnd5e/headlessCombatEngine.test.ts | src/rulesets/dnd5e/monsterLegendaryResistanceTraits.test.ts"
"srd-5.1:ancient-silver-dragon","远古银龙","ancient-silver-dragon","0","传奇抗性","Legendary Resistance","headless","legendary-resistance","true","verified-full","","src/lib/combatInterruptProtocol.ts | src/lib/combatInterruptQueue.ts | src/lib/sharedResourceValidation.ts | src/pages/MapsWorkspacePage.tsx | src/rulesets/dnd5e/monsterGenericAbilities.ts","src/lib/sharedServerCore.test.ts | src/rulesets/dnd5e/headlessCombatEngine.test.ts | src/rulesets/dnd5e/monsterLegendaryResistanceTraits.test.ts"
"srd-5.1:ancient-white-dragon","远古白龙","ancient-white-dragon","0","冰面行走","Ice Walk","dm-adjudication","","false","exploration-manual-gap","","",""
"srd-5.1:ancient-white-dragon","远古白龙","ancient-white-dragon","1","传奇抗性","Legendary Resistance","headless","legendary-resistance","true","verified-full","","src/lib/combatInterruptProtocol.ts | src/lib/combatInterruptQueue.ts | src/lib/sharedResourceValidation.ts | src/pages/MapsWorkspacePage.tsx | src/rulesets/dnd5e/monsterGenericAbilities.ts","src/lib/sharedServerCore.test.ts | src/rulesets/dnd5e/headlessCombatEngine.test.ts | src/rulesets/dnd5e/monsterLegendaryResistanceTraits.test.ts"
"srd-5.1:androsphinx","雄性斯芬克斯","androsphinx","0","无法窥测","Inscrutable","dm-adjudication","","true","combat-manual-gap","原文包含战斗效果但仍依赖 DM 裁定","",""
"srd-5.1:androsphinx","雄性斯芬克斯","androsphinx","1","魔法武器","Magic Weapons","headless","magic-weapons","true","verified-full","","src/components/map/Dnd5eMonsterWorkshopDialog.tsx | src/components/map/monsterWorkshopReview.ts | src/rulesets/dnd5e/customMonsterWorkshop.ts | src/rulesets/dnd5e/headlessCombatEngine.ts | src/rulesets/dnd5e/mapBridge.ts | src/rulesets/dnd5e/monsterGenericAbilities.ts | src/rulesets/dnd5e/monsterWorkshopAbilityTemplates.ts","src/rulesets/dnd5e/monsterGenericAbilities.test.ts | src/rulesets/dnd5e/combatSimulation.test.ts | src/rulesets/dnd5e/customMonsterWorkshop.test.ts | src/rulesets/dnd5e/fleshGolemHeadless.test.ts | src/rulesets/dnd5e/mapBridge.test.ts | src/rulesets/dnd5e/monsterTurnPlanner.test.ts | src/rulesets/dnd5e/monsterWorkshopAbilityTemplates.test.ts"
"srd-5.1:androsphinx","雄性斯芬克斯","androsphinx","2","施法","Spellcasting","dm-adjudication","","true","delegated-to-monster-spells","","",""
"srd-5.1:animated-armor","活化护甲","animated-armor","0","反魔法易感","Antimagic Susceptibility","dm-adjudication","","true","combat-manual-gap","原文包含战斗效果但仍依赖 DM 裁定","",""
"srd-5.1:animated-armor","活化护甲","animated-armor","1","虚假外表","False Appearance","dm-adjudication","","false","excluded-narrative-transform","","",""
"srd-5.1:archmage","大法师","archmage","0","魔法抗性","Magic Resistance","headless","magic-resistance","true","verified-full","","src/components/map/Dnd5eMonsterWorkshopDialog.tsx | src/components/map/monsterWorkshopReview.ts | src/rulesets/dnd5e/customMonsterWorkshop.ts | src/rulesets/dnd5e/monsterGenericAbilities.ts | src/rulesets/dnd5e/monsterStatBlockPaste.ts | src/rulesets/dnd5e/monsterWorkshopAbilityTemplates.ts | src/rulesets/dnd5e/passiveDefenses.ts","src/components/map/Dnd5eMonsterAbilityTemplateLibrary.test.tsx | src/lib/combatResolutionTrace.test.ts | src/rulesets/dnd5e/customMonsterWorkshop.test.ts | src/rulesets/dnd5e/fleshGolemHeadless.test.ts | src/rulesets/dnd5e/monsters.test.ts | src/rulesets/dnd5e/monsterWorkshopAbilityTemplates.test.ts | src/rulesets/dnd5e/passiveDefenses.test.ts"
"srd-5.1:archmage","大法师","archmage","1","施法","Spellcasting","dm-adjudication","","true","delegated-to-monster-spells","","",""
"srd-5.1:assassin","刺客","assassin","0","刺杀","Assassinate","headless","assassinate","true","verified-full","","src/rulesets/dnd5e/monsterGenericAbilities.ts","src/rulesets/dnd5e/headlessCombatEngine.test.ts | src/rulesets/dnd5e/monsterCatalogAttackTraitDeclarations.test.ts"
"srd-5.1:assassin","刺客","assassin","1","闪避","Evasion","dm-adjudication","","true","combat-manual-gap","原文包含战斗效果但仍依赖 DM 裁定","","src/rulesets/dnd5e/monsterCatalogAttackTraitDeclarations.test.ts | src/rulesets/dnd5e/monsterHeadlessCoverage.test.ts"
"srd-5.1:assassin","刺客","assassin","2","偷袭（每回合 1 次）","Sneak Attack (1/Turn)","headless","sneak-attack","true","verified-full","","src/components/map/Dnd5eMonsterWorkshopDialog.tsx | src/lib/combatLogDetails.ts | src/lib/dnd5eActionIcons.ts | src/pages/MapsWorkspacePage.tsx | src/rulesets/dnd5e/classes.ts | src/rulesets/dnd5e/customMonsterWorkshop.ts | src/rulesets/dnd5e/headlessCombatEngine.ts | src/rulesets/dnd5e/monsterGenericAbilities.ts | src/rulesets/dnd5e/monsterTurnPlanner.ts | src/rulesets/dnd5e/monsterWorkshopAbilityTemplates.ts","src/rulesets/dnd5e/headlessCombatEngine.test.ts | src/rulesets/dnd5e/monsterCatalogAttackTraitDeclarations.test.ts | src/rulesets/dnd5e/monsterCatalogAttackTraitRuntime.test.ts | src/rulesets/dnd5e/monsterHeadlessCoverage.test.ts | src/domain/combat/combatMath.test.ts | src/rulesets/dnd5e/equipmentAttackAction.test.ts | src/rulesets/dnd5e/monsterWorkshopAbilityTemplates.test.ts"
"srd-5.1:awakened-shrub","觉醒灌木","awakened-shrub","0","虚假外表","False Appearance","dm-adjudication","","false","excluded-narrative-transform","","",""
"srd-5.1:awakened-tree","觉醒树木","awakened-tree","0","虚假外表","False Appearance","dm-adjudication","","false","excluded-narrative-transform","","",""
"srd-5.1:azer","艾泽","azer","0","灼热躯体","Heated Body","dm-adjudication","","true","combat-manual-gap","原文包含战斗效果但仍依赖 DM 裁定","",""
"srd-5.1:azer","艾泽","azer","1","灼热武器","Heated Weapons","dm-adjudication","","true","combat-manual-gap","原文包含战斗效果但仍依赖 DM 裁定","",""
"srd-5.1:azer","艾泽","azer","2","照明","Illumination","dm-adjudication","","false","non-combat-or-narrative","","",""
"srd-5.1:baboon","狒狒","baboon","0","集群战术","Pack Tactics","headless","pack-tactics","true","verified-full","","src/rulesets/dnd5e/customMonsterWorkshop.ts | src/rulesets/dnd5e/monsterGenericAbilities.ts","src/rulesets/dnd5e/monsterGenericAbilities.test.ts | src/rulesets/dnd5e/monsters.test.ts | src/rulesets/dnd5e/monsterSchema.test.ts"
"srd-5.1:badger","獾","badger","0","敏锐嗅觉","Keen Smell","dm-adjudication","","false","exploration-manual-gap","","",""
"srd-5.1:balor","巴洛炎魔","balor","0","临死爆发","Death Throes","headless","death-area-saving-throw","true","verified-full","","src/pages/maps/settleDnd5eCombatResult.ts | src/rulesets/dnd5e/combatSimulation.ts | src/rulesets/dnd5e/headlessCombatEngine.ts","src/rulesets/dnd5e/monsterDeathAreaAndUnnervingMaskCatalog.test.ts | src/rulesets/dnd5e/monsterDeathAreaRuntime.test.ts"
"srd-5.1:balor","巴洛炎魔","balor","1","火焰灵光","Fire Aura","dm-adjudication","","true","combat-manual-gap","原文包含战斗效果但仍依赖 DM 裁定","",""
"srd-5.1:balor","巴洛炎魔","balor","2","魔法抗性","Magic Resistance","headless","magic-resistance","true","verified-full","","src/components/map/Dnd5eMonsterWorkshopDialog.tsx | src/components/map/monsterWorkshopReview.ts | src/rulesets/dnd5e/customMonsterWorkshop.ts | src/rulesets/dnd5e/monsterGenericAbilities.ts | src/rulesets/dnd5e/monsterStatBlockPaste.ts | src/rulesets/dnd5e/monsterWorkshopAbilityTemplates.ts | src/rulesets/dnd5e/passiveDefenses.ts","src/rulesets/dnd5e/monsters.test.ts | src/components/map/Dnd5eMonsterAbilityTemplateLibrary.test.tsx | src/lib/combatResolutionTrace.test.ts | src/rulesets/dnd5e/customMonsterWorkshop.test.ts | src/rulesets/dnd5e/fleshGolemHeadless.test.ts | src/rulesets/dnd5e/monsterWorkshopAbilityTemplates.test.ts | src/rulesets/dnd5e/passiveDefenses.test.ts"
"srd-5.1:balor","巴洛炎魔","balor","3","魔法武器","Magic Weapons","headless","magic-weapons","true","verified-full","","src/components/map/Dnd5eMonsterWorkshopDialog.tsx | src/components/map/monsterWorkshopReview.ts | src/rulesets/dnd5e/customMonsterWorkshop.ts | src/rulesets/dnd5e/headlessCombatEngine.ts | src/rulesets/dnd5e/mapBridge.ts | src/rulesets/dnd5e/monsterGenericAbilities.ts | src/rulesets/dnd5e/monsterWorkshopAbilityTemplates.ts","src/rulesets/dnd5e/monsterGenericAbilities.test.ts | src/rulesets/dnd5e/combatSimulation.test.ts | src/rulesets/dnd5e/customMonsterWorkshop.test.ts | src/rulesets/dnd5e/fleshGolemHeadless.test.ts | src/rulesets/dnd5e/mapBridge.test.ts | src/rulesets/dnd5e/monsterTurnPlanner.test.ts | src/rulesets/dnd5e/monsterWorkshopAbilityTemplates.test.ts"
"srd-5.1:barbed-devil","针刺魔","barbed-devil","0","倒刺外皮","Barbed Hide","dm-adjudication","","true","combat-manual-gap","原文包含战斗效果但仍依赖 DM 裁定","",""
"srd-5.1:barbed-devil","针刺魔","barbed-devil","1","魔鬼视界","Devil's Sight","dm-adjudication","","false","non-combat-or-narrative","","",""
"srd-5.1:barbed-devil","针刺魔","barbed-devil","2","魔法抗性","Magic Resistance","headless","magic-resistance","true","verified-full","","src/components/map/Dnd5eMonsterWorkshopDialog.tsx | src/components/map/monsterWorkshopReview.ts | src/rulesets/dnd5e/customMonsterWorkshop.ts | src/rulesets/dnd5e/monsterGenericAbilities.ts | src/rulesets/dnd5e/monsterStatBlockPaste.ts | src/rulesets/dnd5e/monsterWorkshopAbilityTemplates.ts | src/rulesets/dnd5e/passiveDefenses.ts","src/rulesets/dnd5e/monsterHeadlessCoverage.test.ts | src/rulesets/dnd5e/monsters.test.ts | src/components/map/Dnd5eMonsterAbilityTemplateLibrary.test.tsx | src/lib/combatResolutionTrace.test.ts | src/rulesets/dnd5e/customMonsterWorkshop.test.ts | src/rulesets/dnd5e/fleshGolemHeadless.test.ts | src/rulesets/dnd5e/monsterWorkshopAbilityTemplates.test.ts | src/rulesets/dnd5e/passiveDefenses.test.ts"
"srd-5.1:basilisk","石化蜥蜴","basilisk","0","石化凝视","Petrifying Gaze","headless","turn-start-gaze","true","verified-full","","src/rulesets/dnd5e/headlessCombatEngine.ts","src/rulesets/dnd5e/monsterBasiliskGazeHeadless.test.ts"
"srd-5.1:bat","蝙蝠","bat","0","回声定位","Echolocation","dm-adjudication","","false","exploration-manual-gap","","",""
"srd-5.1:bat","蝙蝠","bat","1","敏锐听觉","Keen Hearing","dm-adjudication","","false","exploration-manual-gap","","",""
"srd-5.1:bearded-devil","须魔","bearded-devil","0","魔鬼视界","Devil's Sight","dm-adjudication","","false","non-combat-or-narrative","","",""
"srd-5.1:bearded-devil","须魔","bearded-devil","1","魔法抗性","Magic Resistance","headless","magic-resistance","true","verified-full","","src/components/map/Dnd5eMonsterWorkshopDialog.tsx | src/components/map/monsterWorkshopReview.ts | src/rulesets/dnd5e/customMonsterWorkshop.ts | src/rulesets/dnd5e/monsterGenericAbilities.ts | src/rulesets/dnd5e/monsterStatBlockPaste.ts | src/rulesets/dnd5e/monsterWorkshopAbilityTemplates.ts | src/rulesets/dnd5e/passiveDefenses.ts","src/rulesets/dnd5e/monsterConditionalOnHitBatch.test.ts | src/components/map/Dnd5eMonsterAbilityTemplateLibrary.test.tsx | src/lib/combatResolutionTrace.test.ts | src/rulesets/dnd5e/customMonsterWorkshop.test.ts | src/rulesets/dnd5e/fleshGolemHeadless.test.ts | src/rulesets/dnd5e/monsters.test.ts | src/rulesets/dnd5e/monsterWorkshopAbilityTemplates.test.ts | src/rulesets/dnd5e/passiveDefenses.test.ts"
"srd-5.1:bearded-devil","须魔","bearded-devil","2","坚定","Steadfast","dm-adjudication","","true","combat-manual-gap","原文包含战斗效果但仍依赖 DM 裁定","",""
"srd-5.1:berserker","狂战士","berserker","0","鲁莽","Reckless","headless","reckless","true","verified-full","","src/rulesets/dnd5e/monsterGenericAbilities.ts","src/rulesets/dnd5e/equipmentAttackAction.test.ts | src/rulesets/dnd5e/mapBridge.test.ts | src/rulesets/dnd5e/monsterSchema.test.ts | src/rulesets/dnd5e/monsterTriggeredAttackTraits.test.ts"
"srd-5.1:black-bear","黑熊","black-bear","0","敏锐嗅觉","Keen Smell","dm-adjudication","","false","exploration-manual-gap","","",""
"srd-5.1:black-dragon-wyrmling","黑龙雏龙","black-dragon-wyrmling","0","两栖","Amphibious","dm-adjudication","","false","non-combat-or-narrative","","",""
"srd-5.1:black-pudding","黑布丁","black-pudding","0","无定形","Amorphous","dm-adjudication","","false","non-combat-or-narrative","","",""
"srd-5.1:black-pudding","黑布丁","black-pudding","1","腐蚀形态","Corrosive Form","dm-adjudication","","true","combat-manual-gap","原文包含战斗效果但仍依赖 DM 裁定","",""
"srd-5.1:black-pudding","黑布丁","black-pudding","2","蛛行","Spider Climb","dm-adjudication","","false","exploration-manual-gap","","",""
"srd-5.1:blink-dog","闪现犬","blink-dog","0","敏锐听觉与嗅觉","Keen Hearing and Smell","dm-adjudication","","false","exploration-manual-gap","","",""
"srd-5.1:blood-hawk","血鹰","blood-hawk","0","敏锐视觉","Keen Sight","dm-adjudication","","false","exploration-manual-gap","","",""
"srd-5.1:blood-hawk","血鹰","blood-hawk","1","集群战术","Pack Tactics","headless","pack-tactics","true","verified-full","","src/rulesets/dnd5e/customMonsterWorkshop.ts | src/rulesets/dnd5e/monsterGenericAbilities.ts","src/rulesets/dnd5e/monsterGenericAbilities.test.ts | src/rulesets/dnd5e/monsters.test.ts | src/rulesets/dnd5e/monsterSchema.test.ts"
"srd-5.1:boar","野猪","boar","0","冲锋","Charge","headless","charge-damage","true","verified-full","","src/components/map/Dnd5eMonsterWorkshopDialog.tsx | src/components/map/monsterWorkshopReview.ts | src/pages/MapsWorkspacePage.tsx | src/rulesets/dnd5e/customMonsterWorkshop.ts | src/rulesets/dnd5e/headlessCombatEngine.ts | src/rulesets/dnd5e/monsterGenericAbilities.ts | src/rulesets/dnd5e/monsterStatBlockPaste.ts | src/rulesets/dnd5e/monsterTurnPlanner.ts | src/rulesets/dnd5e/monsterWorkshopAbilityTemplates.ts","src/rulesets/dnd5e/monsterAttackAction.test.ts | src/rulesets/dnd5e/monsterCatalogAttackTraitRuntime.test.ts | src/rulesets/dnd5e/customMonsterWorkshop.test.ts | src/rulesets/dnd5e/monsterWorkshopAbilityTemplates.test.ts"
"srd-5.1:boar","野猪","boar","1","坚韧不屈","Relentless","headless","relentless","true","verified-full","","src/components/map/Dnd5eMonsterWorkshopDialog.tsx | src/rulesets/dnd5e/customMonsterWorkshop.ts | src/rulesets/dnd5e/headlessCombatEngine.ts | src/rulesets/dnd5e/monsterWorkshopAbilityTemplates.ts","src/rulesets/dnd5e/monsterHeadlessCoverage.test.ts | src/rulesets/dnd5e/monsterRelentless.test.ts | src/store/characterTokenPresentation.test.ts | src/rulesets/dnd5e/monsterWorkshopAbilityTemplates.test.ts"
"srd-5.1:bone-devil","骨魔","bone-devil","0","魔鬼视界","Devil's Sight","dm-adjudication","","false","non-combat-or-narrative","","",""
"srd-5.1:bone-devil","骨魔","bone-devil","1","魔法抗性","Magic Resistance","headless","magic-resistance","true","verified-full","","src/components/map/Dnd5eMonsterWorkshopDialog.tsx | src/components/map/monsterWorkshopReview.ts | src/rulesets/dnd5e/customMonsterWorkshop.ts | src/rulesets/dnd5e/monsterGenericAbilities.ts | src/rulesets/dnd5e/monsterStatBlockPaste.ts | src/rulesets/dnd5e/monsterWorkshopAbilityTemplates.ts | src/rulesets/dnd5e/passiveDefenses.ts","src/rulesets/dnd5e/monsters.test.ts | src/components/map/Dnd5eMonsterAbilityTemplateLibrary.test.tsx | src/lib/combatResolutionTrace.test.ts | src/rulesets/dnd5e/customMonsterWorkshop.test.ts | src/rulesets/dnd5e/fleshGolemHeadless.test.ts | src/rulesets/dnd5e/monsterWorkshopAbilityTemplates.test.ts | src/rulesets/dnd5e/passiveDefenses.test.ts"
"srd-5.1:bronze-dragon-wyrmling","青铜龙雏龙","bronze-dragon-wyrmling","0","两栖","Amphibious","dm-adjudication","","false","non-combat-or-narrative","","",""
"srd-5.1:brown-bear","棕熊","brown-bear","0","敏锐嗅觉","Keen Smell","dm-adjudication","","false","exploration-manual-gap","","",""
"srd-5.1:bugbear","熊地精","bugbear","0","蛮力","Brute","dm-adjudication","","true","combat-manual-gap","原文包含战斗效果但仍依赖 DM 裁定","",""
"srd-5.1:bugbear","熊地精","bugbear","1","突袭攻击","Surprise Attack","headless","surprise-attack","true","verified-full","","src/components/map/Dnd5eMonsterWorkshopDialog.tsx | src/rulesets/dnd5e/customMonsterWorkshop.ts | src/rulesets/dnd5e/monsterGenericAbilities.ts | src/rulesets/dnd5e/monsterWorkshopAbilityTemplates.ts","src/rulesets/dnd5e/monsterTriggeredAttackTraits.test.ts | src/rulesets/dnd5e/monsterWorkshopAbilityTemplates.test.ts"
"srd-5.1:bulette","掘地鲨","bulette","0","立定跳跃","Standing Leap","dm-adjudication","","false","non-combat-or-narrative","","",""
"srd-5.1:cat","猫","cat","0","敏锐嗅觉","Keen Smell","dm-adjudication","","false","exploration-manual-gap","","",""
"srd-5.1:centaur","半人马","centaur","0","冲锋","Charge","headless","charge-damage","true","verified-full","","src/components/map/Dnd5eMonsterWorkshopDialog.tsx | src/components/map/monsterWorkshopReview.ts | src/pages/MapsWorkspacePage.tsx | src/rulesets/dnd5e/customMonsterWorkshop.ts | src/rulesets/dnd5e/headlessCombatEngine.ts | src/rulesets/dnd5e/monsterGenericAbilities.ts | src/rulesets/dnd5e/monsterStatBlockPaste.ts | src/rulesets/dnd5e/monsterTurnPlanner.ts | src/rulesets/dnd5e/monsterWorkshopAbilityTemplates.ts","src/rulesets/dnd5e/monsterCatalogAttackTraitRuntime.test.ts | src/rulesets/dnd5e/customMonsterWorkshop.test.ts | src/rulesets/dnd5e/monsterAttackAction.test.ts | src/rulesets/dnd5e/monsterWorkshopAbilityTemplates.test.ts"
"srd-5.1:chain-devil","锁链魔","chain-devil","0","魔鬼视界","Devil's Sight","dm-adjudication","","false","non-combat-or-narrative","","",""
"srd-5.1:chain-devil","锁链魔","chain-devil","1","魔法抗性","Magic Resistance","headless","magic-resistance","true","verified-full","","src/components/map/Dnd5eMonsterWorkshopDialog.tsx | src/components/map/monsterWorkshopReview.ts | src/rulesets/dnd5e/customMonsterWorkshop.ts | src/rulesets/dnd5e/monsterGenericAbilities.ts | src/rulesets/dnd5e/monsterStatBlockPaste.ts | src/rulesets/dnd5e/monsterWorkshopAbilityTemplates.ts | src/rulesets/dnd5e/passiveDefenses.ts","src/components/map/Dnd5eMonsterAbilityTemplateLibrary.test.tsx | src/lib/combatResolutionTrace.test.ts | src/rulesets/dnd5e/customMonsterWorkshop.test.ts | src/rulesets/dnd5e/fleshGolemHeadless.test.ts | src/rulesets/dnd5e/monsters.test.ts | src/rulesets/dnd5e/monsterWorkshopAbilityTemplates.test.ts | src/rulesets/dnd5e/passiveDefenses.test.ts"
"srd-5.1:chuul","楚尔异怪","chuul","0","两栖","Amphibious","dm-adjudication","","false","non-combat-or-narrative","","",""
"srd-5.1:chuul","楚尔异怪","chuul","1","感知魔法","Sense Magic","dm-adjudication","","false","exploration-manual-gap","","",""
"srd-5.1:clay-golem","黏土魔像","clay-golem","0","强酸吸收","Acid Absorption","dm-adjudication","","true","combat-manual-gap","原文包含战斗效果但仍依赖 DM 裁定","",""
"srd-5.1:clay-golem","黏土魔像","clay-golem","1","狂暴失控","Berserk","dm-adjudication","","true","combat-manual-gap","原文包含战斗效果但仍依赖 DM 裁定","",""
"srd-5.1:clay-golem","黏土魔像","clay-golem","2","不变形态","Immutable Form","dm-adjudication","","true","combat-manual-gap","原文包含战斗效果但仍依赖 DM 裁定","",""
"srd-5.1:clay-golem","黏土魔像","clay-golem","3","魔法抗性","Magic Resistance","headless","magic-resistance","true","verified-full","","src/components/map/Dnd5eMonsterWorkshopDialog.tsx | src/components/map/monsterWorkshopReview.ts | src/rulesets/dnd5e/customMonsterWorkshop.ts | src/rulesets/dnd5e/monsterGenericAbilities.ts | src/rulesets/dnd5e/monsterStatBlockPaste.ts | src/rulesets/dnd5e/monsterWorkshopAbilityTemplates.ts | src/rulesets/dnd5e/passiveDefenses.ts","src/components/map/Dnd5eMonsterAbilityTemplateLibrary.test.tsx | src/lib/combatResolutionTrace.test.ts | src/rulesets/dnd5e/customMonsterWorkshop.test.ts | src/rulesets/dnd5e/fleshGolemHeadless.test.ts | src/rulesets/dnd5e/monsters.test.ts | src/rulesets/dnd5e/monsterWorkshopAbilityTemplates.test.ts | src/rulesets/dnd5e/passiveDefenses.test.ts"
"srd-5.1:clay-golem","黏土魔像","clay-golem","4","魔法武器","Magic Weapons","headless","magic-weapons","true","verified-full","","src/components/map/Dnd5eMonsterWorkshopDialog.tsx | src/components/map/monsterWorkshopReview.ts | src/rulesets/dnd5e/customMonsterWorkshop.ts | src/rulesets/dnd5e/headlessCombatEngine.ts | src/rulesets/dnd5e/mapBridge.ts | src/rulesets/dnd5e/monsterGenericAbilities.ts | src/rulesets/dnd5e/monsterWorkshopAbilityTemplates.ts","src/rulesets/dnd5e/monsterGenericAbilities.test.ts | src/rulesets/dnd5e/combatSimulation.test.ts | src/rulesets/dnd5e/customMonsterWorkshop.test.ts | src/rulesets/dnd5e/fleshGolemHeadless.test.ts | src/rulesets/dnd5e/mapBridge.test.ts | src/rulesets/dnd5e/monsterTurnPlanner.test.ts | src/rulesets/dnd5e/monsterWorkshopAbilityTemplates.test.ts"
"srd-5.1:cloaker","披风怪","cloaker","0","伤害转移","Damage Transfer","dm-adjudication","","true","combat-manual-gap","原文包含战斗效果但仍依赖 DM 裁定","",""
"srd-5.1:cloaker","披风怪","cloaker","1","虚假外表","False Appearance","dm-adjudication","","false","excluded-narrative-transform","","",""
"srd-5.1:cloaker","披风怪","cloaker","2","畏光","Light Sensitivity","dm-adjudication","","true","combat-manual-gap","原文包含战斗效果但仍依赖 DM 裁定","",""
"srd-5.1:cloud-giant","云巨人","cloud-giant","0","敏锐嗅觉","Keen Smell","dm-adjudication","","false","exploration-manual-gap","","",""
"srd-5.1:cloud-giant","云巨人","cloud-giant","1","天生施法","Innate Spellcasting","dm-adjudication","","false","delegated-to-monster-spells","","",""
"srd-5.1:couatl","羽蛇","couatl","0","天生施法","Innate Spellcasting","dm-adjudication","","false","delegated-to-monster-spells","","",""
"srd-5.1:couatl","羽蛇","couatl","1","魔法武器","Magic Weapons","headless","magic-weapons","true","verified-full","","src/components/map/Dnd5eMonsterWorkshopDialog.tsx | src/components/map/monsterWorkshopReview.ts | src/rulesets/dnd5e/customMonsterWorkshop.ts | src/rulesets/dnd5e/headlessCombatEngine.ts | src/rulesets/dnd5e/mapBridge.ts | src/rulesets/dnd5e/monsterGenericAbilities.ts | src/rulesets/dnd5e/monsterWorkshopAbilityTemplates.ts","src/rulesets/dnd5e/combatSimulation.test.ts | src/rulesets/dnd5e/monsterGenericAbilities.test.ts | src/rulesets/dnd5e/monsterTurnPlanner.test.ts | src/rulesets/dnd5e/customMonsterWorkshop.test.ts | src/rulesets/dnd5e/fleshGolemHeadless.test.ts | src/rulesets/dnd5e/mapBridge.test.ts | src/rulesets/dnd5e/monsterWorkshopAbilityTemplates.test.ts"
"srd-5.1:couatl","羽蛇","couatl","2","心灵屏障","Shielded Mind","dm-adjudication","","true","combat-manual-gap","原文包含战斗效果但仍依赖 DM 裁定","",""
"srd-5.1:crab","螃蟹","crab","0","两栖","Amphibious","dm-adjudication","","false","non-combat-or-narrative","","",""
"srd-5.1:crocodile","鳄鱼","crocodile","0","屏息","Hold Breath","dm-adjudication","","false","non-combat-or-narrative","","",""
"srd-5.1:cult-fanatic","邪教狂信徒","cult-fanatic","0","黑暗奉献","Dark Devotion","dm-adjudication","","true","combat-manual-gap","原文包含战斗效果但仍依赖 DM 裁定","",""
"srd-5.1:cult-fanatic","邪教狂信徒","cult-fanatic","1","施法","Spellcasting","dm-adjudication","","true","delegated-to-monster-spells","","",""
"srd-5.1:cultist","邪教徒","cultist","0","黑暗奉献","Dark Devotion","dm-adjudication","","true","combat-manual-gap","原文包含战斗效果但仍依赖 DM 裁定","",""
"srd-5.1:darkmantle","暗幕怪","darkmantle","0","回声定位","Echolocation","dm-adjudication","","false","exploration-manual-gap","","",""
"srd-5.1:darkmantle","暗幕怪","darkmantle","1","虚假外表","False Appearance","dm-adjudication","","false","excluded-narrative-transform","","",""
"srd-5.1:death-dog","死亡犬","death-dog","0","双头生物","Two-Headed","dm-adjudication","","true","combat-manual-gap","原文包含战斗效果但仍依赖 DM 裁定","",""
"srd-5.1:deep-gnome-svirfneblin","地底侏儒（斯涅布力）","deep-gnome-svirfneblin","0","岩石伪装","Stone Camouflage","dm-adjudication","","false","exploration-manual-gap","","",""
"srd-5.1:deep-gnome-svirfneblin","地底侏儒（斯涅布力）","deep-gnome-svirfneblin","1","侏儒狡黠","Gnome Cunning","dm-adjudication","","true","combat-manual-gap","原文包含战斗效果但仍依赖 DM 裁定","",""
"srd-5.1:deep-gnome-svirfneblin","地底侏儒（斯涅布力）","deep-gnome-svirfneblin","2","天生施法","Innate Spellcasting","dm-adjudication","","false","delegated-to-monster-spells","","",""
"srd-5.1:deva","提婆","deva","0","天使武器","Angelic Weapons","headless","magic-weapons","true","verified-full","","src/components/map/Dnd5eMonsterWorkshopDialog.tsx | src/components/map/monsterWorkshopReview.ts | src/rulesets/dnd5e/customMonsterWorkshop.ts | src/rulesets/dnd5e/headlessCombatEngine.ts | src/rulesets/dnd5e/mapBridge.ts | src/rulesets/dnd5e/monsterGenericAbilities.ts | src/rulesets/dnd5e/monsterWorkshopAbilityTemplates.ts","src/rulesets/dnd5e/monsterGenericAbilities.test.ts | src/rulesets/dnd5e/combatSimulation.test.ts | src/rulesets/dnd5e/customMonsterWorkshop.test.ts | src/rulesets/dnd5e/fleshGolemHeadless.test.ts | src/rulesets/dnd5e/mapBridge.test.ts | src/rulesets/dnd5e/monsterTurnPlanner.test.ts | src/rulesets/dnd5e/monsterWorkshopAbilityTemplates.test.ts"
"srd-5.1:deva","提婆","deva","1","天生施法","Innate Spellcasting","dm-adjudication","","false","delegated-to-monster-spells","","",""
"srd-5.1:deva","提婆","deva","2","魔法抗性","Magic Resistance","headless","magic-resistance","true","verified-full","","src/components/map/Dnd5eMonsterWorkshopDialog.tsx | src/components/map/monsterWorkshopReview.ts | src/rulesets/dnd5e/customMonsterWorkshop.ts | src/rulesets/dnd5e/monsterGenericAbilities.ts | src/rulesets/dnd5e/monsterStatBlockPaste.ts | src/rulesets/dnd5e/monsterWorkshopAbilityTemplates.ts | src/rulesets/dnd5e/passiveDefenses.ts","src/components/map/Dnd5eMonsterAbilityTemplateLibrary.test.tsx | src/lib/combatResolutionTrace.test.ts | src/rulesets/dnd5e/customMonsterWorkshop.test.ts | src/rulesets/dnd5e/fleshGolemHeadless.test.ts | src/rulesets/dnd5e/monsters.test.ts | src/rulesets/dnd5e/monsterWorkshopAbilityTemplates.test.ts | src/rulesets/dnd5e/passiveDefenses.test.ts"
"srd-5.1:dire-wolf","恐狼","dire-wolf","0","敏锐听觉与嗅觉","Keen Hearing and Smell","dm-adjudication","","false","exploration-manual-gap","","",""
"srd-5.1:dire-wolf","恐狼","dire-wolf","1","集群战术","Pack Tactics","headless","pack-tactics","true","verified-full","","src/rulesets/dnd5e/customMonsterWorkshop.ts | src/rulesets/dnd5e/monsterGenericAbilities.ts","src/rulesets/dnd5e/monsters.test.ts | src/rulesets/dnd5e/monsterGenericAbilities.test.ts | src/rulesets/dnd5e/monsterSchema.test.ts"
"srd-5.1:djinni","气巨灵","djinni","0","元素消亡","Elemental Demise","dm-adjudication","","true","combat-manual-gap","原文包含战斗效果但仍依赖 DM 裁定","",""
"srd-5.1:djinni","气巨灵","djinni","1","天生施法","Innate Spellcasting","dm-adjudication","","true","delegated-to-monster-spells","","",""
"srd-5.1:doppelganger","变形怪","doppelganger","0","变形生物","Shapechanger","dm-adjudication","","true","excluded-narrative-transform","","",""
"srd-5.1:doppelganger","变形怪","doppelganger","1","伏击者","Ambusher","headless","ambusher-attack-advantage","true","verified-full","","src/rulesets/dnd5e/monsterGenericAbilities.ts","src/rulesets/dnd5e/monsterTriggeredAttackTraits.test.ts"
"srd-5.1:doppelganger","变形怪","doppelganger","2","突袭攻击","Surprise Attack","headless","surprise-attack","true","verified-full","","src/components/map/Dnd5eMonsterWorkshopDialog.tsx | src/rulesets/dnd5e/customMonsterWorkshop.ts | src/rulesets/dnd5e/monsterGenericAbilities.ts | src/rulesets/dnd5e/monsterWorkshopAbilityTemplates.ts","src/rulesets/dnd5e/monsterTriggeredAttackTraits.test.ts | src/rulesets/dnd5e/monsterWorkshopAbilityTemplates.test.ts"
"srd-5.1:dragon-turtle","龙龟","dragon-turtle","0","两栖","Amphibious","dm-adjudication","","false","non-combat-or-narrative","","",""
"srd-5.1:drider","蛛化精灵","drider","0","精类血统","Fey Ancestry","dm-adjudication","","true","combat-manual-gap","原文包含战斗效果但仍依赖 DM 裁定","",""
"srd-5.1:drider","蛛化精灵","drider","1","天生施法","Innate Spellcasting","dm-adjudication","","false","delegated-to-monster-spells","","",""
"srd-5.1:drider","蛛化精灵","drider","2","蛛行","Spider Climb","dm-adjudication","","false","exploration-manual-gap","","",""
"srd-5.1:drider","蛛化精灵","drider","3","阳光敏感","Sunlight Sensitivity","dm-adjudication","","true","combat-manual-gap","原文包含战斗效果但仍依赖 DM 裁定","",""
"srd-5.1:drider","蛛化精灵","drider","4","蛛网行者","Web Walker","dm-adjudication","","false","non-combat-or-narrative","","",""
"srd-5.1:drow","卓尔","drow","0","精类血统","Fey Ancestry","dm-adjudication","","true","combat-manual-gap","原文包含战斗效果但仍依赖 DM 裁定","","src/rulesets/dnd5e/mapBridge.test.ts"
"srd-5.1:drow","卓尔","drow","1","天生施法","Innate Spellcasting","dm-adjudication","","false","delegated-to-monster-spells","","",""
"srd-5.1:drow","卓尔","drow","2","阳光敏感","Sunlight Sensitivity","dm-adjudication","","true","combat-manual-gap","原文包含战斗效果但仍依赖 DM 裁定","",""
"srd-5.1:druid","德鲁伊","druid","0","施法","Spellcasting","dm-adjudication","","true","delegated-to-monster-spells","","","src/rulesets/dnd5e/mapBridge.test.ts | src/rulesets/dnd5e/passiveDefenses.test.ts"
"srd-5.1:dryad","树精","dryad","0","天生施法","Innate Spellcasting","dm-adjudication","","false","delegated-to-monster-spells","","",""
"srd-5.1:dryad","树精","dryad","1","魔法抗性","Magic Resistance","headless","magic-resistance","true","verified-full","","src/components/map/Dnd5eMonsterWorkshopDialog.tsx | src/components/map/monsterWorkshopReview.ts | src/rulesets/dnd5e/customMonsterWorkshop.ts | src/rulesets/dnd5e/monsterGenericAbilities.ts | src/rulesets/dnd5e/monsterStatBlockPaste.ts | src/rulesets/dnd5e/monsterWorkshopAbilityTemplates.ts | src/rulesets/dnd5e/passiveDefenses.ts","src/components/map/Dnd5eMonsterAbilityTemplateLibrary.test.tsx | src/lib/combatResolutionTrace.test.ts | src/rulesets/dnd5e/customMonsterWorkshop.test.ts | src/rulesets/dnd5e/fleshGolemHeadless.test.ts | src/rulesets/dnd5e/monsters.test.ts | src/rulesets/dnd5e/monsterWorkshopAbilityTemplates.test.ts | src/rulesets/dnd5e/passiveDefenses.test.ts"
"srd-5.1:dryad","树精","dryad","2","与动植物交谈","Speak with Beasts and Plants","dm-adjudication","","false","non-combat-or-narrative","","",""
"srd-5.1:dryad","树精","dryad","3","树跃","Tree Stride","dm-adjudication","","true","combat-manual-gap","原文包含战斗效果但仍依赖 DM 裁定","",""
"srd-5.1:duergar","灰矮人","duergar","0","灰矮人韧性","Duergar Resilience","dm-adjudication","","true","combat-manual-gap","原文包含战斗效果但仍依赖 DM 裁定","",""
"srd-5.1:duergar","灰矮人","duergar","1","阳光敏感","Sunlight Sensitivity","dm-adjudication","","true","combat-manual-gap","原文包含战斗效果但仍依赖 DM 裁定","",""
"srd-5.1:dust-mephit","尘土魔蝠","dust-mephit","0","死亡爆裂","Death Burst","headless","death-area-saving-throw","true","verified-full","","src/pages/maps/settleDnd5eCombatResult.ts | src/rulesets/dnd5e/combatSimulation.ts | src/rulesets/dnd5e/headlessCombatEngine.ts","src/rulesets/dnd5e/monsterDeathAreaAndUnnervingMaskCatalog.test.ts | src/rulesets/dnd5e/monsterDeathAreaRuntime.test.ts"
"srd-5.1:dust-mephit","尘土魔蝠","dust-mephit","1","天生施法","Innate Spellcasting","dm-adjudication","","false","delegated-to-monster-spells","","",""
"srd-5.1:eagle","鹰","eagle","0","敏锐视觉","Keen Sight","dm-adjudication","","false","exploration-manual-gap","","",""
"srd-5.1:earth-elemental","土元素","earth-elemental","0","土遁","Earth Glide","dm-adjudication","","false","non-combat-or-narrative","","",""
"srd-5.1:earth-elemental","土元素","earth-elemental","1","攻城怪物","Siege Monster","dm-adjudication","","true","combat-manual-gap","原文包含战斗效果但仍依赖 DM 裁定","",""
"srd-5.1:efreeti","火巨灵","efreeti","0","元素消亡","Elemental Demise","dm-adjudication","","true","combat-manual-gap","原文包含战斗效果但仍依赖 DM 裁定","",""
"srd-5.1:efreeti","火巨灵","efreeti","1","天生施法","Innate Spellcasting","dm-adjudication","","true","delegated-to-monster-spells","","",""
"srd-5.1:elephant","大象","elephant","0","践踏冲锋","Trampling Charge","headless","charge-damage","true","verified-full","","src/components/map/Dnd5eMonsterWorkshopDialog.tsx | src/components/map/monsterWorkshopReview.ts | src/pages/MapsWorkspacePage.tsx | src/rulesets/dnd5e/customMonsterWorkshop.ts | src/rulesets/dnd5e/headlessCombatEngine.ts | src/rulesets/dnd5e/monsterGenericAbilities.ts | src/rulesets/dnd5e/monsterStatBlockPaste.ts | src/rulesets/dnd5e/monsterTurnPlanner.ts | src/rulesets/dnd5e/monsterWorkshopAbilityTemplates.ts","src/rulesets/dnd5e/monsterCatalogAttackTraitRuntime.test.ts | src/rulesets/dnd5e/customMonsterWorkshop.test.ts | src/rulesets/dnd5e/monsterAttackAction.test.ts | src/rulesets/dnd5e/monsterWorkshopAbilityTemplates.test.ts"
"srd-5.1:elk","麋鹿","elk","0","冲锋","Charge","headless","charge-damage","true","verified-full","","src/components/map/Dnd5eMonsterWorkshopDialog.tsx | src/components/map/monsterWorkshopReview.ts | src/pages/MapsWorkspacePage.tsx | src/rulesets/dnd5e/customMonsterWorkshop.ts | src/rulesets/dnd5e/headlessCombatEngine.ts | src/rulesets/dnd5e/monsterGenericAbilities.ts | src/rulesets/dnd5e/monsterStatBlockPaste.ts | src/rulesets/dnd5e/monsterTurnPlanner.ts | src/rulesets/dnd5e/monsterWorkshopAbilityTemplates.ts","src/rulesets/dnd5e/monsterCatalogAttackTraitRuntime.test.ts | src/rulesets/dnd5e/customMonsterWorkshop.test.ts | src/rulesets/dnd5e/monsterAttackAction.test.ts | src/rulesets/dnd5e/monsterWorkshopAbilityTemplates.test.ts"
"srd-5.1:erinyes","欲魔","erinyes","0","地狱武器","Hellish Weapons","headless","magic-weapons","true","verified-full","","src/components/map/Dnd5eMonsterWorkshopDialog.tsx | src/components/map/monsterWorkshopReview.ts | src/rulesets/dnd5e/customMonsterWorkshop.ts | src/rulesets/dnd5e/headlessCombatEngine.ts | src/rulesets/dnd5e/mapBridge.ts | src/rulesets/dnd5e/monsterGenericAbilities.ts | src/rulesets/dnd5e/monsterWorkshopAbilityTemplates.ts","src/rulesets/dnd5e/monsterGenericAbilities.test.ts | src/rulesets/dnd5e/combatSimulation.test.ts | src/rulesets/dnd5e/customMonsterWorkshop.test.ts | src/rulesets/dnd5e/fleshGolemHeadless.test.ts | src/rulesets/dnd5e/mapBridge.test.ts | src/rulesets/dnd5e/monsterTurnPlanner.test.ts | src/rulesets/dnd5e/monsterWorkshopAbilityTemplates.test.ts"
"srd-5.1:erinyes","欲魔","erinyes","1","魔法抗性","Magic Resistance","headless","magic-resistance","true","verified-full","","src/components/map/Dnd5eMonsterWorkshopDialog.tsx | src/components/map/monsterWorkshopReview.ts | src/rulesets/dnd5e/customMonsterWorkshop.ts | src/rulesets/dnd5e/monsterGenericAbilities.ts | src/rulesets/dnd5e/monsterStatBlockPaste.ts | src/rulesets/dnd5e/monsterWorkshopAbilityTemplates.ts | src/rulesets/dnd5e/passiveDefenses.ts","src/components/map/Dnd5eMonsterAbilityTemplateLibrary.test.tsx | src/lib/combatResolutionTrace.test.ts | src/rulesets/dnd5e/customMonsterWorkshop.test.ts | src/rulesets/dnd5e/fleshGolemHeadless.test.ts | src/rulesets/dnd5e/monsters.test.ts | src/rulesets/dnd5e/monsterWorkshopAbilityTemplates.test.ts | src/rulesets/dnd5e/passiveDefenses.test.ts"
"srd-5.1:ettercap","蜘蛛人","ettercap","0","蛛行","Spider Climb","dm-adjudication","","false","exploration-manual-gap","","",""
"srd-5.1:ettercap","蜘蛛人","ettercap","1","蛛网感知","Web Sense","dm-adjudication","","false","non-combat-or-narrative","","",""
"srd-5.1:ettercap","蜘蛛人","ettercap","2","蛛网行者","Web Walker","dm-adjudication","","false","non-combat-or-narrative","","",""
"srd-5.1:ettin","双头巨人","ettin","0","双头","Two Heads","dm-adjudication","","true","combat-manual-gap","原文包含战斗效果但仍依赖 DM 裁定","",""
"srd-5.1:ettin","双头巨人","ettin","1","警醒","Wakeful","dm-adjudication","","false","non-combat-or-narrative","","",""
"srd-5.1:fire-elemental","火元素","fire-elemental","0","火焰形态","Fire Form","dm-adjudication","","true","combat-manual-gap","原文包含战斗效果但仍依赖 DM 裁定","",""
"srd-5.1:fire-elemental","火元素","fire-elemental","1","照明","Illumination","dm-adjudication","","false","non-combat-or-narrative","","",""
"srd-5.1:fire-elemental","火元素","fire-elemental","2","畏水","Water Susceptibility","dm-adjudication","","true","combat-manual-gap","原文包含战斗效果但仍依赖 DM 裁定","",""
"srd-5.1:flesh-golem","血肉魔像","flesh-golem","0","狂暴失控","Berserk","headless","berserk","true","verified-full","","src/rulesets/dnd5e/monsterGenericAbilities.ts | src/rulesets/dnd5e/tokenStatusMarkers.ts","src/components/map/EnemyDetailPanel.test.tsx | src/pages/maps/monsterStatusTokenMarks.test.ts | src/pages/maps/monsterTurnEventLog.test.ts | src/rulesets/dnd5e/fleshGolemHeadless.test.ts | src/rulesets/dnd5e/tokenStatusMarkers.test.ts | src/store/characterTokenPresentation.test.ts | src/store/roomCommands.test.ts"
"srd-5.1:flesh-golem","血肉魔像","flesh-golem","1","畏火","Aversion of Fire","headless","damage-aversion","true","verified-full","","src/pages/maps/monsterStatusTokenMarks.ts | src/rulesets/dnd5e/monsterGenericAbilities.ts | src/rulesets/dnd5e/tokenStatusMarkers.ts","src/components/map/EnemyDetailPanel.test.tsx | src/pages/maps/monsterStatusTokenMarks.test.ts | src/rulesets/dnd5e/fleshGolemHeadless.test.ts | src/rulesets/dnd5e/tokenStatusMarkers.test.ts | src/store/roomCommands.test.ts"
"srd-5.1:flesh-golem","血肉魔像","flesh-golem","2","不变形态","Immutable Form","headless","immutable-form","true","verified-full","","src/rulesets/dnd5e/monsterGenericAbilities.ts","src/rulesets/dnd5e/fleshGolemHeadless.test.ts"
"srd-5.1:flesh-golem","血肉魔像","flesh-golem","3","闪电吸收","Lightning Absorption","headless","damage-absorption","true","verified-full","","src/rulesets/dnd5e/monsterGenericAbilities.ts","src/rulesets/dnd5e/fleshGolemHeadless.test.ts"
"srd-5.1:flesh-golem","血肉魔像","flesh-golem","4","魔法抗性","Magic Resistance","headless","magic-resistance","true","verified-full","","src/components/map/Dnd5eMonsterWorkshopDialog.tsx | src/components/map/monsterWorkshopReview.ts | src/rulesets/dnd5e/customMonsterWorkshop.ts | src/rulesets/dnd5e/monsterGenericAbilities.ts | src/rulesets/dnd5e/monsterStatBlockPaste.ts | src/rulesets/dnd5e/monsterWorkshopAbilityTemplates.ts | src/rulesets/dnd5e/passiveDefenses.ts","src/rulesets/dnd5e/combatPersistentSpellBatch.test.ts | src/rulesets/dnd5e/fleshGolemHeadless.test.ts | src/components/map/Dnd5eMonsterAbilityTemplateLibrary.test.tsx | src/lib/combatResolutionTrace.test.ts | src/rulesets/dnd5e/customMonsterWorkshop.test.ts | src/rulesets/dnd5e/monsters.test.ts | src/rulesets/dnd5e/monsterWorkshopAbilityTemplates.test.ts | src/rulesets/dnd5e/passiveDefenses.test.ts"
"srd-5.1:flesh-golem","血肉魔像","flesh-golem","5","魔法武器","Magic Weapons","headless","magic-weapons","true","verified-full","","src/components/map/Dnd5eMonsterWorkshopDialog.tsx | src/components/map/monsterWorkshopReview.ts | src/rulesets/dnd5e/customMonsterWorkshop.ts | src/rulesets/dnd5e/headlessCombatEngine.ts | src/rulesets/dnd5e/mapBridge.ts | src/rulesets/dnd5e/monsterGenericAbilities.ts | src/rulesets/dnd5e/monsterWorkshopAbilityTemplates.ts","src/lib/combatLogDetails.test.ts | src/rulesets/dnd5e/fleshGolemHeadless.test.ts | src/rulesets/dnd5e/monsterGenericAbilities.test.ts | src/rulesets/dnd5e/combatSimulation.test.ts | src/rulesets/dnd5e/customMonsterWorkshop.test.ts | src/rulesets/dnd5e/mapBridge.test.ts | src/rulesets/dnd5e/monsterTurnPlanner.test.ts | src/rulesets/dnd5e/monsterWorkshopAbilityTemplates.test.ts"
"srd-5.1:flying-snake","飞蛇","flying-snake","0","掠飞","Flyby","headless","flyby","true","verified-full","","src/rulesets/dnd5e/monsterGenericAbilities.ts","src/rulesets/dnd5e/flyingSnakeHeadless.test.ts | src/store/characterTokenPresentation.test.ts | src/rulesets/dnd5e/monsterWorkshopAbilityTemplates.test.ts"
"srd-5.1:flying-sword","飞剑","flying-sword","0","反魔法易感","Antimagic Susceptibility","dm-adjudication","","true","combat-manual-gap","原文包含战斗效果但仍依赖 DM 裁定","",""
"srd-5.1:flying-sword","飞剑","flying-sword","1","虚假外表","False Appearance","dm-adjudication","","false","excluded-narrative-transform","","",""
"srd-5.1:frog","青蛙","frog","0","两栖","Amphibious","dm-adjudication","","false","non-combat-or-narrative","","",""
"srd-5.1:frog","青蛙","frog","1","立定跳跃","Standing Leap","dm-adjudication","","false","non-combat-or-narrative","","",""
"srd-5.1:gargoyle","石像鬼","gargoyle","0","虚假外表","False Appearance","dm-adjudication","","false","excluded-narrative-transform","","",""
"srd-5.1:gelatinous-cube","胶质立方怪","gelatinous-cube","0","泥怪立方","Ooze Cube","dm-adjudication","","true","combat-manual-gap","原文包含战斗效果但仍依赖 DM 裁定","",""
"srd-5.1:gelatinous-cube","胶质立方怪","gelatinous-cube","1","透明","Transparent","dm-adjudication","","true","combat-manual-gap","原文包含战斗效果但仍依赖 DM 裁定","",""
"srd-5.1:ghast","尸妖","ghast","0","恶臭","Stench","headless","turn-start-saving-throw-aura","true","verified-full","","src/components/rules/Dnd5eCustomPluginBuilder.tsx | src/rulesets/dnd5e/activities/dnd5eActivityValidation.ts | src/rulesets/dnd5e/customMonsterWorkshop.ts | src/rulesets/dnd5e/declarativeSubclassAbility.ts | src/rulesets/dnd5e/headlessCombatEngine.ts | src/rulesets/dnd5e/monsterWorkshopAbilityTemplates.ts","src/rulesets/dnd5e/monsterTurnStartAuraHeadless.test.ts | src/rulesets/dnd5e/monsterWorkshopAbilityTemplates.test.ts | src/rulesets/dnd5e/turnStartSavingThrowAura.test.ts"
"srd-5.1:ghast","尸妖","ghast","1","抗拒驱散","Turn Defiance","dm-adjudication","","true","combat-manual-gap","原文包含战斗效果但仍依赖 DM 裁定","",""
"srd-5.1:ghost","幽灵","ghost","0","以太视觉","Ethereal Sight","dm-adjudication","","false","non-combat-or-narrative","","",""
"srd-5.1:ghost","幽灵","ghost","1","虚体移动","Incorporeal Movement","dm-adjudication","","true","combat-manual-gap","原文包含战斗效果但仍依赖 DM 裁定","",""
"srd-5.1:giant-badger","巨獾","giant-badger","0","敏锐嗅觉","Keen Smell","dm-adjudication","","false","exploration-manual-gap","","",""
"srd-5.1:giant-bat","巨型蝙蝠","giant-bat","0","回声定位","Echolocation","dm-adjudication","","false","exploration-manual-gap","","",""
"srd-5.1:giant-bat","巨型蝙蝠","giant-bat","1","敏锐听觉","Keen Hearing","dm-adjudication","","false","exploration-manual-gap","","",""
"srd-5.1:giant-boar","巨型野猪","giant-boar","0","冲锋","Charge","headless","charge-damage","true","verified-full","","src/components/map/Dnd5eMonsterWorkshopDialog.tsx | src/components/map/monsterWorkshopReview.ts | src/pages/MapsWorkspacePage.tsx | src/rulesets/dnd5e/customMonsterWorkshop.ts | src/rulesets/dnd5e/headlessCombatEngine.ts | src/rulesets/dnd5e/monsterGenericAbilities.ts | src/rulesets/dnd5e/monsterStatBlockPaste.ts | src/rulesets/dnd5e/monsterTurnPlanner.ts | src/rulesets/dnd5e/monsterWorkshopAbilityTemplates.ts","src/rulesets/dnd5e/monsterCatalogAttackTraitRuntime.test.ts | src/rulesets/dnd5e/customMonsterWorkshop.test.ts | src/rulesets/dnd5e/monsterAttackAction.test.ts | src/rulesets/dnd5e/monsterWorkshopAbilityTemplates.test.ts"
"srd-5.1:giant-boar","巨型野猪","giant-boar","1","坚韧不屈","Relentless","headless","relentless","true","verified-full","","src/components/map/Dnd5eMonsterWorkshopDialog.tsx | src/rulesets/dnd5e/customMonsterWorkshop.ts | src/rulesets/dnd5e/headlessCombatEngine.ts | src/rulesets/dnd5e/monsterWorkshopAbilityTemplates.ts","src/rulesets/dnd5e/monsterHeadlessCoverage.test.ts | src/rulesets/dnd5e/monsterRelentless.test.ts | src/store/characterTokenPresentation.test.ts | src/rulesets/dnd5e/monsterWorkshopAbilityTemplates.test.ts"
"srd-5.1:giant-crab","巨蟹","giant-crab","0","两栖","Amphibious","dm-adjudication","","false","non-combat-or-narrative","","",""
"srd-5.1:giant-crocodile","巨型鳄鱼","giant-crocodile","0","屏息","Hold Breath","dm-adjudication","","false","non-combat-or-narrative","","",""
"srd-5.1:giant-eagle","巨鹰","giant-eagle","0","敏锐视觉","Keen Sight","dm-adjudication","","false","exploration-manual-gap","","",""
"srd-5.1:giant-elk","巨鹿","giant-elk","0","冲锋","Charge","headless","charge-damage","true","verified-full","","src/components/map/Dnd5eMonsterWorkshopDialog.tsx | src/components/map/monsterWorkshopReview.ts | src/pages/MapsWorkspacePage.tsx | src/rulesets/dnd5e/customMonsterWorkshop.ts | src/rulesets/dnd5e/headlessCombatEngine.ts | src/rulesets/dnd5e/monsterGenericAbilities.ts | src/rulesets/dnd5e/monsterStatBlockPaste.ts | src/rulesets/dnd5e/monsterTurnPlanner.ts | src/rulesets/dnd5e/monsterWorkshopAbilityTemplates.ts","src/rulesets/dnd5e/monsterCatalogAttackTraitRuntime.test.ts | src/rulesets/dnd5e/customMonsterWorkshop.test.ts | src/rulesets/dnd5e/monsterAttackAction.test.ts | src/rulesets/dnd5e/monsterWorkshopAbilityTemplates.test.ts"
"srd-5.1:giant-fire-beetle","巨型火甲虫","giant-fire-beetle","0","照明","Illumination","dm-adjudication","","false","non-combat-or-narrative","","",""
"srd-5.1:giant-frog","巨蛙","giant-frog","0","两栖","Amphibious","dm-adjudication","","false","non-combat-or-narrative","","",""
"srd-5.1:giant-frog","巨蛙","giant-frog","1","立定跳跃","Standing Leap","dm-adjudication","","false","non-combat-or-narrative","","",""
"srd-5.1:giant-goat","巨型山羊","giant-goat","0","冲锋","Charge","headless","charge-damage","true","verified-full","","src/components/map/Dnd5eMonsterWorkshopDialog.tsx | src/components/map/monsterWorkshopReview.ts | src/pages/MapsWorkspacePage.tsx | src/rulesets/dnd5e/customMonsterWorkshop.ts | src/rulesets/dnd5e/headlessCombatEngine.ts | src/rulesets/dnd5e/monsterGenericAbilities.ts | src/rulesets/dnd5e/monsterStatBlockPaste.ts | src/rulesets/dnd5e/monsterTurnPlanner.ts | src/rulesets/dnd5e/monsterWorkshopAbilityTemplates.ts","src/rulesets/dnd5e/monsterCatalogAttackTraitRuntime.test.ts | src/rulesets/dnd5e/customMonsterWorkshop.test.ts | src/rulesets/dnd5e/monsterAttackAction.test.ts | src/rulesets/dnd5e/monsterWorkshopAbilityTemplates.test.ts"
"srd-5.1:giant-goat","巨型山羊","giant-goat","1","稳步","Sure-Footed","dm-adjudication","","true","combat-manual-gap","原文包含战斗效果但仍依赖 DM 裁定","",""
"srd-5.1:giant-hyena","巨型鬣狗","giant-hyena","0","横冲直撞","Rampage","dm-adjudication","","true","combat-manual-gap","原文包含战斗效果但仍依赖 DM 裁定","",""
"srd-5.1:giant-octopus","巨型章鱼","giant-octopus","0","屏息","Hold Breath","dm-adjudication","","false","non-combat-or-narrative","","",""
"srd-5.1:giant-octopus","巨型章鱼","giant-octopus","1","水下伪装","Underwater Camouflage","dm-adjudication","","false","exploration-manual-gap","","",""
"srd-5.1:giant-octopus","巨型章鱼","giant-octopus","2","水下呼吸","Water Breathing","dm-adjudication","","false","non-combat-or-narrative","","",""
"srd-5.1:giant-owl","巨枭","giant-owl","0","掠飞","Flyby","headless","flyby","true","verified-full","","src/rulesets/dnd5e/monsterGenericAbilities.ts","src/rulesets/dnd5e/flyingSnakeHeadless.test.ts | src/store/characterTokenPresentation.test.ts | src/rulesets/dnd5e/monsterWorkshopAbilityTemplates.test.ts"
"srd-5.1:giant-owl","巨枭","giant-owl","1","敏锐听觉与视觉","Keen Hearing and Sight","dm-adjudication","","false","exploration-manual-gap","","",""
"srd-5.1:giant-rat","巨鼠","giant-rat","0","敏锐嗅觉","Keen Smell","dm-adjudication","","false","exploration-manual-gap","","",""
"srd-5.1:giant-rat","巨鼠","giant-rat","1","集群战术","Pack Tactics","headless","pack-tactics","true","verified-full","","src/rulesets/dnd5e/customMonsterWorkshop.ts | src/rulesets/dnd5e/monsterGenericAbilities.ts","src/rulesets/dnd5e/combatSimulation.test.ts | src/rulesets/dnd5e/monsters.test.ts | src/rulesets/dnd5e/monsterSchema.test.ts | src/rulesets/dnd5e/monsterTurnPlanner.test.ts | src/rulesets/dnd5e/monsterGenericAbilities.test.ts"
"srd-5.1:giant-rat-diseased","染病巨鼠","giant-rat-diseased","0","敏锐嗅觉","Keen Smell","dm-adjudication","","false","exploration-manual-gap","","",""
"srd-5.1:giant-rat-diseased","染病巨鼠","giant-rat-diseased","1","集群战术","Pack Tactics","headless","pack-tactics","true","verified-full","","src/rulesets/dnd5e/customMonsterWorkshop.ts | src/rulesets/dnd5e/monsterGenericAbilities.ts","src/rulesets/dnd5e/monsterGenericAbilities.test.ts | src/rulesets/dnd5e/monsters.test.ts | src/rulesets/dnd5e/monsterSchema.test.ts"
"srd-5.1:giant-sea-horse","巨型海马","giant-sea-horse","0","冲锋","Charge","headless","charge-damage","true","verified-full","","src/components/map/Dnd5eMonsterWorkshopDialog.tsx | src/components/map/monsterWorkshopReview.ts | src/pages/MapsWorkspacePage.tsx | src/rulesets/dnd5e/customMonsterWorkshop.ts | src/rulesets/dnd5e/headlessCombatEngine.ts | src/rulesets/dnd5e/monsterGenericAbilities.ts | src/rulesets/dnd5e/monsterStatBlockPaste.ts | src/rulesets/dnd5e/monsterTurnPlanner.ts | src/rulesets/dnd5e/monsterWorkshopAbilityTemplates.ts","src/rulesets/dnd5e/monsterCatalogAttackTraitRuntime.test.ts | src/rulesets/dnd5e/customMonsterWorkshop.test.ts | src/rulesets/dnd5e/monsterAttackAction.test.ts | src/rulesets/dnd5e/monsterWorkshopAbilityTemplates.test.ts"
"srd-5.1:giant-sea-horse","巨型海马","giant-sea-horse","1","水下呼吸","Water Breathing","dm-adjudication","","false","non-combat-or-narrative","","",""
"srd-5.1:giant-shark","巨鲨","giant-shark","0","嗜血狂暴","Blood Frenzy","headless","blood-frenzy","true","verified-full","","src/rulesets/dnd5e/monsterGenericAbilities.ts","src/rulesets/dnd5e/monsterTriggeredAttackTraits.test.ts | src/store/characterTokenPresentation.test.ts"
"srd-5.1:giant-shark","巨鲨","giant-shark","1","水下呼吸","Water Breathing","dm-adjudication","","false","non-combat-or-narrative","","",""
"srd-5.1:giant-spider","巨型蜘蛛","giant-spider","0","蛛行","Spider Climb","dm-adjudication","","false","exploration-manual-gap","","",""
"srd-5.1:giant-spider","巨型蜘蛛","giant-spider","1","蛛网感知","Web Sense","dm-adjudication","","false","non-combat-or-narrative","","",""
"srd-5.1:giant-spider","巨型蜘蛛","giant-spider","2","蛛网行者","Web Walker","dm-adjudication","","false","non-combat-or-narrative","","",""
"srd-5.1:giant-toad","巨蟾蜍","giant-toad","0","两栖","Amphibious","dm-adjudication","","false","non-combat-or-narrative","","",""
"srd-5.1:giant-toad","巨蟾蜍","giant-toad","1","立定跳跃","Standing Leap","dm-adjudication","","false","non-combat-or-narrative","","",""
"srd-5.1:giant-vulture","巨型秃鹫","giant-vulture","0","敏锐视觉与嗅觉","Keen Sight and Smell","dm-adjudication","","false","exploration-manual-gap","","",""
"srd-5.1:giant-vulture","巨型秃鹫","giant-vulture","1","集群战术","Pack Tactics","headless","pack-tactics","true","verified-full","","src/rulesets/dnd5e/customMonsterWorkshop.ts | src/rulesets/dnd5e/monsterGenericAbilities.ts","src/rulesets/dnd5e/monsterGenericAbilities.test.ts | src/rulesets/dnd5e/monsters.test.ts | src/rulesets/dnd5e/monsterSchema.test.ts"
"srd-5.1:giant-weasel","巨型鼬","giant-weasel","0","敏锐听觉与嗅觉","Keen Hearing and Smell","dm-adjudication","","false","exploration-manual-gap","","",""
"srd-5.1:giant-wolf-spider","巨型狼蛛","giant-wolf-spider","0","蛛行","Spider Climb","dm-adjudication","","false","exploration-manual-gap","","",""
"srd-5.1:giant-wolf-spider","巨型狼蛛","giant-wolf-spider","1","蛛网感知","Web Sense","dm-adjudication","","false","non-combat-or-narrative","","",""
"srd-5.1:giant-wolf-spider","巨型狼蛛","giant-wolf-spider","2","蛛网行者","Web Walker","dm-adjudication","","false","non-combat-or-narrative","","",""
"srd-5.1:gibbering-mouther","喋喋不休怪","gibbering-mouther","0","异变地面","Aberrant Ground","dm-adjudication","","true","combat-manual-gap","原文包含战斗效果但仍依赖 DM 裁定","",""
"srd-5.1:gibbering-mouther","喋喋不休怪","gibbering-mouther","1","胡言乱语","Gibbering","dm-adjudication","","true","combat-manual-gap","原文包含战斗效果但仍依赖 DM 裁定","",""
"srd-5.1:glabrezu","格拉兹特魔","glabrezu","0","天生施法","Innate Spellcasting","dm-adjudication","","false","delegated-to-monster-spells","","",""
"srd-5.1:glabrezu","格拉兹特魔","glabrezu","1","魔法抗性","Magic Resistance","headless","magic-resistance","true","verified-full","","src/components/map/Dnd5eMonsterWorkshopDialog.tsx | src/components/map/monsterWorkshopReview.ts | src/rulesets/dnd5e/customMonsterWorkshop.ts | src/rulesets/dnd5e/monsterGenericAbilities.ts | src/rulesets/dnd5e/monsterStatBlockPaste.ts | src/rulesets/dnd5e/monsterWorkshopAbilityTemplates.ts | src/rulesets/dnd5e/passiveDefenses.ts","src/components/map/Dnd5eMonsterAbilityTemplateLibrary.test.tsx | src/lib/combatResolutionTrace.test.ts | src/rulesets/dnd5e/customMonsterWorkshop.test.ts | src/rulesets/dnd5e/fleshGolemHeadless.test.ts | src/rulesets/dnd5e/monsters.test.ts | src/rulesets/dnd5e/monsterWorkshopAbilityTemplates.test.ts | src/rulesets/dnd5e/passiveDefenses.test.ts"
"srd-5.1:gladiator","角斗士","gladiator","0","勇敢","Brave","dm-adjudication","","true","combat-manual-gap","原文包含战斗效果但仍依赖 DM 裁定","",""
"srd-5.1:gladiator","角斗士","gladiator","1","蛮力","Brute","dm-adjudication","","true","combat-manual-gap","原文包含战斗效果但仍依赖 DM 裁定","",""
"srd-5.1:gnoll","豺狼人","gnoll","0","横冲直撞","Rampage","dm-adjudication","","true","combat-manual-gap","原文包含战斗效果但仍依赖 DM 裁定","",""
"srd-5.1:goat","山羊","goat","0","冲锋","Charge","headless","charge-damage","true","verified-full","","src/components/map/Dnd5eMonsterWorkshopDialog.tsx | src/components/map/monsterWorkshopReview.ts | src/pages/MapsWorkspacePage.tsx | src/rulesets/dnd5e/customMonsterWorkshop.ts | src/rulesets/dnd5e/headlessCombatEngine.ts | src/rulesets/dnd5e/monsterGenericAbilities.ts | src/rulesets/dnd5e/monsterStatBlockPaste.ts | src/rulesets/dnd5e/monsterTurnPlanner.ts | src/rulesets/dnd5e/monsterWorkshopAbilityTemplates.ts","src/rulesets/dnd5e/monsterCatalogAttackTraitRuntime.test.ts | src/rulesets/dnd5e/customMonsterWorkshop.test.ts | src/rulesets/dnd5e/monsterAttackAction.test.ts | src/rulesets/dnd5e/monsterWorkshopAbilityTemplates.test.ts"
"srd-5.1:goat","山羊","goat","1","稳步","Sure-Footed","dm-adjudication","","true","combat-manual-gap","原文包含战斗效果但仍依赖 DM 裁定","",""
"srd-5.1:goblin","地精","goblin","0","灵活逃脱","Nimble Escape","headless","nimble-escape","true","verified-full","","src/components/map/Dnd5eMonsterWorkshopDialog.tsx | src/components/map/monsterWorkshopReview.ts | src/pages/MapsWorkspacePage.tsx | src/rulesets/dnd5e/combatSimulation.ts | src/rulesets/dnd5e/customMonsterWorkshop.ts | src/rulesets/dnd5e/headlessCombatEngine.ts | src/rulesets/dnd5e/monsterStatBlockPaste.ts | src/rulesets/dnd5e/monsterTurnPlanner.ts","src/lib/dmWorkshopMonsterHandoff.test.ts | src/rulesets/dnd5e/monsters.test.ts | src/rulesets/dnd5e/monsterStatBlockPaste.test.ts | src/rulesets/dnd5e/monsterTurnPlanner.test.ts | src/rulesets/dnd5e/customMonsterWorkshop.test.ts"
"srd-5.1:gold-dragon-wyrmling","金龙雏龙","gold-dragon-wyrmling","0","两栖","Amphibious","dm-adjudication","","false","non-combat-or-narrative","","",""
"srd-5.1:gorgon","铁甲牛","gorgon","0","践踏冲锋","Trampling Charge","headless","charge-damage","true","verified-full","","src/components/map/Dnd5eMonsterWorkshopDialog.tsx | src/components/map/monsterWorkshopReview.ts | src/pages/MapsWorkspacePage.tsx | src/rulesets/dnd5e/customMonsterWorkshop.ts | src/rulesets/dnd5e/headlessCombatEngine.ts | src/rulesets/dnd5e/monsterGenericAbilities.ts | src/rulesets/dnd5e/monsterStatBlockPaste.ts | src/rulesets/dnd5e/monsterTurnPlanner.ts | src/rulesets/dnd5e/monsterWorkshopAbilityTemplates.ts","src/rulesets/dnd5e/monsterCatalogAttackTraitRuntime.test.ts | src/rulesets/dnd5e/customMonsterWorkshop.test.ts | src/rulesets/dnd5e/monsterAttackAction.test.ts | src/rulesets/dnd5e/monsterWorkshopAbilityTemplates.test.ts"
"srd-5.1:gray-ooze","灰泥怪","gray-ooze","0","无定形","Amorphous","dm-adjudication","","false","non-combat-or-narrative","","",""
"srd-5.1:gray-ooze","灰泥怪","gray-ooze","1","腐蚀金属","Corrode Metal","dm-adjudication","","true","combat-manual-gap","原文包含战斗效果但仍依赖 DM 裁定","",""
"srd-5.1:gray-ooze","灰泥怪","gray-ooze","2","虚假外表","False Appearance","dm-adjudication","","false","excluded-narrative-transform","","",""
"srd-5.1:green-dragon-wyrmling","绿龙雏龙","green-dragon-wyrmling","0","两栖","Amphibious","dm-adjudication","","false","non-combat-or-narrative","","",""
"srd-5.1:green-hag","绿鬼婆","green-hag","0","两栖","Amphibious","dm-adjudication","","false","non-combat-or-narrative","","",""
"srd-5.1:green-hag","绿鬼婆","green-hag","1","天生施法","Innate Spellcasting","dm-adjudication","","false","delegated-to-monster-spells","","",""
"srd-5.1:green-hag","绿鬼婆","green-hag","2","拟声","Mimicry","dm-adjudication","","false","exploration-manual-gap","","",""
"srd-5.1:grick","格里克异怪","grick","0","岩石伪装","Stone Camouflage","dm-adjudication","","false","exploration-manual-gap","","",""
"srd-5.1:griffon","狮鹫","griffon","0","敏锐视觉","Keen Sight","dm-adjudication","","false","exploration-manual-gap","","",""
"srd-5.1:grimlock","格里姆洛克","grimlock","0","盲感官","Blind Senses","dm-adjudication","","false","exploration-manual-gap","","",""
"srd-5.1:grimlock","格里姆洛克","grimlock","1","敏锐听觉与嗅觉","Keen Hearing and Smell","dm-adjudication","","false","exploration-manual-gap","","",""
"srd-5.1:grimlock","格里姆洛克","grimlock","2","岩石伪装","Stone Camouflage","dm-adjudication","","false","exploration-manual-gap","","",""
"srd-5.1:guardian-naga","守护纳迦","guardian-naga","0","复苏","Rejuvenation","dm-adjudication","","true","combat-manual-gap","原文包含战斗效果但仍依赖 DM 裁定","",""
"srd-5.1:guardian-naga","守护纳迦","guardian-naga","1","施法","Spellcasting","dm-adjudication","","true","delegated-to-monster-spells","","",""
"srd-5.1:gynosphinx","雌性斯芬克斯","gynosphinx","0","无法窥测","Inscrutable","dm-adjudication","","true","combat-manual-gap","原文包含战斗效果但仍依赖 DM 裁定","",""
"srd-5.1:gynosphinx","雌性斯芬克斯","gynosphinx","1","魔法武器","Magic Weapons","headless","magic-weapons","true","verified-full","","src/components/map/Dnd5eMonsterWorkshopDialog.tsx | src/components/map/monsterWorkshopReview.ts | src/rulesets/dnd5e/customMonsterWorkshop.ts | src/rulesets/dnd5e/headlessCombatEngine.ts | src/rulesets/dnd5e/mapBridge.ts | src/rulesets/dnd5e/monsterGenericAbilities.ts | src/rulesets/dnd5e/monsterWorkshopAbilityTemplates.ts","src/rulesets/dnd5e/monsterGenericAbilities.test.ts | src/rulesets/dnd5e/combatSimulation.test.ts | src/rulesets/dnd5e/customMonsterWorkshop.test.ts | src/rulesets/dnd5e/fleshGolemHeadless.test.ts | src/rulesets/dnd5e/mapBridge.test.ts | src/rulesets/dnd5e/monsterTurnPlanner.test.ts | src/rulesets/dnd5e/monsterWorkshopAbilityTemplates.test.ts"
"srd-5.1:gynosphinx","雌性斯芬克斯","gynosphinx","2","施法","Spellcasting","dm-adjudication","","true","delegated-to-monster-spells","","",""
"srd-5.1:hawk","隼","hawk","0","敏锐视觉","Keen Sight","dm-adjudication","","false","exploration-manual-gap","","",""
"srd-5.1:hell-hound","地狱犬","hell-hound","0","敏锐听觉与嗅觉","Keen Hearing and Smell","dm-adjudication","","false","exploration-manual-gap","","",""
"srd-5.1:hell-hound","地狱犬","hell-hound","1","集群战术","Pack Tactics","headless","pack-tactics","true","verified-full","","src/rulesets/dnd5e/customMonsterWorkshop.ts | src/rulesets/dnd5e/monsterGenericAbilities.ts","src/rulesets/dnd5e/monsters.test.ts | src/rulesets/dnd5e/monsterGenericAbilities.test.ts | src/rulesets/dnd5e/monsterSchema.test.ts"
"srd-5.1:hezrou","赫兹鲁魔","hezrou","0","魔法抗性","Magic Resistance","headless","magic-resistance","true","verified-full","","src/components/map/Dnd5eMonsterWorkshopDialog.tsx | src/components/map/monsterWorkshopReview.ts | src/rulesets/dnd5e/customMonsterWorkshop.ts | src/rulesets/dnd5e/monsterGenericAbilities.ts | src/rulesets/dnd5e/monsterStatBlockPaste.ts | src/rulesets/dnd5e/monsterWorkshopAbilityTemplates.ts | src/rulesets/dnd5e/passiveDefenses.ts","src/components/map/Dnd5eMonsterAbilityTemplateLibrary.test.tsx | src/lib/combatResolutionTrace.test.ts | src/rulesets/dnd5e/customMonsterWorkshop.test.ts | src/rulesets/dnd5e/fleshGolemHeadless.test.ts | src/rulesets/dnd5e/monsters.test.ts | src/rulesets/dnd5e/monsterWorkshopAbilityTemplates.test.ts | src/rulesets/dnd5e/passiveDefenses.test.ts"
"srd-5.1:hezrou","赫兹鲁魔","hezrou","1","恶臭","Stench","headless","turn-start-saving-throw-aura","true","verified-full","","src/components/rules/Dnd5eCustomPluginBuilder.tsx | src/rulesets/dnd5e/activities/dnd5eActivityValidation.ts | src/rulesets/dnd5e/customMonsterWorkshop.ts | src/rulesets/dnd5e/declarativeSubclassAbility.ts | src/rulesets/dnd5e/headlessCombatEngine.ts | src/rulesets/dnd5e/monsterWorkshopAbilityTemplates.ts","src/rulesets/dnd5e/monsterTurnStartAuraHeadless.test.ts | src/rulesets/dnd5e/monsterWorkshopAbilityTemplates.test.ts | src/rulesets/dnd5e/turnStartSavingThrowAura.test.ts"
"srd-5.1:hippogriff","骏鹰","hippogriff","0","敏锐视觉","Keen Sight","dm-adjudication","","false","exploration-manual-gap","","",""
"srd-5.1:hobgoblin","大地精","hobgoblin","0","武技优势","Martial Advantage","headless","martial-advantage","true","verified-full","","src/pages/MapsWorkspacePage.tsx | src/rulesets/dnd5e/headlessCombatEngine.ts | src/rulesets/dnd5e/monsterGenericAbilities.ts | src/rulesets/dnd5e/monsterTurnPlanner.ts","src/rulesets/dnd5e/monsterCatalogAttackTraitDeclarations.test.ts | src/rulesets/dnd5e/monsterCatalogAttackTraitRuntime.test.ts"
"srd-5.1:homunculus","魔宠人偶","homunculus","0","心灵联结","Telepathic Bond","dm-adjudication","","false","exploration-manual-gap","","",""
"srd-5.1:horned-devil","角魔","horned-devil","0","魔鬼视界","Devil's Sight","dm-adjudication","","false","non-combat-or-narrative","","",""
"srd-5.1:horned-devil","角魔","horned-devil","1","魔法抗性","Magic Resistance","headless","magic-resistance","true","verified-full","","src/components/map/Dnd5eMonsterWorkshopDialog.tsx | src/components/map/monsterWorkshopReview.ts | src/rulesets/dnd5e/customMonsterWorkshop.ts | src/rulesets/dnd5e/monsterGenericAbilities.ts | src/rulesets/dnd5e/monsterStatBlockPaste.ts | src/rulesets/dnd5e/monsterWorkshopAbilityTemplates.ts | src/rulesets/dnd5e/passiveDefenses.ts","src/components/map/Dnd5eMonsterAbilityTemplateLibrary.test.tsx | src/lib/combatResolutionTrace.test.ts | src/rulesets/dnd5e/customMonsterWorkshop.test.ts | src/rulesets/dnd5e/fleshGolemHeadless.test.ts | src/rulesets/dnd5e/monsters.test.ts | src/rulesets/dnd5e/monsterWorkshopAbilityTemplates.test.ts | src/rulesets/dnd5e/passiveDefenses.test.ts"
"srd-5.1:hunter-shark","猎鲨","hunter-shark","0","嗜血狂暴","Blood Frenzy","headless","blood-frenzy","true","verified-full","","src/rulesets/dnd5e/monsterGenericAbilities.ts","src/rulesets/dnd5e/monsterTriggeredAttackTraits.test.ts | src/store/characterTokenPresentation.test.ts"
"srd-5.1:hunter-shark","猎鲨","hunter-shark","1","水下呼吸","Water Breathing","dm-adjudication","","false","non-combat-or-narrative","","",""
"srd-5.1:hydra","多头蛇","hydra","0","屏息","Hold Breath","dm-adjudication","","false","non-combat-or-narrative","","",""
"srd-5.1:hydra","多头蛇","hydra","1","多头","Multiple Heads","dm-adjudication","","true","combat-manual-gap","原文包含战斗效果但仍依赖 DM 裁定","",""
"srd-5.1:hydra","多头蛇","hydra","2","多头反应","Reactive Heads","dm-adjudication","","true","combat-manual-gap","原文包含战斗效果但仍依赖 DM 裁定","",""
"srd-5.1:hydra","多头蛇","hydra","3","警醒","Wakeful","dm-adjudication","","false","non-combat-or-narrative","","",""
"srd-5.1:hyena","鬣狗","hyena","0","集群战术","Pack Tactics","headless","pack-tactics","true","verified-full","","src/rulesets/dnd5e/customMonsterWorkshop.ts | src/rulesets/dnd5e/monsterGenericAbilities.ts","src/rulesets/dnd5e/monsterGenericAbilities.test.ts | src/rulesets/dnd5e/monsters.test.ts | src/rulesets/dnd5e/monsterSchema.test.ts"
"srd-5.1:ice-devil","冰魔","ice-devil","0","魔鬼视界","Devil's Sight","dm-adjudication","","false","non-combat-or-narrative","","",""
"srd-5.1:ice-devil","冰魔","ice-devil","1","魔法抗性","Magic Resistance","headless","magic-resistance","true","verified-full","","src/components/map/Dnd5eMonsterWorkshopDialog.tsx | src/components/map/monsterWorkshopReview.ts | src/rulesets/dnd5e/customMonsterWorkshop.ts | src/rulesets/dnd5e/monsterGenericAbilities.ts | src/rulesets/dnd5e/monsterStatBlockPaste.ts | src/rulesets/dnd5e/monsterWorkshopAbilityTemplates.ts | src/rulesets/dnd5e/passiveDefenses.ts","src/components/map/Dnd5eMonsterAbilityTemplateLibrary.test.tsx | src/lib/combatResolutionTrace.test.ts | src/rulesets/dnd5e/customMonsterWorkshop.test.ts | src/rulesets/dnd5e/fleshGolemHeadless.test.ts | src/rulesets/dnd5e/monsters.test.ts | src/rulesets/dnd5e/monsterWorkshopAbilityTemplates.test.ts | src/rulesets/dnd5e/passiveDefenses.test.ts"
"srd-5.1:ice-mephit","冰魔蝠","ice-mephit","0","死亡爆裂","Death Burst","headless","death-area-saving-throw","true","verified-full","","src/pages/maps/settleDnd5eCombatResult.ts | src/rulesets/dnd5e/combatSimulation.ts | src/rulesets/dnd5e/headlessCombatEngine.ts","src/rulesets/dnd5e/monsterDeathAreaAndUnnervingMaskCatalog.test.ts"
"srd-5.1:ice-mephit","冰魔蝠","ice-mephit","1","虚假外表","False Appearance","dm-adjudication","","false","excluded-narrative-transform","","",""
"srd-5.1:ice-mephit","冰魔蝠","ice-mephit","2","天生施法","Innate Spellcasting","dm-adjudication","","false","delegated-to-monster-spells","","",""
"srd-5.1:imp","小魔鬼","imp","0","变形生物","Shapechanger","dm-adjudication","","true","excluded-narrative-transform","","",""
"srd-5.1:imp","小魔鬼","imp","1","魔鬼视界","Devil's Sight","dm-adjudication","","false","non-combat-or-narrative","","",""
"srd-5.1:imp","小魔鬼","imp","2","魔法抗性","Magic Resistance","headless","magic-resistance","true","verified-full","","src/components/map/Dnd5eMonsterWorkshopDialog.tsx | src/components/map/monsterWorkshopReview.ts | src/rulesets/dnd5e/customMonsterWorkshop.ts | src/rulesets/dnd5e/monsterGenericAbilities.ts | src/rulesets/dnd5e/monsterStatBlockPaste.ts | src/rulesets/dnd5e/monsterWorkshopAbilityTemplates.ts | src/rulesets/dnd5e/passiveDefenses.ts","src/rulesets/dnd5e/monsterPersistentAreas.test.ts | src/rulesets/dnd5e/monsters.test.ts | src/components/map/Dnd5eMonsterAbilityTemplateLibrary.test.tsx | src/lib/combatResolutionTrace.test.ts | src/rulesets/dnd5e/customMonsterWorkshop.test.ts | src/rulesets/dnd5e/fleshGolemHeadless.test.ts | src/rulesets/dnd5e/monsterWorkshopAbilityTemplates.test.ts | src/rulesets/dnd5e/passiveDefenses.test.ts"
"srd-5.1:invisible-stalker","隐形追猎者","invisible-stalker","0","隐形","Invisibility","dm-adjudication","","false","non-combat-or-narrative","","",""
"srd-5.1:invisible-stalker","隐形追猎者","invisible-stalker","1","无误追踪","Faultless Tracker","dm-adjudication","","false","non-combat-or-narrative","","",""
"srd-5.1:iron-golem","铁魔像","iron-golem","0","火焰吸收","Fire Absorption","dm-adjudication","","true","combat-manual-gap","原文包含战斗效果但仍依赖 DM 裁定","",""
"srd-5.1:iron-golem","铁魔像","iron-golem","1","不变形态","Immutable Form","dm-adjudication","","true","combat-manual-gap","原文包含战斗效果但仍依赖 DM 裁定","",""
"srd-5.1:iron-golem","铁魔像","iron-golem","2","魔法抗性","Magic Resistance","headless","magic-resistance","true","verified-full","","src/components/map/Dnd5eMonsterWorkshopDialog.tsx | src/components/map/monsterWorkshopReview.ts | src/rulesets/dnd5e/customMonsterWorkshop.ts | src/rulesets/dnd5e/monsterGenericAbilities.ts | src/rulesets/dnd5e/monsterStatBlockPaste.ts | src/rulesets/dnd5e/monsterWorkshopAbilityTemplates.ts | src/rulesets/dnd5e/passiveDefenses.ts","src/rulesets/dnd5e/monsters.test.ts | src/components/map/Dnd5eMonsterAbilityTemplateLibrary.test.tsx | src/lib/combatResolutionTrace.test.ts | src/rulesets/dnd5e/customMonsterWorkshop.test.ts | src/rulesets/dnd5e/fleshGolemHeadless.test.ts | src/rulesets/dnd5e/monsterWorkshopAbilityTemplates.test.ts | src/rulesets/dnd5e/passiveDefenses.test.ts"
"srd-5.1:iron-golem","铁魔像","iron-golem","3","魔法武器","Magic Weapons","headless","magic-weapons","true","verified-full","","src/components/map/Dnd5eMonsterWorkshopDialog.tsx | src/components/map/monsterWorkshopReview.ts | src/rulesets/dnd5e/customMonsterWorkshop.ts | src/rulesets/dnd5e/headlessCombatEngine.ts | src/rulesets/dnd5e/mapBridge.ts | src/rulesets/dnd5e/monsterGenericAbilities.ts | src/rulesets/dnd5e/monsterWorkshopAbilityTemplates.ts","src/rulesets/dnd5e/monsterGenericAbilities.test.ts | src/rulesets/dnd5e/combatSimulation.test.ts | src/rulesets/dnd5e/customMonsterWorkshop.test.ts | src/rulesets/dnd5e/fleshGolemHeadless.test.ts | src/rulesets/dnd5e/mapBridge.test.ts | src/rulesets/dnd5e/monsterTurnPlanner.test.ts | src/rulesets/dnd5e/monsterWorkshopAbilityTemplates.test.ts"
"srd-5.1:jackal","胡狼","jackal","0","敏锐听觉与嗅觉","Keen Hearing and Smell","dm-adjudication","","false","exploration-manual-gap","","",""
"srd-5.1:jackal","胡狼","jackal","1","集群战术","Pack Tactics","headless","pack-tactics","true","verified-full","","src/rulesets/dnd5e/customMonsterWorkshop.ts | src/rulesets/dnd5e/monsterGenericAbilities.ts","src/rulesets/dnd5e/monsterGenericAbilities.test.ts | src/rulesets/dnd5e/monsters.test.ts | src/rulesets/dnd5e/monsterSchema.test.ts"
"srd-5.1:killer-whale","虎鲸","killer-whale","0","回声定位","Echolocation","dm-adjudication","","false","exploration-manual-gap","","",""
"srd-5.1:killer-whale","虎鲸","killer-whale","1","屏息","Hold Breath","dm-adjudication","","false","non-combat-or-narrative","","",""
"srd-5.1:killer-whale","虎鲸","killer-whale","2","敏锐听觉","Keen Hearing","dm-adjudication","","false","exploration-manual-gap","","",""
"srd-5.1:knight","骑士","knight","0","勇敢","Brave","dm-adjudication","","true","combat-manual-gap","原文包含战斗效果但仍依赖 DM 裁定","",""
"srd-5.1:kobold","狗头人","kobold","0","阳光敏感","Sunlight Sensitivity","dm-adjudication","","true","combat-manual-gap","原文包含战斗效果但仍依赖 DM 裁定","",""
"srd-5.1:kobold","狗头人","kobold","1","集群战术","Pack Tactics","headless","pack-tactics","true","verified-full","","src/rulesets/dnd5e/customMonsterWorkshop.ts | src/rulesets/dnd5e/monsterGenericAbilities.ts","src/rulesets/dnd5e/monsterGenericAbilities.test.ts | src/rulesets/dnd5e/monsters.test.ts | src/rulesets/dnd5e/monsterSchema.test.ts"
"srd-5.1:kraken","海妖克拉肯","kraken","0","两栖","Amphibious","dm-adjudication","","false","non-combat-or-narrative","","",""
"srd-5.1:kraken","海妖克拉肯","kraken","1","行动自如","Freedom of Movement","dm-adjudication","","true","combat-manual-gap","原文包含战斗效果但仍依赖 DM 裁定","",""
"srd-5.1:kraken","海妖克拉肯","kraken","2","攻城怪物","Siege Monster","dm-adjudication","","true","combat-manual-gap","原文包含战斗效果但仍依赖 DM 裁定","",""
"srd-5.1:lamia","拉弥亚","lamia","0","天生施法","Innate Spellcasting","dm-adjudication","","false","delegated-to-monster-spells","","",""
"srd-5.1:lemure","劣魔","lemure","0","魔鬼视界","Devil's Sight","dm-adjudication","","false","non-combat-or-narrative","","",""
"srd-5.1:lemure","劣魔","lemure","1","地狱再生","Hellish Rejuvenation","dm-adjudication","","true","combat-manual-gap","原文包含战斗效果但仍依赖 DM 裁定","",""
"srd-5.1:lich","巫妖","lich","0","传奇抗性","Legendary Resistance","headless","legendary-resistance","true","verified-full","","src/lib/combatInterruptProtocol.ts | src/lib/combatInterruptQueue.ts | src/lib/sharedResourceValidation.ts | src/pages/MapsWorkspacePage.tsx | src/rulesets/dnd5e/monsterGenericAbilities.ts","src/lib/sharedServerCore.test.ts | src/rulesets/dnd5e/headlessCombatEngine.test.ts | src/rulesets/dnd5e/monsterLegendaryResistanceTraits.test.ts"
"srd-5.1:lich","巫妖","lich","1","复苏","Rejuvenation","dm-adjudication","","true","combat-manual-gap","原文包含战斗效果但仍依赖 DM 裁定","",""
"srd-5.1:lich","巫妖","lich","2","施法","Spellcasting","dm-adjudication","","true","delegated-to-monster-spells","","",""
"srd-5.1:lich","巫妖","lich","3","驱散抗性","Turn Resistance","dm-adjudication","","true","combat-manual-gap","原文包含战斗效果但仍依赖 DM 裁定","",""
"srd-5.1:lion","狮子","lion","0","敏锐嗅觉","Keen Smell","dm-adjudication","","false","exploration-manual-gap","","",""
"srd-5.1:lion","狮子","lion","1","集群战术","Pack Tactics","headless","pack-tactics","true","verified-full","","src/rulesets/dnd5e/customMonsterWorkshop.ts | src/rulesets/dnd5e/monsterGenericAbilities.ts","src/rulesets/dnd5e/monsterAttackAction.test.ts | src/rulesets/dnd5e/monsterGenericAbilities.test.ts | src/rulesets/dnd5e/monsters.test.ts | src/rulesets/dnd5e/monsterSchema.test.ts"
"srd-5.1:lion","狮子","lion","2","猛扑","Pounce","headless","charge-damage","true","verified-full","","src/components/map/Dnd5eMonsterWorkshopDialog.tsx | src/components/map/monsterWorkshopReview.ts | src/pages/MapsWorkspacePage.tsx | src/rulesets/dnd5e/customMonsterWorkshop.ts | src/rulesets/dnd5e/headlessCombatEngine.ts | src/rulesets/dnd5e/monsterGenericAbilities.ts | src/rulesets/dnd5e/monsterStatBlockPaste.ts | src/rulesets/dnd5e/monsterTurnPlanner.ts | src/rulesets/dnd5e/monsterWorkshopAbilityTemplates.ts","src/rulesets/dnd5e/monsterAttackAction.test.ts | src/rulesets/dnd5e/monsterCatalogAttackTraitRuntime.test.ts | src/rulesets/dnd5e/customMonsterWorkshop.test.ts | src/rulesets/dnd5e/monsterWorkshopAbilityTemplates.test.ts"
"srd-5.1:lion","狮子","lion","3","助跑跳跃","Running Leap","dm-adjudication","","false","non-combat-or-narrative","","",""
"srd-5.1:lizardfolk","蜥蜴人","lizardfolk","0","屏息","Hold Breath","dm-adjudication","","false","non-combat-or-narrative","","",""
"srd-5.1:mage","法师","mage","0","施法","Spellcasting","dm-adjudication","","true","delegated-to-monster-spells","","",""
"srd-5.1:magma-mephit","岩浆魔蝠","magma-mephit","0","死亡爆裂","Death Burst","headless","death-area-saving-throw","true","verified-full","","src/pages/maps/settleDnd5eCombatResult.ts | src/rulesets/dnd5e/combatSimulation.ts | src/rulesets/dnd5e/headlessCombatEngine.ts","src/rulesets/dnd5e/monsterDeathAreaAndUnnervingMaskCatalog.test.ts"
"srd-5.1:magma-mephit","岩浆魔蝠","magma-mephit","1","虚假外表","False Appearance","dm-adjudication","","false","excluded-narrative-transform","","",""
"srd-5.1:magma-mephit","岩浆魔蝠","magma-mephit","2","天生施法","Innate Spellcasting","dm-adjudication","","false","delegated-to-monster-spells","","",""
"srd-5.1:magmin","岩浆怪","magmin","0","死亡爆裂","Death Burst","headless","death-area-saving-throw","true","verified-full","","src/pages/maps/settleDnd5eCombatResult.ts | src/rulesets/dnd5e/combatSimulation.ts | src/rulesets/dnd5e/headlessCombatEngine.ts","src/rulesets/dnd5e/monsterDeathAreaAndUnnervingMaskCatalog.test.ts"
"srd-5.1:magmin","岩浆怪","magmin","1","燃火照明","Ignited Illumination","dm-adjudication","","false","non-combat-or-narrative","","",""
"srd-5.1:mammoth","猛犸象","mammoth","0","践踏冲锋","Trampling Charge","headless","charge-damage","true","verified-full","","src/components/map/Dnd5eMonsterWorkshopDialog.tsx | src/components/map/monsterWorkshopReview.ts | src/pages/MapsWorkspacePage.tsx | src/rulesets/dnd5e/customMonsterWorkshop.ts | src/rulesets/dnd5e/headlessCombatEngine.ts | src/rulesets/dnd5e/monsterGenericAbilities.ts | src/rulesets/dnd5e/monsterStatBlockPaste.ts | src/rulesets/dnd5e/monsterTurnPlanner.ts | src/rulesets/dnd5e/monsterWorkshopAbilityTemplates.ts","src/rulesets/dnd5e/monsterCatalogAttackTraitRuntime.test.ts | src/rulesets/dnd5e/customMonsterWorkshop.test.ts | src/rulesets/dnd5e/monsterAttackAction.test.ts | src/rulesets/dnd5e/monsterWorkshopAbilityTemplates.test.ts"
"srd-5.1:manticore","蝎尾狮","manticore","0","尾刺再生","Tail Spike Regrowth","dm-adjudication","","false","non-combat-or-narrative","","",""
"srd-5.1:marilith","六臂蛇魔","marilith","0","魔法抗性","Magic Resistance","headless","magic-resistance","true","verified-full","","src/components/map/Dnd5eMonsterWorkshopDialog.tsx | src/components/map/monsterWorkshopReview.ts | src/rulesets/dnd5e/customMonsterWorkshop.ts | src/rulesets/dnd5e/monsterGenericAbilities.ts | src/rulesets/dnd5e/monsterStatBlockPaste.ts | src/rulesets/dnd5e/monsterWorkshopAbilityTemplates.ts | src/rulesets/dnd5e/passiveDefenses.ts","src/components/map/Dnd5eMonsterAbilityTemplateLibrary.test.tsx | src/lib/combatResolutionTrace.test.ts | src/rulesets/dnd5e/customMonsterWorkshop.test.ts | src/rulesets/dnd5e/fleshGolemHeadless.test.ts | src/rulesets/dnd5e/monsters.test.ts | src/rulesets/dnd5e/monsterWorkshopAbilityTemplates.test.ts | src/rulesets/dnd5e/passiveDefenses.test.ts"
"srd-5.1:marilith","六臂蛇魔","marilith","1","魔法武器","Magic Weapons","headless","magic-weapons","true","verified-full","","src/components/map/Dnd5eMonsterWorkshopDialog.tsx | src/components/map/monsterWorkshopReview.ts | src/rulesets/dnd5e/customMonsterWorkshop.ts | src/rulesets/dnd5e/headlessCombatEngine.ts | src/rulesets/dnd5e/mapBridge.ts | src/rulesets/dnd5e/monsterGenericAbilities.ts | src/rulesets/dnd5e/monsterWorkshopAbilityTemplates.ts","src/rulesets/dnd5e/monsterGenericAbilities.test.ts | src/rulesets/dnd5e/combatSimulation.test.ts | src/rulesets/dnd5e/customMonsterWorkshop.test.ts | src/rulesets/dnd5e/fleshGolemHeadless.test.ts | src/rulesets/dnd5e/mapBridge.test.ts | src/rulesets/dnd5e/monsterTurnPlanner.test.ts | src/rulesets/dnd5e/monsterWorkshopAbilityTemplates.test.ts"
"srd-5.1:marilith","六臂蛇魔","marilith","2","多重反应","Reactive","headless","reactive","true","verified-full","","src/rulesets/dnd5e/monsterGenericAbilities.ts","src/rulesets/dnd5e/monsterParryHeadless.test.ts | src/rulesets/dnd5e/turnEconomy.test.ts"
"srd-5.1:mastiff","獒犬","mastiff","0","敏锐听觉与嗅觉","Keen Hearing and Smell","dm-adjudication","","false","exploration-manual-gap","","",""
"srd-5.1:medusa","美杜莎","medusa","0","石化凝视","Petrifying Gaze","headless","turn-start-gaze","true","verified-full","","src/rulesets/dnd5e/headlessCombatEngine.ts","src/rulesets/dnd5e/monsterBasiliskGazeHeadless.test.ts"
"srd-5.1:merfolk","人鱼","merfolk","0","两栖","Amphibious","dm-adjudication","","false","non-combat-or-narrative","","",""
"srd-5.1:merrow","魔化人鱼","merrow","0","两栖","Amphibious","dm-adjudication","","false","non-combat-or-narrative","","",""
"srd-5.1:mimic","拟态怪","mimic","0","变形生物","Shapechanger","dm-adjudication","","true","excluded-narrative-transform","","",""
"srd-5.1:mimic","拟态怪","mimic","1","黏附（仅物体形态）","Adhesive (Object Form Only)","dm-adjudication","","true","combat-manual-gap","原文包含战斗效果但仍依赖 DM 裁定","",""
"srd-5.1:mimic","拟态怪","mimic","2","虚假外表（仅物体形态）","False Appearance (Object Form Only)","dm-adjudication","","false","non-combat-or-narrative","","",""
"srd-5.1:mimic","拟态怪","mimic","3","擒抱者","Grappler","dm-adjudication","","true","combat-manual-gap","原文包含战斗效果但仍依赖 DM 裁定","",""
"srd-5.1:minotaur","牛头人","minotaur","0","冲锋","Charge","headless","charge-damage","true","verified-full","","src/components/map/Dnd5eMonsterWorkshopDialog.tsx | src/components/map/monsterWorkshopReview.ts | src/pages/MapsWorkspacePage.tsx | src/rulesets/dnd5e/customMonsterWorkshop.ts | src/rulesets/dnd5e/headlessCombatEngine.ts | src/rulesets/dnd5e/monsterGenericAbilities.ts | src/rulesets/dnd5e/monsterStatBlockPaste.ts | src/rulesets/dnd5e/monsterTurnPlanner.ts | src/rulesets/dnd5e/monsterWorkshopAbilityTemplates.ts","src/rulesets/dnd5e/monsterCatalogAttackTraitRuntime.test.ts | src/rulesets/dnd5e/customMonsterWorkshop.test.ts | src/rulesets/dnd5e/monsterAttackAction.test.ts | src/rulesets/dnd5e/monsterWorkshopAbilityTemplates.test.ts"
"srd-5.1:minotaur","牛头人","minotaur","1","迷宫记忆","Labyrinthine Recall","dm-adjudication","","false","non-combat-or-narrative","","",""
"srd-5.1:minotaur","牛头人","minotaur","2","鲁莽","Reckless","headless","reckless","true","verified-full","","src/rulesets/dnd5e/monsterGenericAbilities.ts","src/rulesets/dnd5e/monsterTriggeredAttackTraits.test.ts | src/rulesets/dnd5e/monsterSchema.test.ts"
"srd-5.1:minotaur-skeleton","牛头人骷髅","minotaur-skeleton","0","冲锋","Charge","headless","charge-damage","true","verified-full","","src/components/map/Dnd5eMonsterWorkshopDialog.tsx | src/components/map/monsterWorkshopReview.ts | src/pages/MapsWorkspacePage.tsx | src/rulesets/dnd5e/customMonsterWorkshop.ts | src/rulesets/dnd5e/headlessCombatEngine.ts | src/rulesets/dnd5e/monsterGenericAbilities.ts | src/rulesets/dnd5e/monsterStatBlockPaste.ts | src/rulesets/dnd5e/monsterTurnPlanner.ts | src/rulesets/dnd5e/monsterWorkshopAbilityTemplates.ts","src/rulesets/dnd5e/monsterCatalogAttackTraitRuntime.test.ts | src/rulesets/dnd5e/customMonsterWorkshop.test.ts | src/rulesets/dnd5e/monsterAttackAction.test.ts | src/rulesets/dnd5e/monsterWorkshopAbilityTemplates.test.ts"
"srd-5.1:mule","骡子","mule","0","驮兽","Beast of Burden","dm-adjudication","","false","non-combat-or-narrative","","",""
"srd-5.1:mule","骡子","mule","1","稳步","Sure-Footed","dm-adjudication","","true","combat-manual-gap","原文包含战斗效果但仍依赖 DM 裁定","",""
"srd-5.1:mummy-lord","木乃伊领主","mummy-lord","0","魔法抗性","Magic Resistance","headless","magic-resistance","true","verified-full","","src/components/map/Dnd5eMonsterWorkshopDialog.tsx | src/components/map/monsterWorkshopReview.ts | src/rulesets/dnd5e/customMonsterWorkshop.ts | src/rulesets/dnd5e/monsterGenericAbilities.ts | src/rulesets/dnd5e/monsterStatBlockPaste.ts | src/rulesets/dnd5e/monsterWorkshopAbilityTemplates.ts | src/rulesets/dnd5e/passiveDefenses.ts","src/components/map/Dnd5eMonsterAbilityTemplateLibrary.test.tsx | src/lib/combatResolutionTrace.test.ts | src/rulesets/dnd5e/customMonsterWorkshop.test.ts | src/rulesets/dnd5e/fleshGolemHeadless.test.ts | src/rulesets/dnd5e/monsters.test.ts | src/rulesets/dnd5e/monsterWorkshopAbilityTemplates.test.ts | src/rulesets/dnd5e/passiveDefenses.test.ts"
"srd-5.1:mummy-lord","木乃伊领主","mummy-lord","1","复苏","Rejuvenation","dm-adjudication","","true","combat-manual-gap","原文包含战斗效果但仍依赖 DM 裁定","",""
"srd-5.1:mummy-lord","木乃伊领主","mummy-lord","2","施法","Spellcasting","dm-adjudication","","true","delegated-to-monster-spells","","",""
"srd-5.1:nalfeshnee","纳尔弗魔","nalfeshnee","0","魔法抗性","Magic Resistance","headless","magic-resistance","true","verified-full","","src/components/map/Dnd5eMonsterWorkshopDialog.tsx | src/components/map/monsterWorkshopReview.ts | src/rulesets/dnd5e/customMonsterWorkshop.ts | src/rulesets/dnd5e/monsterGenericAbilities.ts | src/rulesets/dnd5e/monsterStatBlockPaste.ts | src/rulesets/dnd5e/monsterWorkshopAbilityTemplates.ts | src/rulesets/dnd5e/passiveDefenses.ts","src/components/map/Dnd5eMonsterAbilityTemplateLibrary.test.tsx | src/lib/combatResolutionTrace.test.ts | src/rulesets/dnd5e/customMonsterWorkshop.test.ts | src/rulesets/dnd5e/fleshGolemHeadless.test.ts | src/rulesets/dnd5e/monsters.test.ts | src/rulesets/dnd5e/monsterWorkshopAbilityTemplates.test.ts | src/rulesets/dnd5e/passiveDefenses.test.ts"
"srd-5.1:night-hag","夜鬼婆","night-hag","0","天生施法","Innate Spellcasting","dm-adjudication","","true","delegated-to-monster-spells","","",""
"srd-5.1:night-hag","夜鬼婆","night-hag","1","魔法抗性","Magic Resistance","headless","magic-resistance","true","verified-full","","src/components/map/Dnd5eMonsterWorkshopDialog.tsx | src/components/map/monsterWorkshopReview.ts | src/rulesets/dnd5e/customMonsterWorkshop.ts | src/rulesets/dnd5e/monsterGenericAbilities.ts | src/rulesets/dnd5e/monsterStatBlockPaste.ts | src/rulesets/dnd5e/monsterWorkshopAbilityTemplates.ts | src/rulesets/dnd5e/passiveDefenses.ts","src/components/map/Dnd5eMonsterAbilityTemplateLibrary.test.tsx | src/lib/combatResolutionTrace.test.ts | src/rulesets/dnd5e/customMonsterWorkshop.test.ts | src/rulesets/dnd5e/fleshGolemHeadless.test.ts | src/rulesets/dnd5e/monsters.test.ts | src/rulesets/dnd5e/monsterWorkshopAbilityTemplates.test.ts | src/rulesets/dnd5e/passiveDefenses.test.ts"
"srd-5.1:night-hag","夜鬼婆","night-hag","2","夜鬼婆物品","Night Hag Items","dm-adjudication","","true","combat-manual-gap","原文包含战斗效果但仍依赖 DM 裁定","",""
"srd-5.1:nightmare","梦魇兽","nightmare","0","赋予火焰抗性","Confer Fire Resistance","dm-adjudication","","true","combat-manual-gap","原文包含战斗效果但仍依赖 DM 裁定","",""
"srd-5.1:nightmare","梦魇兽","nightmare","1","照明","Illumination","dm-adjudication","","false","non-combat-or-narrative","","",""
"srd-5.1:ochre-jelly","赭冻怪","ochre-jelly","0","无定形","Amorphous","dm-adjudication","","false","non-combat-or-narrative","","",""
"srd-5.1:ochre-jelly","赭冻怪","ochre-jelly","1","蛛行","Spider Climb","dm-adjudication","","false","exploration-manual-gap","","",""
"srd-5.1:octopus","章鱼","octopus","0","屏息","Hold Breath","dm-adjudication","","false","non-combat-or-narrative","","",""
"srd-5.1:octopus","章鱼","octopus","1","水下伪装","Underwater Camouflage","dm-adjudication","","false","exploration-manual-gap","","",""
"srd-5.1:octopus","章鱼","octopus","2","水下呼吸","Water Breathing","dm-adjudication","","false","non-combat-or-narrative","","",""
"srd-5.1:ogre-zombie","食人魔僵尸","ogre-zombie","0","亡灵坚韧","Undead Fortitude","headless","undead-fortitude","true","verified-full","","src/components/map/Dnd5eMonsterWorkshopDialog.tsx | src/components/map/monsterWorkshopReview.ts | src/rulesets/dnd5e/customMonsterWorkshop.ts | src/rulesets/dnd5e/headlessCombatEngine.ts | src/rulesets/dnd5e/monsterStatBlockPaste.ts","src/rulesets/dnd5e/monsters.test.ts | src/rulesets/dnd5e/headlessCombatEngine.test.ts"
"srd-5.1:oni","鬼人","oni","0","天生施法","Innate Spellcasting","dm-adjudication","","false","delegated-to-monster-spells","","",""
"srd-5.1:oni","鬼人","oni","1","魔法武器","Magic Weapons","headless","magic-weapons","true","verified-full","","src/components/map/Dnd5eMonsterWorkshopDialog.tsx | src/components/map/monsterWorkshopReview.ts | src/rulesets/dnd5e/customMonsterWorkshop.ts | src/rulesets/dnd5e/headlessCombatEngine.ts | src/rulesets/dnd5e/mapBridge.ts | src/rulesets/dnd5e/monsterGenericAbilities.ts | src/rulesets/dnd5e/monsterWorkshopAbilityTemplates.ts","src/rulesets/dnd5e/monsterGenericAbilities.test.ts | src/rulesets/dnd5e/combatSimulation.test.ts | src/rulesets/dnd5e/customMonsterWorkshop.test.ts | src/rulesets/dnd5e/fleshGolemHeadless.test.ts | src/rulesets/dnd5e/mapBridge.test.ts | src/rulesets/dnd5e/monsterTurnPlanner.test.ts | src/rulesets/dnd5e/monsterWorkshopAbilityTemplates.test.ts"
"srd-5.1:oni","鬼人","oni","2","再生","Regeneration","headless","regeneration","true","verified-full","","src/components/map/Dnd5eMonsterWorkshopDialog.tsx | src/components/map/monsterWorkshopReview.ts | src/rulesets/dnd5e/customMonsterWorkshop.ts | src/rulesets/dnd5e/monsterGenericAbilities.ts | src/rulesets/dnd5e/monsterStatBlockPaste.ts | src/rulesets/dnd5e/monsterWorkshopAbilityTemplates.ts | src/rulesets/dnd5e/tokenStatusMarkers.ts | src/store/roomCommands.ts","src/rulesets/dnd5e/monsterGenericAbilities.test.ts | src/rulesets/dnd5e/beginTurnAction.test.ts | src/rulesets/dnd5e/monsterWorkshopAbilityTemplates.test.ts"
"srd-5.1:orc","兽人","orc","0","侵略性","Aggressive","dm-adjudication","","true","combat-manual-gap","原文包含战斗效果但仍依赖 DM 裁定","",""
"srd-5.1:otyugh","奥图克","otyugh","0","有限心灵感应","Limited Telepathy","dm-adjudication","","false","non-combat-or-narrative","","",""
"srd-5.1:owl","猫头鹰","owl","0","掠飞","Flyby","headless","flyby","true","verified-full","","src/rulesets/dnd5e/monsterGenericAbilities.ts","src/rulesets/dnd5e/flyingSnakeHeadless.test.ts | src/store/characterTokenPresentation.test.ts | src/rulesets/dnd5e/monsterWorkshopAbilityTemplates.test.ts"
"srd-5.1:owl","猫头鹰","owl","1","敏锐听觉与视觉","Keen Hearing and Sight","dm-adjudication","","false","exploration-manual-gap","","",""
"srd-5.1:owlbear","枭熊","owlbear","0","敏锐视觉与嗅觉","Keen Sight and Smell","dm-adjudication","","false","exploration-manual-gap","","",""
"srd-5.1:panther","黑豹","panther","0","敏锐嗅觉","Keen Smell","dm-adjudication","","false","exploration-manual-gap","","",""
"srd-5.1:panther","黑豹","panther","1","猛扑","Pounce","headless","charge-damage","true","verified-full","","src/components/map/Dnd5eMonsterWorkshopDialog.tsx | src/components/map/monsterWorkshopReview.ts | src/pages/MapsWorkspacePage.tsx | src/rulesets/dnd5e/customMonsterWorkshop.ts | src/rulesets/dnd5e/headlessCombatEngine.ts | src/rulesets/dnd5e/monsterGenericAbilities.ts | src/rulesets/dnd5e/monsterStatBlockPaste.ts | src/rulesets/dnd5e/monsterTurnPlanner.ts | src/rulesets/dnd5e/monsterWorkshopAbilityTemplates.ts","src/rulesets/dnd5e/monsterCatalogAttackTraitRuntime.test.ts | src/rulesets/dnd5e/customMonsterWorkshop.test.ts | src/rulesets/dnd5e/monsterAttackAction.test.ts | src/rulesets/dnd5e/monsterWorkshopAbilityTemplates.test.ts"
"srd-5.1:phase-spider","相位蜘蛛","phase-spider","0","以太跃迁","Ethereal Jaunt","dm-adjudication","","false","non-combat-or-narrative","","",""
"srd-5.1:phase-spider","相位蜘蛛","phase-spider","1","蛛行","Spider Climb","dm-adjudication","","false","exploration-manual-gap","","",""
"srd-5.1:phase-spider","相位蜘蛛","phase-spider","2","蛛网行者","Web Walker","dm-adjudication","","false","non-combat-or-narrative","","",""
"srd-5.1:pit-fiend","深狱炼魔","pit-fiend","0","恐惧灵光","Fear Aura","headless","turn-start-saving-throw-aura","true","verified-full","","src/components/rules/Dnd5eCustomPluginBuilder.tsx | src/rulesets/dnd5e/activities/dnd5eActivityValidation.ts | src/rulesets/dnd5e/customMonsterWorkshop.ts | src/rulesets/dnd5e/declarativeSubclassAbility.ts | src/rulesets/dnd5e/headlessCombatEngine.ts | src/rulesets/dnd5e/monsterWorkshopAbilityTemplates.ts","src/rulesets/dnd5e/monsterTurnStartAuraHeadless.test.ts | src/rulesets/dnd5e/monsterWorkshopAbilityTemplates.test.ts | src/rulesets/dnd5e/turnStartSavingThrowAura.test.ts"
"srd-5.1:pit-fiend","深狱炼魔","pit-fiend","1","魔法抗性","Magic Resistance","headless","magic-resistance","true","verified-full","","src/components/map/Dnd5eMonsterWorkshopDialog.tsx | src/components/map/monsterWorkshopReview.ts | src/rulesets/dnd5e/customMonsterWorkshop.ts | src/rulesets/dnd5e/monsterGenericAbilities.ts | src/rulesets/dnd5e/monsterStatBlockPaste.ts | src/rulesets/dnd5e/monsterWorkshopAbilityTemplates.ts | src/rulesets/dnd5e/passiveDefenses.ts","src/rulesets/dnd5e/monsters.test.ts | src/components/map/Dnd5eMonsterAbilityTemplateLibrary.test.tsx | src/lib/combatResolutionTrace.test.ts | src/rulesets/dnd5e/customMonsterWorkshop.test.ts | src/rulesets/dnd5e/fleshGolemHeadless.test.ts | src/rulesets/dnd5e/monsterWorkshopAbilityTemplates.test.ts | src/rulesets/dnd5e/passiveDefenses.test.ts"
"srd-5.1:pit-fiend","深狱炼魔","pit-fiend","2","魔法武器","Magic Weapons","headless","magic-weapons","true","verified-full","","src/components/map/Dnd5eMonsterWorkshopDialog.tsx | src/components/map/monsterWorkshopReview.ts | src/rulesets/dnd5e/customMonsterWorkshop.ts | src/rulesets/dnd5e/headlessCombatEngine.ts | src/rulesets/dnd5e/mapBridge.ts | src/rulesets/dnd5e/monsterGenericAbilities.ts | src/rulesets/dnd5e/monsterWorkshopAbilityTemplates.ts","src/rulesets/dnd5e/monsterGenericAbilities.test.ts | src/rulesets/dnd5e/combatSimulation.test.ts | src/rulesets/dnd5e/customMonsterWorkshop.test.ts | src/rulesets/dnd5e/fleshGolemHeadless.test.ts | src/rulesets/dnd5e/mapBridge.test.ts | src/rulesets/dnd5e/monsterTurnPlanner.test.ts | src/rulesets/dnd5e/monsterWorkshopAbilityTemplates.test.ts"
"srd-5.1:pit-fiend","深狱炼魔","pit-fiend","3","天生施法","Innate Spellcasting","dm-adjudication","","false","delegated-to-monster-spells","","",""
"srd-5.1:planetar","行星神使","planetar","0","天使武器","Angelic Weapons","headless","magic-weapons","true","verified-full","","src/components/map/Dnd5eMonsterWorkshopDialog.tsx | src/components/map/monsterWorkshopReview.ts | src/rulesets/dnd5e/customMonsterWorkshop.ts | src/rulesets/dnd5e/headlessCombatEngine.ts | src/rulesets/dnd5e/mapBridge.ts | src/rulesets/dnd5e/monsterGenericAbilities.ts | src/rulesets/dnd5e/monsterWorkshopAbilityTemplates.ts","src/rulesets/dnd5e/monsterGenericAbilities.test.ts | src/rulesets/dnd5e/combatSimulation.test.ts | src/rulesets/dnd5e/customMonsterWorkshop.test.ts | src/rulesets/dnd5e/fleshGolemHeadless.test.ts | src/rulesets/dnd5e/mapBridge.test.ts | src/rulesets/dnd5e/monsterTurnPlanner.test.ts | src/rulesets/dnd5e/monsterWorkshopAbilityTemplates.test.ts"
"srd-5.1:planetar","行星神使","planetar","1","神圣感知","Divine Awareness","dm-adjudication","","false","non-combat-or-narrative","","",""
"srd-5.1:planetar","行星神使","planetar","2","天生施法","Innate Spellcasting","dm-adjudication","","false","delegated-to-monster-spells","","",""
"srd-5.1:planetar","行星神使","planetar","3","魔法抗性","Magic Resistance","headless","magic-resistance","true","verified-full","","src/components/map/Dnd5eMonsterWorkshopDialog.tsx | src/components/map/monsterWorkshopReview.ts | src/rulesets/dnd5e/customMonsterWorkshop.ts | src/rulesets/dnd5e/monsterGenericAbilities.ts | src/rulesets/dnd5e/monsterStatBlockPaste.ts | src/rulesets/dnd5e/monsterWorkshopAbilityTemplates.ts | src/rulesets/dnd5e/passiveDefenses.ts","src/components/map/Dnd5eMonsterAbilityTemplateLibrary.test.tsx | src/lib/combatResolutionTrace.test.ts | src/rulesets/dnd5e/customMonsterWorkshop.test.ts | src/rulesets/dnd5e/fleshGolemHeadless.test.ts | src/rulesets/dnd5e/monsters.test.ts | src/rulesets/dnd5e/monsterWorkshopAbilityTemplates.test.ts | src/rulesets/dnd5e/passiveDefenses.test.ts"
"srd-5.1:plesiosaurus","蛇颈龙","plesiosaurus","0","屏息","Hold Breath","dm-adjudication","","false","non-combat-or-narrative","","",""
"srd-5.1:polar-bear","北极熊","polar-bear","0","敏锐嗅觉","Keen Smell","dm-adjudication","","false","exploration-manual-gap","","",""
"srd-5.1:priest","祭司","priest","0","神圣威能","Divine Eminence","dm-adjudication","","true","combat-manual-gap","原文包含战斗效果但仍依赖 DM 裁定","",""
"srd-5.1:priest","祭司","priest","1","施法","Spellcasting","dm-adjudication","","true","delegated-to-monster-spells","","",""
"srd-5.1:pseudodragon","伪龙","pseudodragon","0","敏锐感官","Keen Senses","dm-adjudication","","false","exploration-manual-gap","","",""
"srd-5.1:pseudodragon","伪龙","pseudodragon","1","魔法抗性","Magic Resistance","headless","magic-resistance","true","verified-full","","src/components/map/Dnd5eMonsterWorkshopDialog.tsx | src/components/map/monsterWorkshopReview.ts | src/rulesets/dnd5e/customMonsterWorkshop.ts | src/rulesets/dnd5e/monsterGenericAbilities.ts | src/rulesets/dnd5e/monsterStatBlockPaste.ts | src/rulesets/dnd5e/monsterWorkshopAbilityTemplates.ts | src/rulesets/dnd5e/passiveDefenses.ts","src/rulesets/dnd5e/monsterConditionalOnHitBatch.test.ts | src/components/map/Dnd5eMonsterAbilityTemplateLibrary.test.tsx | src/lib/combatResolutionTrace.test.ts | src/rulesets/dnd5e/customMonsterWorkshop.test.ts | src/rulesets/dnd5e/fleshGolemHeadless.test.ts | src/rulesets/dnd5e/monsters.test.ts | src/rulesets/dnd5e/monsterWorkshopAbilityTemplates.test.ts | src/rulesets/dnd5e/passiveDefenses.test.ts"
"srd-5.1:pseudodragon","伪龙","pseudodragon","2","有限心灵感应","Limited Telepathy","dm-adjudication","","false","non-combat-or-narrative","","",""
"srd-5.1:purple-worm","紫虫","purple-worm","0","掘穴者","Tunneler","dm-adjudication","","true","combat-manual-gap","原文包含战斗效果但仍依赖 DM 裁定","",""
"srd-5.1:quasit","夸塞魔","quasit","0","变形生物","Shapechanger","dm-adjudication","","true","excluded-narrative-transform","","",""
"srd-5.1:quasit","夸塞魔","quasit","1","魔法抗性","Magic Resistance","headless","magic-resistance","true","verified-full","","src/components/map/Dnd5eMonsterWorkshopDialog.tsx | src/components/map/monsterWorkshopReview.ts | src/rulesets/dnd5e/customMonsterWorkshop.ts | src/rulesets/dnd5e/monsterGenericAbilities.ts | src/rulesets/dnd5e/monsterStatBlockPaste.ts | src/rulesets/dnd5e/monsterWorkshopAbilityTemplates.ts | src/rulesets/dnd5e/passiveDefenses.ts","src/components/map/Dnd5eMonsterAbilityTemplateLibrary.test.tsx | src/lib/combatResolutionTrace.test.ts | src/rulesets/dnd5e/customMonsterWorkshop.test.ts | src/rulesets/dnd5e/fleshGolemHeadless.test.ts | src/rulesets/dnd5e/monsters.test.ts | src/rulesets/dnd5e/monsterWorkshopAbilityTemplates.test.ts | src/rulesets/dnd5e/passiveDefenses.test.ts"
"srd-5.1:quipper","食人鱼","quipper","0","嗜血狂暴","Blood Frenzy","headless","blood-frenzy","true","verified-full","","src/rulesets/dnd5e/monsterGenericAbilities.ts","src/rulesets/dnd5e/monsterTriggeredAttackTraits.test.ts | src/store/characterTokenPresentation.test.ts"
"srd-5.1:quipper","食人鱼","quipper","1","水下呼吸","Water Breathing","dm-adjudication","","false","non-combat-or-narrative","","",""
"srd-5.1:rakshasa","罗刹","rakshasa","0","有限魔法免疫","Limited Magic Immunity","headless","limited-magic-immunity","true","verified-full","","src/components/map/Dnd5eMonsterWorkshopDialog.tsx | src/components/map/monsterWorkshopReview.ts | src/lib/combatLogDetails.ts | src/rulesets/dnd5e/customMonsterWorkshop.ts | src/rulesets/dnd5e/headlessCombatEngine.ts | src/rulesets/dnd5e/monsterGenericAbilities.ts","src/rulesets/dnd5e/headlessCombatEngine.test.ts | src/rulesets/dnd5e/monsterGenericAbilities.test.ts | src/rulesets/dnd5e/monsters.test.ts | src/rulesets/dnd5e/monsterSchema.test.ts | src/rulesets/dnd5e/customMonsterWorkshop.test.ts | src/rulesets/dnd5e/mapBridge.test.ts | src/rulesets/dnd5e/pluginSpellTransaction.test.ts"
"srd-5.1:rakshasa","罗刹","rakshasa","1","天生施法","Innate Spellcasting","dm-adjudication","","true","delegated-to-monster-spells","","",""
"srd-5.1:rat","老鼠","rat","0","敏锐嗅觉","Keen Smell","dm-adjudication","","false","exploration-manual-gap","","",""
"srd-5.1:raven","渡鸦","raven","0","拟声","Mimicry","dm-adjudication","","false","exploration-manual-gap","","",""
"srd-5.1:reef-shark","礁鲨","reef-shark","0","集群战术","Pack Tactics","headless","pack-tactics","true","verified-full","","src/rulesets/dnd5e/customMonsterWorkshop.ts | src/rulesets/dnd5e/monsterGenericAbilities.ts","src/rulesets/dnd5e/monsterAttackAction.test.ts | src/rulesets/dnd5e/monsterGenericAbilities.test.ts | src/rulesets/dnd5e/monsters.test.ts | src/rulesets/dnd5e/monsterSchema.test.ts"
"srd-5.1:reef-shark","礁鲨","reef-shark","1","水下呼吸","Water Breathing","dm-adjudication","","false","non-combat-or-narrative","","",""
"srd-5.1:remorhaz","寒炎虫","remorhaz","0","灼热躯体","Heated Body","dm-adjudication","","true","combat-manual-gap","原文包含战斗效果但仍依赖 DM 裁定","",""
"srd-5.1:rhinoceros","犀牛","rhinoceros","0","冲锋","Charge","headless","charge-damage","true","verified-full","","src/components/map/Dnd5eMonsterWorkshopDialog.tsx | src/components/map/monsterWorkshopReview.ts | src/pages/MapsWorkspacePage.tsx | src/rulesets/dnd5e/customMonsterWorkshop.ts | src/rulesets/dnd5e/headlessCombatEngine.ts | src/rulesets/dnd5e/monsterGenericAbilities.ts | src/rulesets/dnd5e/monsterStatBlockPaste.ts | src/rulesets/dnd5e/monsterTurnPlanner.ts | src/rulesets/dnd5e/monsterWorkshopAbilityTemplates.ts","src/rulesets/dnd5e/monsterCatalogAttackTraitRuntime.test.ts | src/rulesets/dnd5e/customMonsterWorkshop.test.ts | src/rulesets/dnd5e/monsterAttackAction.test.ts | src/rulesets/dnd5e/monsterWorkshopAbilityTemplates.test.ts"
"srd-5.1:roc","鹏鸟","roc","0","敏锐视觉","Keen Sight","dm-adjudication","","false","exploration-manual-gap","","",""
"srd-5.1:roper","绳索怪","roper","0","虚假外表","False Appearance","dm-adjudication","","false","excluded-narrative-transform","","",""
"srd-5.1:roper","绳索怪","roper","1","攫握卷须","Grasping Tendrils","dm-adjudication","","true","combat-manual-gap","原文包含战斗效果但仍依赖 DM 裁定","",""
"srd-5.1:roper","绳索怪","roper","2","蛛行","Spider Climb","dm-adjudication","","false","exploration-manual-gap","","",""
"srd-5.1:rug-of-smothering","窒息地毯","rug-of-smothering","0","反魔法易感","Antimagic Susceptibility","dm-adjudication","","true","combat-manual-gap","原文包含战斗效果但仍依赖 DM 裁定","",""
"srd-5.1:rug-of-smothering","窒息地毯","rug-of-smothering","1","伤害转移","Damage Transfer","dm-adjudication","","true","combat-manual-gap","原文包含战斗效果但仍依赖 DM 裁定","",""
"srd-5.1:rug-of-smothering","窒息地毯","rug-of-smothering","2","虚假外表","False Appearance","dm-adjudication","","false","excluded-narrative-transform","","",""
"srd-5.1:rust-monster","锈蚀怪","rust-monster","0","嗅铁","Iron Scent","dm-adjudication","","false","non-combat-or-narrative","","",""
"srd-5.1:rust-monster","锈蚀怪","rust-monster","1","锈蚀金属","Rust Metal","dm-adjudication","","true","combat-manual-gap","原文包含战斗效果但仍依赖 DM 裁定","",""
"srd-5.1:saber-toothed-tiger","剑齿虎","saber-toothed-tiger","0","敏锐嗅觉","Keen Smell","dm-adjudication","","false","exploration-manual-gap","","",""
"srd-5.1:saber-toothed-tiger","剑齿虎","saber-toothed-tiger","1","猛扑","Pounce","headless","charge-damage","true","verified-full","","src/components/map/Dnd5eMonsterWorkshopDialog.tsx | src/components/map/monsterWorkshopReview.ts | src/pages/MapsWorkspacePage.tsx | src/rulesets/dnd5e/customMonsterWorkshop.ts | src/rulesets/dnd5e/headlessCombatEngine.ts | src/rulesets/dnd5e/monsterGenericAbilities.ts | src/rulesets/dnd5e/monsterStatBlockPaste.ts | src/rulesets/dnd5e/monsterTurnPlanner.ts | src/rulesets/dnd5e/monsterWorkshopAbilityTemplates.ts","src/rulesets/dnd5e/monsterCatalogAttackTraitRuntime.test.ts | src/rulesets/dnd5e/customMonsterWorkshop.test.ts | src/rulesets/dnd5e/monsterAttackAction.test.ts | src/rulesets/dnd5e/monsterWorkshopAbilityTemplates.test.ts"
"srd-5.1:sahuagin","沙华鱼人","sahuagin","0","嗜血狂暴","Blood Frenzy","headless","blood-frenzy","true","verified-full","","src/rulesets/dnd5e/monsterGenericAbilities.ts","src/rulesets/dnd5e/monsterTriggeredAttackTraits.test.ts | src/store/characterTokenPresentation.test.ts"
"srd-5.1:sahuagin","沙华鱼人","sahuagin","1","有限两栖","Limited Amphibiousness","dm-adjudication","","false","non-combat-or-narrative","","",""
"srd-5.1:sahuagin","沙华鱼人","sahuagin","2","鲨鱼心灵感应","Shark Telepathy","dm-adjudication","","false","non-combat-or-narrative","","",""
"srd-5.1:salamander","火蜥蜴","salamander","0","灼热躯体","Heated Body","dm-adjudication","","true","combat-manual-gap","原文包含战斗效果但仍依赖 DM 裁定","",""
"srd-5.1:salamander","火蜥蜴","salamander","1","灼热武器","Heated Weapons","dm-adjudication","","true","combat-manual-gap","原文包含战斗效果但仍依赖 DM 裁定","",""
"srd-5.1:satyr","萨堤尔","satyr","0","魔法抗性","Magic Resistance","headless","magic-resistance","true","verified-full","","src/components/map/Dnd5eMonsterWorkshopDialog.tsx | src/components/map/monsterWorkshopReview.ts | src/rulesets/dnd5e/customMonsterWorkshop.ts | src/rulesets/dnd5e/monsterGenericAbilities.ts | src/rulesets/dnd5e/monsterStatBlockPaste.ts | src/rulesets/dnd5e/monsterWorkshopAbilityTemplates.ts | src/rulesets/dnd5e/passiveDefenses.ts","src/components/map/Dnd5eMonsterAbilityTemplateLibrary.test.tsx | src/lib/combatResolutionTrace.test.ts | src/rulesets/dnd5e/customMonsterWorkshop.test.ts | src/rulesets/dnd5e/fleshGolemHeadless.test.ts | src/rulesets/dnd5e/monsters.test.ts | src/rulesets/dnd5e/monsterWorkshopAbilityTemplates.test.ts | src/rulesets/dnd5e/passiveDefenses.test.ts"
"srd-5.1:scout","斥候","scout","0","敏锐听觉与视觉","Keen Hearing and Sight","dm-adjudication","","false","exploration-manual-gap","","",""
"srd-5.1:sea-hag","海鬼婆","sea-hag","0","两栖","Amphibious","dm-adjudication","","false","non-combat-or-narrative","","",""
"srd-5.1:sea-hag","海鬼婆","sea-hag","1","骇人外貌","Horrific Appearance","dm-adjudication","","true","combat-manual-gap","原文包含战斗效果但仍依赖 DM 裁定","",""
"srd-5.1:sea-horse","海马","sea-horse","0","水下呼吸","Water Breathing","dm-adjudication","","false","non-combat-or-narrative","","",""
"srd-5.1:shadow","幽影","shadow","0","无定形","Amorphous","dm-adjudication","","false","non-combat-or-narrative","","",""
"srd-5.1:shadow","幽影","shadow","1","阴影隐匿","Shadow Stealth","dm-adjudication","","false","exploration-manual-gap","","",""
"srd-5.1:shadow","幽影","shadow","2","阳光弱点","Sunlight Weakness","dm-adjudication","","true","combat-manual-gap","原文包含战斗效果但仍依赖 DM 裁定","",""
"srd-5.1:shambling-mound","蔓生怪","shambling-mound","0","闪电吸收","Lightning Absorption","dm-adjudication","","true","combat-manual-gap","原文包含战斗效果但仍依赖 DM 裁定","",""
"srd-5.1:shield-guardian","盾卫者","shield-guardian","0","受缚","Bound","dm-adjudication","","true","combat-manual-gap","原文包含战斗效果但仍依赖 DM 裁定","",""
"srd-5.1:shield-guardian","盾卫者","shield-guardian","1","再生","Regeneration","headless","regeneration","true","verified-full","","src/components/map/Dnd5eMonsterWorkshopDialog.tsx | src/components/map/monsterWorkshopReview.ts | src/rulesets/dnd5e/customMonsterWorkshop.ts | src/rulesets/dnd5e/monsterGenericAbilities.ts | src/rulesets/dnd5e/monsterStatBlockPaste.ts | src/rulesets/dnd5e/monsterWorkshopAbilityTemplates.ts | src/rulesets/dnd5e/tokenStatusMarkers.ts | src/store/roomCommands.ts","src/rulesets/dnd5e/beginTurnAction.test.ts | src/rulesets/dnd5e/monsterGenericAbilities.test.ts | src/rulesets/dnd5e/monsterWorkshopAbilityTemplates.test.ts"
"srd-5.1:shield-guardian","盾卫者","shield-guardian","2","储存法术","Spell Storing","dm-adjudication","","false","non-combat-or-narrative","","",""
"srd-5.1:shrieker","尖叫蕈","shrieker","0","虚假外表","False Appearance","dm-adjudication","","false","excluded-narrative-transform","","",""
"srd-5.1:solar","太阳神使","solar","0","天使武器","Angelic Weapons","headless","magic-weapons","true","verified-full","","src/components/map/Dnd5eMonsterWorkshopDialog.tsx | src/components/map/monsterWorkshopReview.ts | src/rulesets/dnd5e/customMonsterWorkshop.ts | src/rulesets/dnd5e/headlessCombatEngine.ts | src/rulesets/dnd5e/mapBridge.ts | src/rulesets/dnd5e/monsterGenericAbilities.ts | src/rulesets/dnd5e/monsterWorkshopAbilityTemplates.ts","src/rulesets/dnd5e/monsterGenericAbilities.test.ts | src/rulesets/dnd5e/combatSimulation.test.ts | src/rulesets/dnd5e/customMonsterWorkshop.test.ts | src/rulesets/dnd5e/fleshGolemHeadless.test.ts | src/rulesets/dnd5e/mapBridge.test.ts | src/rulesets/dnd5e/monsterTurnPlanner.test.ts | src/rulesets/dnd5e/monsterWorkshopAbilityTemplates.test.ts"
"srd-5.1:solar","太阳神使","solar","1","神圣感知","Divine Awareness","dm-adjudication","","false","non-combat-or-narrative","","",""
"srd-5.1:solar","太阳神使","solar","2","天生施法","Innate Spellcasting","dm-adjudication","","false","delegated-to-monster-spells","","",""
"srd-5.1:solar","太阳神使","solar","3","魔法抗性","Magic Resistance","headless","magic-resistance","true","verified-full","","src/components/map/Dnd5eMonsterWorkshopDialog.tsx | src/components/map/monsterWorkshopReview.ts | src/rulesets/dnd5e/customMonsterWorkshop.ts | src/rulesets/dnd5e/monsterGenericAbilities.ts | src/rulesets/dnd5e/monsterStatBlockPaste.ts | src/rulesets/dnd5e/monsterWorkshopAbilityTemplates.ts | src/rulesets/dnd5e/passiveDefenses.ts","src/components/map/Dnd5eMonsterAbilityTemplateLibrary.test.tsx | src/lib/combatResolutionTrace.test.ts | src/rulesets/dnd5e/customMonsterWorkshop.test.ts | src/rulesets/dnd5e/fleshGolemHeadless.test.ts | src/rulesets/dnd5e/monsters.test.ts | src/rulesets/dnd5e/monsterWorkshopAbilityTemplates.test.ts | src/rulesets/dnd5e/passiveDefenses.test.ts"
"srd-5.1:specter","幽魂","specter","0","虚体移动","Incorporeal Movement","dm-adjudication","","true","combat-manual-gap","原文包含战斗效果但仍依赖 DM 裁定","",""
"srd-5.1:specter","幽魂","specter","1","阳光敏感","Sunlight Sensitivity","dm-adjudication","","true","combat-manual-gap","原文包含战斗效果但仍依赖 DM 裁定","",""
"srd-5.1:spider","蜘蛛","spider","0","蛛行","Spider Climb","dm-adjudication","","false","exploration-manual-gap","","",""
"srd-5.1:spider","蜘蛛","spider","1","蛛网感知","Web Sense","dm-adjudication","","false","non-combat-or-narrative","","",""
"srd-5.1:spider","蜘蛛","spider","2","蛛网行者","Web Walker","dm-adjudication","","false","non-combat-or-narrative","","",""
"srd-5.1:spirit-naga","邪灵纳迦","spirit-naga","0","复苏","Rejuvenation","dm-adjudication","","true","combat-manual-gap","原文包含战斗效果但仍依赖 DM 裁定","",""
"srd-5.1:spirit-naga","邪灵纳迦","spirit-naga","1","施法","Spellcasting","dm-adjudication","","true","delegated-to-monster-spells","","",""
"srd-5.1:spy","间谍","spy","0","狡诈动作","Cunning Action","dm-adjudication","","true","combat-manual-gap","原文包含战斗效果但仍依赖 DM 裁定","",""
"srd-5.1:spy","间谍","spy","1","偷袭（每回合 1 次）","Sneak Attack (1/Turn)","headless","sneak-attack","true","verified-full","","src/components/map/Dnd5eMonsterWorkshopDialog.tsx | src/lib/combatLogDetails.ts | src/lib/dnd5eActionIcons.ts | src/pages/MapsWorkspacePage.tsx | src/rulesets/dnd5e/classes.ts | src/rulesets/dnd5e/customMonsterWorkshop.ts | src/rulesets/dnd5e/headlessCombatEngine.ts | src/rulesets/dnd5e/monsterGenericAbilities.ts | src/rulesets/dnd5e/monsterTurnPlanner.ts | src/rulesets/dnd5e/monsterWorkshopAbilityTemplates.ts","src/rulesets/dnd5e/headlessCombatEngine.test.ts | src/rulesets/dnd5e/monsterCatalogAttackTraitDeclarations.test.ts | src/rulesets/dnd5e/monsterCatalogAttackTraitRuntime.test.ts | src/domain/combat/combatMath.test.ts | src/rulesets/dnd5e/equipmentAttackAction.test.ts | src/rulesets/dnd5e/monsterWorkshopAbilityTemplates.test.ts"
"srd-5.1:steam-mephit","蒸汽魔蝠","steam-mephit","0","死亡爆裂","Death Burst","headless","death-area-saving-throw","true","verified-full","","src/pages/maps/settleDnd5eCombatResult.ts | src/rulesets/dnd5e/combatSimulation.ts | src/rulesets/dnd5e/headlessCombatEngine.ts","src/rulesets/dnd5e/monsterDeathAreaAndUnnervingMaskCatalog.test.ts | src/rulesets/dnd5e/monsterDeathAreaRuntime.test.ts"
"srd-5.1:steam-mephit","蒸汽魔蝠","steam-mephit","1","天生施法","Innate Spellcasting","dm-adjudication","","false","delegated-to-monster-spells","","",""
"srd-5.1:stone-giant","石巨人","stone-giant","0","岩石伪装","Stone Camouflage","dm-adjudication","","false","exploration-manual-gap","","",""
"srd-5.1:stone-golem","石魔像","stone-golem","0","不变形态","Immutable Form","dm-adjudication","","true","combat-manual-gap","原文包含战斗效果但仍依赖 DM 裁定","",""
"srd-5.1:stone-golem","石魔像","stone-golem","1","魔法抗性","Magic Resistance","headless","magic-resistance","true","verified-full","","src/components/map/Dnd5eMonsterWorkshopDialog.tsx | src/components/map/monsterWorkshopReview.ts | src/rulesets/dnd5e/customMonsterWorkshop.ts | src/rulesets/dnd5e/monsterGenericAbilities.ts | src/rulesets/dnd5e/monsterStatBlockPaste.ts | src/rulesets/dnd5e/monsterWorkshopAbilityTemplates.ts | src/rulesets/dnd5e/passiveDefenses.ts","src/components/map/Dnd5eMonsterAbilityTemplateLibrary.test.tsx | src/lib/combatResolutionTrace.test.ts | src/rulesets/dnd5e/customMonsterWorkshop.test.ts | src/rulesets/dnd5e/fleshGolemHeadless.test.ts | src/rulesets/dnd5e/monsters.test.ts | src/rulesets/dnd5e/monsterWorkshopAbilityTemplates.test.ts | src/rulesets/dnd5e/passiveDefenses.test.ts"
"srd-5.1:stone-golem","石魔像","stone-golem","2","魔法武器","Magic Weapons","headless","magic-weapons","true","verified-full","","src/components/map/Dnd5eMonsterWorkshopDialog.tsx | src/components/map/monsterWorkshopReview.ts | src/rulesets/dnd5e/customMonsterWorkshop.ts | src/rulesets/dnd5e/headlessCombatEngine.ts | src/rulesets/dnd5e/mapBridge.ts | src/rulesets/dnd5e/monsterGenericAbilities.ts | src/rulesets/dnd5e/monsterWorkshopAbilityTemplates.ts","src/rulesets/dnd5e/monsterGenericAbilities.test.ts | src/rulesets/dnd5e/combatSimulation.test.ts | src/rulesets/dnd5e/customMonsterWorkshop.test.ts | src/rulesets/dnd5e/fleshGolemHeadless.test.ts | src/rulesets/dnd5e/mapBridge.test.ts | src/rulesets/dnd5e/monsterTurnPlanner.test.ts | src/rulesets/dnd5e/monsterWorkshopAbilityTemplates.test.ts"
"srd-5.1:storm-giant","风暴巨人","storm-giant","0","两栖","Amphibious","dm-adjudication","","false","non-combat-or-narrative","","",""
"srd-5.1:storm-giant","风暴巨人","storm-giant","1","天生施法","Innate Spellcasting","dm-adjudication","","false","delegated-to-monster-spells","","",""
"srd-5.1:succubus-incubus","魅魔／梦魔","succubus-incubus","0","心灵联结","Telepathic Bond","dm-adjudication","","true","combat-manual-gap","原文包含战斗效果但仍依赖 DM 裁定","",""
"srd-5.1:succubus-incubus","魅魔／梦魔","succubus-incubus","1","变形生物","Shapechanger","dm-adjudication","","true","excluded-narrative-transform","","",""
"srd-5.1:swarm-of-bats","蝙蝠群","swarm-of-bats","0","回声定位","Echolocation","dm-adjudication","","false","exploration-manual-gap","","",""
"srd-5.1:swarm-of-bats","蝙蝠群","swarm-of-bats","1","敏锐听觉","Keen Hearing","dm-adjudication","","false","exploration-manual-gap","","",""
"srd-5.1:swarm-of-bats","蝙蝠群","swarm-of-bats","2","群集","Swarm","headless","swarm","true","verified-full","","src/components/map/Dnd5eMonsterWorkshopDialog.tsx | src/components/map/monsterWorkshopReview.ts | src/rulesets/dnd5e/customMonsterWorkshop.ts | src/rulesets/dnd5e/monsterGenericAbilities.ts | src/rulesets/dnd5e/monsterStatBlockPaste.ts","src/store/characterTokenPresentation.test.ts | src/rulesets/dnd5e/monsterResourceActions.test.ts"
"srd-5.1:swarm-of-beetles","甲虫群","swarm-of-beetles","0","群集","Swarm","headless","swarm","true","verified-full","","src/components/map/Dnd5eMonsterWorkshopDialog.tsx | src/components/map/monsterWorkshopReview.ts | src/rulesets/dnd5e/customMonsterWorkshop.ts | src/rulesets/dnd5e/monsterGenericAbilities.ts | src/rulesets/dnd5e/monsterStatBlockPaste.ts","src/store/characterTokenPresentation.test.ts | src/rulesets/dnd5e/monsterResourceActions.test.ts"
"srd-5.1:swarm-of-centipedes","蜈蚣群","swarm-of-centipedes","0","群集","Swarm","headless","swarm","true","verified-full","","src/components/map/Dnd5eMonsterWorkshopDialog.tsx | src/components/map/monsterWorkshopReview.ts | src/rulesets/dnd5e/customMonsterWorkshop.ts | src/rulesets/dnd5e/monsterGenericAbilities.ts | src/rulesets/dnd5e/monsterStatBlockPaste.ts","src/rulesets/dnd5e/monsterRemainingSettlementBatch.test.ts | src/store/characterTokenPresentation.test.ts | src/rulesets/dnd5e/monsterResourceActions.test.ts"
"srd-5.1:swarm-of-insects","昆虫群","swarm-of-insects","0","群集","Swarm","headless","swarm","true","verified-full","","src/components/map/Dnd5eMonsterWorkshopDialog.tsx | src/components/map/monsterWorkshopReview.ts | src/rulesets/dnd5e/customMonsterWorkshop.ts | src/rulesets/dnd5e/monsterGenericAbilities.ts | src/rulesets/dnd5e/monsterStatBlockPaste.ts","src/store/characterTokenPresentation.test.ts | src/rulesets/dnd5e/monsterResourceActions.test.ts"
"srd-5.1:swarm-of-poisonous-snakes","毒蛇群","swarm-of-poisonous-snakes","0","群集","Swarm","headless","swarm","true","verified-full","","src/components/map/Dnd5eMonsterWorkshopDialog.tsx | src/components/map/monsterWorkshopReview.ts | src/rulesets/dnd5e/customMonsterWorkshop.ts | src/rulesets/dnd5e/monsterGenericAbilities.ts | src/rulesets/dnd5e/monsterStatBlockPaste.ts","src/rulesets/dnd5e/monsters.test.ts | src/store/characterTokenPresentation.test.ts | src/rulesets/dnd5e/monsterResourceActions.test.ts"
"srd-5.1:swarm-of-quippers","食人鱼群","swarm-of-quippers","0","嗜血狂暴","Blood Frenzy","headless","blood-frenzy","true","verified-full","","src/rulesets/dnd5e/monsterGenericAbilities.ts","src/rulesets/dnd5e/monsterTriggeredAttackTraits.test.ts | src/store/characterTokenPresentation.test.ts"
"srd-5.1:swarm-of-quippers","食人鱼群","swarm-of-quippers","1","群集","Swarm","headless","swarm","true","verified-full","","src/components/map/Dnd5eMonsterWorkshopDialog.tsx | src/components/map/monsterWorkshopReview.ts | src/rulesets/dnd5e/customMonsterWorkshop.ts | src/rulesets/dnd5e/monsterGenericAbilities.ts | src/rulesets/dnd5e/monsterStatBlockPaste.ts","src/rulesets/dnd5e/monsterTriggeredAttackTraits.test.ts | src/store/characterTokenPresentation.test.ts | src/rulesets/dnd5e/monsterResourceActions.test.ts"
"srd-5.1:swarm-of-quippers","食人鱼群","swarm-of-quippers","2","水下呼吸","Water Breathing","dm-adjudication","","false","non-combat-or-narrative","","",""
"srd-5.1:swarm-of-rats","鼠群","swarm-of-rats","0","敏锐嗅觉","Keen Smell","dm-adjudication","","false","exploration-manual-gap","","",""
"srd-5.1:swarm-of-rats","鼠群","swarm-of-rats","1","群集","Swarm","headless","swarm","true","verified-full","","src/components/map/Dnd5eMonsterWorkshopDialog.tsx | src/components/map/monsterWorkshopReview.ts | src/rulesets/dnd5e/customMonsterWorkshop.ts | src/rulesets/dnd5e/monsterGenericAbilities.ts | src/rulesets/dnd5e/monsterStatBlockPaste.ts","src/rulesets/dnd5e/monsterGenericAbilities.test.ts | src/rulesets/dnd5e/monsterResourceActions.test.ts | src/store/characterTokenPresentation.test.ts"
"srd-5.1:swarm-of-ravens","渡鸦群","swarm-of-ravens","0","群集","Swarm","headless","swarm","true","verified-full","","src/components/map/Dnd5eMonsterWorkshopDialog.tsx | src/components/map/monsterWorkshopReview.ts | src/rulesets/dnd5e/customMonsterWorkshop.ts | src/rulesets/dnd5e/monsterGenericAbilities.ts | src/rulesets/dnd5e/monsterStatBlockPaste.ts","src/store/characterTokenPresentation.test.ts | src/rulesets/dnd5e/monsterResourceActions.test.ts"
"srd-5.1:swarm-of-spiders","蜘蛛群","swarm-of-spiders","0","群集","Swarm","headless","swarm","true","verified-full","","src/components/map/Dnd5eMonsterWorkshopDialog.tsx | src/components/map/monsterWorkshopReview.ts | src/rulesets/dnd5e/customMonsterWorkshop.ts | src/rulesets/dnd5e/monsterGenericAbilities.ts | src/rulesets/dnd5e/monsterStatBlockPaste.ts","src/store/characterTokenPresentation.test.ts | src/rulesets/dnd5e/monsterResourceActions.test.ts"
"srd-5.1:swarm-of-spiders","蜘蛛群","swarm-of-spiders","1","蛛行","Spider Climb","dm-adjudication","","false","exploration-manual-gap","","",""
"srd-5.1:swarm-of-spiders","蜘蛛群","swarm-of-spiders","2","蛛网感知","Web Sense","dm-adjudication","","false","non-combat-or-narrative","","",""
"srd-5.1:swarm-of-spiders","蜘蛛群","swarm-of-spiders","3","蛛网行者","Web Walker","dm-adjudication","","false","non-combat-or-narrative","","",""
"srd-5.1:swarm-of-wasps","蜂群","swarm-of-wasps","0","群集","Swarm","headless","swarm","true","verified-full","","src/components/map/Dnd5eMonsterWorkshopDialog.tsx | src/components/map/monsterWorkshopReview.ts | src/rulesets/dnd5e/customMonsterWorkshop.ts | src/rulesets/dnd5e/monsterGenericAbilities.ts | src/rulesets/dnd5e/monsterStatBlockPaste.ts","src/store/characterTokenPresentation.test.ts | src/rulesets/dnd5e/monsterResourceActions.test.ts"
"srd-5.1:tarrasque","塔拉斯克","tarrasque","0","传奇抗性","Legendary Resistance","headless","legendary-resistance","true","verified-full","","src/lib/combatInterruptProtocol.ts | src/lib/combatInterruptQueue.ts | src/lib/sharedResourceValidation.ts | src/pages/MapsWorkspacePage.tsx | src/rulesets/dnd5e/monsterGenericAbilities.ts","src/lib/sharedServerCore.test.ts | src/rulesets/dnd5e/headlessCombatEngine.test.ts | src/rulesets/dnd5e/monsterLegendaryResistanceTraits.test.ts"
"srd-5.1:tarrasque","塔拉斯克","tarrasque","1","魔法抗性","Magic Resistance","headless","magic-resistance","true","verified-full","","src/components/map/Dnd5eMonsterWorkshopDialog.tsx | src/components/map/monsterWorkshopReview.ts | src/rulesets/dnd5e/customMonsterWorkshop.ts | src/rulesets/dnd5e/monsterGenericAbilities.ts | src/rulesets/dnd5e/monsterStatBlockPaste.ts | src/rulesets/dnd5e/monsterWorkshopAbilityTemplates.ts | src/rulesets/dnd5e/passiveDefenses.ts","src/rulesets/dnd5e/monsters.test.ts | src/components/map/Dnd5eMonsterAbilityTemplateLibrary.test.tsx | src/lib/combatResolutionTrace.test.ts | src/rulesets/dnd5e/customMonsterWorkshop.test.ts | src/rulesets/dnd5e/fleshGolemHeadless.test.ts | src/rulesets/dnd5e/monsterWorkshopAbilityTemplates.test.ts | src/rulesets/dnd5e/passiveDefenses.test.ts"
"srd-5.1:tarrasque","塔拉斯克","tarrasque","2","反射甲壳","Reflective Carapace","dm-adjudication","","true","combat-manual-gap","原文包含战斗效果但仍依赖 DM 裁定","",""
"srd-5.1:tarrasque","塔拉斯克","tarrasque","3","攻城怪物","Siege Monster","dm-adjudication","","true","combat-manual-gap","原文包含战斗效果但仍依赖 DM 裁定","",""
"srd-5.1:thug","暴徒","thug","0","集群战术","Pack Tactics","headless","pack-tactics","true","verified-full","","src/rulesets/dnd5e/customMonsterWorkshop.ts | src/rulesets/dnd5e/monsterGenericAbilities.ts","src/rulesets/dnd5e/monsterGenericAbilities.test.ts | src/rulesets/dnd5e/monsters.test.ts | src/rulesets/dnd5e/monsterSchema.test.ts"
"srd-5.1:tiger","老虎","tiger","0","敏锐嗅觉","Keen Smell","dm-adjudication","","false","exploration-manual-gap","","",""
"srd-5.1:tiger","老虎","tiger","1","猛扑","Pounce","headless","charge-damage","true","verified-full","","src/components/map/Dnd5eMonsterWorkshopDialog.tsx | src/components/map/monsterWorkshopReview.ts | src/pages/MapsWorkspacePage.tsx | src/rulesets/dnd5e/customMonsterWorkshop.ts | src/rulesets/dnd5e/headlessCombatEngine.ts | src/rulesets/dnd5e/monsterGenericAbilities.ts | src/rulesets/dnd5e/monsterStatBlockPaste.ts | src/rulesets/dnd5e/monsterTurnPlanner.ts | src/rulesets/dnd5e/monsterWorkshopAbilityTemplates.ts","src/rulesets/dnd5e/monsterCatalogAttackTraitRuntime.test.ts | src/rulesets/dnd5e/customMonsterWorkshop.test.ts | src/rulesets/dnd5e/monsterAttackAction.test.ts | src/rulesets/dnd5e/monsterWorkshopAbilityTemplates.test.ts"
"srd-5.1:treant","树人","treant","0","虚假外表","False Appearance","dm-adjudication","","false","excluded-narrative-transform","","",""
"srd-5.1:treant","树人","treant","1","攻城怪物","Siege Monster","dm-adjudication","","true","combat-manual-gap","原文包含战斗效果但仍依赖 DM 裁定","",""
"srd-5.1:tribal-warrior","部落战士","tribal-warrior","0","集群战术","Pack Tactics","headless","pack-tactics","true","verified-full","","src/rulesets/dnd5e/customMonsterWorkshop.ts | src/rulesets/dnd5e/monsterGenericAbilities.ts","src/rulesets/dnd5e/monsters.test.ts | src/rulesets/dnd5e/monsterGenericAbilities.test.ts | src/rulesets/dnd5e/monsterSchema.test.ts"
"srd-5.1:triceratops","三角龙","triceratops","0","践踏冲锋","Trampling Charge","headless","charge-damage","true","verified-full","","src/components/map/Dnd5eMonsterWorkshopDialog.tsx | src/components/map/monsterWorkshopReview.ts | src/pages/MapsWorkspacePage.tsx | src/rulesets/dnd5e/customMonsterWorkshop.ts | src/rulesets/dnd5e/headlessCombatEngine.ts | src/rulesets/dnd5e/monsterGenericAbilities.ts | src/rulesets/dnd5e/monsterStatBlockPaste.ts | src/rulesets/dnd5e/monsterTurnPlanner.ts | src/rulesets/dnd5e/monsterWorkshopAbilityTemplates.ts","src/rulesets/dnd5e/monsterCatalogAttackTraitRuntime.test.ts | src/rulesets/dnd5e/customMonsterWorkshop.test.ts | src/rulesets/dnd5e/monsterAttackAction.test.ts | src/rulesets/dnd5e/monsterWorkshopAbilityTemplates.test.ts"
"srd-5.1:troll","巨魔","troll","0","敏锐嗅觉","Keen Smell","dm-adjudication","","false","exploration-manual-gap","","",""
"srd-5.1:troll","巨魔","troll","1","再生","Regeneration","headless","regeneration","true","verified-full","","src/components/map/Dnd5eMonsterWorkshopDialog.tsx | src/components/map/monsterWorkshopReview.ts | src/rulesets/dnd5e/customMonsterWorkshop.ts | src/rulesets/dnd5e/monsterGenericAbilities.ts | src/rulesets/dnd5e/monsterStatBlockPaste.ts | src/rulesets/dnd5e/monsterWorkshopAbilityTemplates.ts | src/rulesets/dnd5e/tokenStatusMarkers.ts | src/store/roomCommands.ts","src/lib/combatTokens.test.ts | src/pages/maps/monsterStatusTokenMarks.test.ts | src/rulesets/dnd5e/endTurnAction.test.ts | src/rulesets/dnd5e/monsterGenericAbilities.test.ts | src/rulesets/dnd5e/tokenStatusMarkers.test.ts | src/store/roomCommands.test.ts | src/rulesets/dnd5e/beginTurnAction.test.ts | src/rulesets/dnd5e/monsterWorkshopAbilityTemplates.test.ts"
"srd-5.1:unicorn","独角兽","unicorn","0","冲锋","Charge","headless","charge-damage","true","verified-full","","src/components/map/Dnd5eMonsterWorkshopDialog.tsx | src/components/map/monsterWorkshopReview.ts | src/pages/MapsWorkspacePage.tsx | src/rulesets/dnd5e/customMonsterWorkshop.ts | src/rulesets/dnd5e/headlessCombatEngine.ts | src/rulesets/dnd5e/monsterGenericAbilities.ts | src/rulesets/dnd5e/monsterStatBlockPaste.ts | src/rulesets/dnd5e/monsterTurnPlanner.ts | src/rulesets/dnd5e/monsterWorkshopAbilityTemplates.ts","src/rulesets/dnd5e/monsterCatalogAttackTraitRuntime.test.ts | src/rulesets/dnd5e/customMonsterWorkshop.test.ts | src/rulesets/dnd5e/monsterAttackAction.test.ts | src/rulesets/dnd5e/monsterWorkshopAbilityTemplates.test.ts"
"srd-5.1:unicorn","独角兽","unicorn","1","天生施法","Innate Spellcasting","dm-adjudication","","false","delegated-to-monster-spells","","",""
"srd-5.1:unicorn","独角兽","unicorn","2","魔法抗性","Magic Resistance","headless","magic-resistance","true","verified-full","","src/components/map/Dnd5eMonsterWorkshopDialog.tsx | src/components/map/monsterWorkshopReview.ts | src/rulesets/dnd5e/customMonsterWorkshop.ts | src/rulesets/dnd5e/monsterGenericAbilities.ts | src/rulesets/dnd5e/monsterStatBlockPaste.ts | src/rulesets/dnd5e/monsterWorkshopAbilityTemplates.ts | src/rulesets/dnd5e/passiveDefenses.ts","src/rulesets/dnd5e/monsters.test.ts | src/components/map/Dnd5eMonsterAbilityTemplateLibrary.test.tsx | src/lib/combatResolutionTrace.test.ts | src/rulesets/dnd5e/customMonsterWorkshop.test.ts | src/rulesets/dnd5e/fleshGolemHeadless.test.ts | src/rulesets/dnd5e/monsterWorkshopAbilityTemplates.test.ts | src/rulesets/dnd5e/passiveDefenses.test.ts"
"srd-5.1:unicorn","独角兽","unicorn","3","魔法武器","Magic Weapons","headless","magic-weapons","true","verified-full","","src/components/map/Dnd5eMonsterWorkshopDialog.tsx | src/components/map/monsterWorkshopReview.ts | src/rulesets/dnd5e/customMonsterWorkshop.ts | src/rulesets/dnd5e/headlessCombatEngine.ts | src/rulesets/dnd5e/mapBridge.ts | src/rulesets/dnd5e/monsterGenericAbilities.ts | src/rulesets/dnd5e/monsterWorkshopAbilityTemplates.ts","src/rulesets/dnd5e/monsterGenericAbilities.test.ts | src/rulesets/dnd5e/combatSimulation.test.ts | src/rulesets/dnd5e/customMonsterWorkshop.test.ts | src/rulesets/dnd5e/fleshGolemHeadless.test.ts | src/rulesets/dnd5e/mapBridge.test.ts | src/rulesets/dnd5e/monsterTurnPlanner.test.ts | src/rulesets/dnd5e/monsterWorkshopAbilityTemplates.test.ts"
"srd-5.1:vampire-spawn","吸血鬼衍体","vampire-spawn","0","再生","Regeneration","headless","regeneration","true","verified-full","","src/components/map/Dnd5eMonsterWorkshopDialog.tsx | src/components/map/monsterWorkshopReview.ts | src/rulesets/dnd5e/customMonsterWorkshop.ts | src/rulesets/dnd5e/monsterGenericAbilities.ts | src/rulesets/dnd5e/monsterStatBlockPaste.ts | src/rulesets/dnd5e/monsterWorkshopAbilityTemplates.ts | src/rulesets/dnd5e/tokenStatusMarkers.ts | src/store/roomCommands.ts","src/rulesets/dnd5e/beginTurnAction.test.ts | src/rulesets/dnd5e/monsterGenericAbilities.test.ts | src/rulesets/dnd5e/monsterWorkshopAbilityTemplates.test.ts"
"srd-5.1:vampire-spawn","吸血鬼衍体","vampire-spawn","1","蛛行","Spider Climb","dm-adjudication","","false","exploration-manual-gap","","",""
"srd-5.1:vampire-spawn","吸血鬼衍体","vampire-spawn","2","吸血鬼弱点","Vampire Weaknesses","dm-adjudication","","true","combat-manual-gap","原文包含战斗效果但仍依赖 DM 裁定","",""
"srd-5.1:vampire-bat","吸血鬼（蝙蝠形态）","vampire-bat","0","变形生物","Shapechanger","dm-adjudication","","true","excluded-narrative-transform","","",""
"srd-5.1:vampire-bat","吸血鬼（蝙蝠形态）","vampire-bat","1","传奇抗性","Legendary Resistance","headless","legendary-resistance","true","verified-full","","src/lib/combatInterruptProtocol.ts | src/lib/combatInterruptQueue.ts | src/lib/sharedResourceValidation.ts | src/pages/MapsWorkspacePage.tsx | src/rulesets/dnd5e/monsterGenericAbilities.ts","src/lib/sharedServerCore.test.ts | src/rulesets/dnd5e/headlessCombatEngine.test.ts | src/rulesets/dnd5e/monsterLegendaryResistanceTraits.test.ts"
"srd-5.1:vampire-bat","吸血鬼（蝙蝠形态）","vampire-bat","2","雾化逃脱","Misty Escape","dm-adjudication","","true","combat-manual-gap","原文包含战斗效果但仍依赖 DM 裁定","",""
"srd-5.1:vampire-bat","吸血鬼（蝙蝠形态）","vampire-bat","3","再生","Regeneration","headless","regeneration","true","verified-full","","src/components/map/Dnd5eMonsterWorkshopDialog.tsx | src/components/map/monsterWorkshopReview.ts | src/rulesets/dnd5e/customMonsterWorkshop.ts | src/rulesets/dnd5e/monsterGenericAbilities.ts | src/rulesets/dnd5e/monsterStatBlockPaste.ts | src/rulesets/dnd5e/monsterWorkshopAbilityTemplates.ts | src/rulesets/dnd5e/tokenStatusMarkers.ts | src/store/roomCommands.ts","src/rulesets/dnd5e/beginTurnAction.test.ts | src/rulesets/dnd5e/monsterGenericAbilities.test.ts | src/rulesets/dnd5e/monsterWorkshopAbilityTemplates.test.ts"
"srd-5.1:vampire-bat","吸血鬼（蝙蝠形态）","vampire-bat","4","蛛行","Spider Climb","dm-adjudication","","false","exploration-manual-gap","","",""
"srd-5.1:vampire-bat","吸血鬼（蝙蝠形态）","vampire-bat","5","吸血鬼弱点","Vampire Weaknesses","dm-adjudication","","true","combat-manual-gap","原文包含战斗效果但仍依赖 DM 裁定","",""
"srd-5.1:vampire-mist","吸血鬼（雾化形态）","vampire-mist","0","变形生物","Shapechanger","dm-adjudication","","true","excluded-narrative-transform","","",""
"srd-5.1:vampire-mist","吸血鬼（雾化形态）","vampire-mist","1","传奇抗性","Legendary Resistance","headless","legendary-resistance","true","verified-full","","src/lib/combatInterruptProtocol.ts | src/lib/combatInterruptQueue.ts | src/lib/sharedResourceValidation.ts | src/pages/MapsWorkspacePage.tsx | src/rulesets/dnd5e/monsterGenericAbilities.ts","src/lib/sharedServerCore.test.ts | src/rulesets/dnd5e/headlessCombatEngine.test.ts | src/rulesets/dnd5e/monsterLegendaryResistanceTraits.test.ts"
"srd-5.1:vampire-mist","吸血鬼（雾化形态）","vampire-mist","2","雾化逃脱","Misty Escape","dm-adjudication","","true","combat-manual-gap","原文包含战斗效果但仍依赖 DM 裁定","",""
"srd-5.1:vampire-mist","吸血鬼（雾化形态）","vampire-mist","3","再生","Regeneration","headless","regeneration","true","verified-full","","src/components/map/Dnd5eMonsterWorkshopDialog.tsx | src/components/map/monsterWorkshopReview.ts | src/rulesets/dnd5e/customMonsterWorkshop.ts | src/rulesets/dnd5e/monsterGenericAbilities.ts | src/rulesets/dnd5e/monsterStatBlockPaste.ts | src/rulesets/dnd5e/monsterWorkshopAbilityTemplates.ts | src/rulesets/dnd5e/tokenStatusMarkers.ts | src/store/roomCommands.ts","src/rulesets/dnd5e/beginTurnAction.test.ts | src/rulesets/dnd5e/monsterGenericAbilities.test.ts | src/rulesets/dnd5e/monsterWorkshopAbilityTemplates.test.ts"
"srd-5.1:vampire-mist","吸血鬼（雾化形态）","vampire-mist","4","蛛行","Spider Climb","dm-adjudication","","false","exploration-manual-gap","","",""
"srd-5.1:vampire-mist","吸血鬼（雾化形态）","vampire-mist","5","吸血鬼弱点","Vampire Weaknesses","dm-adjudication","","true","combat-manual-gap","原文包含战斗效果但仍依赖 DM 裁定","",""
"srd-5.1:vampire-vampire","吸血鬼（本体形态）","vampire-vampire","0","变形生物","Shapechanger","dm-adjudication","","true","excluded-narrative-transform","","",""
"srd-5.1:vampire-vampire","吸血鬼（本体形态）","vampire-vampire","1","传奇抗性","Legendary Resistance","headless","legendary-resistance","true","verified-full","","src/lib/combatInterruptProtocol.ts | src/lib/combatInterruptQueue.ts | src/lib/sharedResourceValidation.ts | src/pages/MapsWorkspacePage.tsx | src/rulesets/dnd5e/monsterGenericAbilities.ts","src/lib/sharedServerCore.test.ts | src/rulesets/dnd5e/headlessCombatEngine.test.ts | src/rulesets/dnd5e/monsterLegendaryResistanceTraits.test.ts"
"srd-5.1:vampire-vampire","吸血鬼（本体形态）","vampire-vampire","2","雾化逃脱","Misty Escape","dm-adjudication","","true","combat-manual-gap","原文包含战斗效果但仍依赖 DM 裁定","",""
"srd-5.1:vampire-vampire","吸血鬼（本体形态）","vampire-vampire","3","再生","Regeneration","headless","regeneration","true","verified-full","","src/components/map/Dnd5eMonsterWorkshopDialog.tsx | src/components/map/monsterWorkshopReview.ts | src/rulesets/dnd5e/customMonsterWorkshop.ts | src/rulesets/dnd5e/monsterGenericAbilities.ts | src/rulesets/dnd5e/monsterStatBlockPaste.ts | src/rulesets/dnd5e/monsterWorkshopAbilityTemplates.ts | src/rulesets/dnd5e/tokenStatusMarkers.ts | src/store/roomCommands.ts","src/rulesets/dnd5e/beginTurnAction.test.ts | src/rulesets/dnd5e/monsterGenericAbilities.test.ts | src/rulesets/dnd5e/monsterWorkshopAbilityTemplates.test.ts"
"srd-5.1:vampire-vampire","吸血鬼（本体形态）","vampire-vampire","4","蛛行","Spider Climb","dm-adjudication","","false","exploration-manual-gap","","",""
"srd-5.1:vampire-vampire","吸血鬼（本体形态）","vampire-vampire","5","吸血鬼弱点","Vampire Weaknesses","dm-adjudication","","true","combat-manual-gap","原文包含战斗效果但仍依赖 DM 裁定","",""
"srd-5.1:violet-fungus","紫罗兰蕈","violet-fungus","0","虚假外表","False Appearance","dm-adjudication","","false","excluded-narrative-transform","","",""
"srd-5.1:vrock","弗洛魔","vrock","0","魔法抗性","Magic Resistance","headless","magic-resistance","true","verified-full","","src/components/map/Dnd5eMonsterWorkshopDialog.tsx | src/components/map/monsterWorkshopReview.ts | src/rulesets/dnd5e/customMonsterWorkshop.ts | src/rulesets/dnd5e/monsterGenericAbilities.ts | src/rulesets/dnd5e/monsterStatBlockPaste.ts | src/rulesets/dnd5e/monsterWorkshopAbilityTemplates.ts | src/rulesets/dnd5e/passiveDefenses.ts","src/components/map/Dnd5eMonsterAbilityTemplateLibrary.test.tsx | src/lib/combatResolutionTrace.test.ts | src/rulesets/dnd5e/customMonsterWorkshop.test.ts | src/rulesets/dnd5e/fleshGolemHeadless.test.ts | src/rulesets/dnd5e/monsters.test.ts | src/rulesets/dnd5e/monsterWorkshopAbilityTemplates.test.ts | src/rulesets/dnd5e/passiveDefenses.test.ts"
"srd-5.1:vulture","秃鹫","vulture","0","敏锐视觉与嗅觉","Keen Sight and Smell","dm-adjudication","","false","exploration-manual-gap","","",""
"srd-5.1:vulture","秃鹫","vulture","1","集群战术","Pack Tactics","headless","pack-tactics","true","verified-full","","src/rulesets/dnd5e/customMonsterWorkshop.ts | src/rulesets/dnd5e/monsterGenericAbilities.ts","src/rulesets/dnd5e/monsterGenericAbilities.test.ts | src/rulesets/dnd5e/monsters.test.ts | src/rulesets/dnd5e/monsterSchema.test.ts"
"srd-5.1:warhorse","战马","warhorse","0","践踏冲锋","Trampling Charge","headless","charge-damage","true","verified-full","","src/components/map/Dnd5eMonsterWorkshopDialog.tsx | src/components/map/monsterWorkshopReview.ts | src/pages/MapsWorkspacePage.tsx | src/rulesets/dnd5e/customMonsterWorkshop.ts | src/rulesets/dnd5e/headlessCombatEngine.ts | src/rulesets/dnd5e/monsterGenericAbilities.ts | src/rulesets/dnd5e/monsterStatBlockPaste.ts | src/rulesets/dnd5e/monsterTurnPlanner.ts | src/rulesets/dnd5e/monsterWorkshopAbilityTemplates.ts","src/rulesets/dnd5e/monsterCatalogAttackTraitRuntime.test.ts | src/rulesets/dnd5e/customMonsterWorkshop.test.ts | src/rulesets/dnd5e/monsterAttackAction.test.ts | src/rulesets/dnd5e/monsterWorkshopAbilityTemplates.test.ts"
"srd-5.1:water-elemental","水元素","water-elemental","0","水体形态","Water Form","dm-adjudication","","false","non-combat-or-narrative","","",""
"srd-5.1:water-elemental","水元素","water-elemental","1","冻结","Freeze","dm-adjudication","","true","combat-manual-gap","原文包含战斗效果但仍依赖 DM 裁定","",""
"srd-5.1:weasel","鼬","weasel","0","敏锐听觉与嗅觉","Keen Hearing and Smell","dm-adjudication","","false","exploration-manual-gap","","",""
"srd-5.1:werebear-bear","熊人（熊形态）","werebear-bear","0","变形生物","Shapechanger","dm-adjudication","","true","excluded-narrative-transform","","",""
"srd-5.1:werebear-bear","熊人（熊形态）","werebear-bear","1","敏锐嗅觉","Keen Smell","dm-adjudication","","false","exploration-manual-gap","","",""
"srd-5.1:werebear-human","熊人（人类形态）","werebear-human","0","变形生物","Shapechanger","dm-adjudication","","true","excluded-narrative-transform","","",""
"srd-5.1:werebear-human","熊人（人类形态）","werebear-human","1","敏锐嗅觉","Keen Smell","dm-adjudication","","false","exploration-manual-gap","","",""
"srd-5.1:werebear-hybrid","熊人（混合形态）","werebear-hybrid","0","变形生物","Shapechanger","dm-adjudication","","true","excluded-narrative-transform","","",""
"srd-5.1:werebear-hybrid","熊人（混合形态）","werebear-hybrid","1","敏锐嗅觉","Keen Smell","dm-adjudication","","false","exploration-manual-gap","","",""
"srd-5.1:wereboar-boar","野猪人（野猪形态）","wereboar-boar","0","变形生物","Shapechanger","dm-adjudication","","true","excluded-narrative-transform","","",""
"srd-5.1:wereboar-boar","野猪人（野猪形态）","wereboar-boar","1","冲锋（仅野猪或混合形态）","Charge (Boar or Hybrid Form Only)","dm-adjudication","","true","combat-manual-gap","原文包含战斗效果但仍依赖 DM 裁定","",""
"srd-5.1:wereboar-boar","野猪人（野猪形态）","wereboar-boar","2","坚韧不屈","Relentless","headless","relentless","true","verified-full","","src/components/map/Dnd5eMonsterWorkshopDialog.tsx | src/rulesets/dnd5e/customMonsterWorkshop.ts | src/rulesets/dnd5e/headlessCombatEngine.ts | src/rulesets/dnd5e/monsterWorkshopAbilityTemplates.ts","src/rulesets/dnd5e/monsterHeadlessCoverage.test.ts | src/rulesets/dnd5e/monsterRelentless.test.ts | src/store/characterTokenPresentation.test.ts | src/rulesets/dnd5e/monsterWorkshopAbilityTemplates.test.ts"
"srd-5.1:wereboar-human","野猪人（人类形态）","wereboar-human","0","变形生物","Shapechanger","dm-adjudication","","true","excluded-narrative-transform","","",""
"srd-5.1:wereboar-human","野猪人（人类形态）","wereboar-human","1","坚韧不屈","Relentless","headless","relentless","true","verified-full","","src/components/map/Dnd5eMonsterWorkshopDialog.tsx | src/rulesets/dnd5e/customMonsterWorkshop.ts | src/rulesets/dnd5e/headlessCombatEngine.ts | src/rulesets/dnd5e/monsterWorkshopAbilityTemplates.ts","src/rulesets/dnd5e/monsterHeadlessCoverage.test.ts | src/rulesets/dnd5e/monsterRelentless.test.ts | src/store/characterTokenPresentation.test.ts | src/rulesets/dnd5e/monsterWorkshopAbilityTemplates.test.ts"
"srd-5.1:wereboar-hybrid","野猪人（混合形态）","wereboar-hybrid","0","变形生物","Shapechanger","dm-adjudication","","true","excluded-narrative-transform","","",""
"srd-5.1:wereboar-hybrid","野猪人（混合形态）","wereboar-hybrid","1","冲锋（仅野猪或混合形态）","Charge (Boar or Hybrid Form Only)","dm-adjudication","","true","combat-manual-gap","原文包含战斗效果但仍依赖 DM 裁定","",""
"srd-5.1:wereboar-hybrid","野猪人（混合形态）","wereboar-hybrid","2","坚韧不屈","Relentless","headless","relentless","true","verified-full","","src/components/map/Dnd5eMonsterWorkshopDialog.tsx | src/rulesets/dnd5e/customMonsterWorkshop.ts | src/rulesets/dnd5e/headlessCombatEngine.ts | src/rulesets/dnd5e/monsterWorkshopAbilityTemplates.ts","src/rulesets/dnd5e/monsterHeadlessCoverage.test.ts | src/rulesets/dnd5e/monsterRelentless.test.ts | src/store/characterTokenPresentation.test.ts | src/rulesets/dnd5e/monsterWorkshopAbilityTemplates.test.ts"
"srd-5.1:wererat-human","鼠人（人类形态）","wererat-human","0","变形生物","Shapechanger","dm-adjudication","","true","excluded-narrative-transform","","",""
"srd-5.1:wererat-human","鼠人（人类形态）","wererat-human","1","敏锐嗅觉","Keen Smell","dm-adjudication","","false","exploration-manual-gap","","",""
"srd-5.1:wererat-hybrid","鼠人（混合形态）","wererat-hybrid","0","变形生物","Shapechanger","dm-adjudication","","true","excluded-narrative-transform","","",""
"srd-5.1:wererat-hybrid","鼠人（混合形态）","wererat-hybrid","1","敏锐嗅觉","Keen Smell","dm-adjudication","","false","exploration-manual-gap","","",""
"srd-5.1:wererat-rat","鼠人（巨鼠形态）","wererat-rat","0","变形生物","Shapechanger","dm-adjudication","","true","excluded-narrative-transform","","",""
"srd-5.1:wererat-rat","鼠人（巨鼠形态）","wererat-rat","1","敏锐嗅觉","Keen Smell","dm-adjudication","","false","exploration-manual-gap","","",""
"srd-5.1:weretiger-human","虎人（人类形态）","weretiger-human","0","变形生物","Shapechanger","dm-adjudication","","true","excluded-narrative-transform","","",""
"srd-5.1:weretiger-human","虎人（人类形态）","weretiger-human","1","敏锐听觉与嗅觉","Keen Hearing and Smell","dm-adjudication","","false","exploration-manual-gap","","",""
"srd-5.1:weretiger-hybrid","虎人（混合形态）","weretiger-hybrid","0","变形生物","Shapechanger","dm-adjudication","","true","excluded-narrative-transform","","",""
"srd-5.1:weretiger-hybrid","虎人（混合形态）","weretiger-hybrid","1","敏锐听觉与嗅觉","Keen Hearing and Smell","dm-adjudication","","false","exploration-manual-gap","","",""
"srd-5.1:weretiger-hybrid","虎人（混合形态）","weretiger-hybrid","2","猛扑","Pounce","headless","charge-damage","true","verified-full","","src/components/map/Dnd5eMonsterWorkshopDialog.tsx | src/components/map/monsterWorkshopReview.ts | src/pages/MapsWorkspacePage.tsx | src/rulesets/dnd5e/customMonsterWorkshop.ts | src/rulesets/dnd5e/headlessCombatEngine.ts | src/rulesets/dnd5e/monsterGenericAbilities.ts | src/rulesets/dnd5e/monsterStatBlockPaste.ts | src/rulesets/dnd5e/monsterTurnPlanner.ts | src/rulesets/dnd5e/monsterWorkshopAbilityTemplates.ts","src/rulesets/dnd5e/monsterCatalogAttackTraitRuntime.test.ts | src/rulesets/dnd5e/customMonsterWorkshop.test.ts | src/rulesets/dnd5e/monsterAttackAction.test.ts | src/rulesets/dnd5e/monsterWorkshopAbilityTemplates.test.ts"
"srd-5.1:weretiger-tiger","虎人（虎形态）","weretiger-tiger","0","变形生物","Shapechanger","dm-adjudication","","true","excluded-narrative-transform","","",""
"srd-5.1:weretiger-tiger","虎人（虎形态）","weretiger-tiger","1","敏锐听觉与嗅觉","Keen Hearing and Smell","dm-adjudication","","false","exploration-manual-gap","","",""
"srd-5.1:weretiger-tiger","虎人（虎形态）","weretiger-tiger","2","猛扑","Pounce","headless","charge-damage","true","verified-full","","src/components/map/Dnd5eMonsterWorkshopDialog.tsx | src/components/map/monsterWorkshopReview.ts | src/pages/MapsWorkspacePage.tsx | src/rulesets/dnd5e/customMonsterWorkshop.ts | src/rulesets/dnd5e/headlessCombatEngine.ts | src/rulesets/dnd5e/monsterGenericAbilities.ts | src/rulesets/dnd5e/monsterStatBlockPaste.ts | src/rulesets/dnd5e/monsterTurnPlanner.ts | src/rulesets/dnd5e/monsterWorkshopAbilityTemplates.ts","src/rulesets/dnd5e/monsterCatalogAttackTraitRuntime.test.ts | src/rulesets/dnd5e/customMonsterWorkshop.test.ts | src/rulesets/dnd5e/monsterAttackAction.test.ts | src/rulesets/dnd5e/monsterWorkshopAbilityTemplates.test.ts"
"srd-5.1:werewolf-human","狼人（人类形态）","werewolf-human","0","变形生物","Shapechanger","dm-adjudication","","true","excluded-narrative-transform","","",""
"srd-5.1:werewolf-human","狼人（人类形态）","werewolf-human","1","敏锐听觉与嗅觉","Keen Hearing and Smell","dm-adjudication","","false","exploration-manual-gap","","",""
"srd-5.1:werewolf-hybrid","狼人（混合形态）","werewolf-hybrid","0","变形生物","Shapechanger","dm-adjudication","","true","excluded-narrative-transform","","",""
"srd-5.1:werewolf-hybrid","狼人（混合形态）","werewolf-hybrid","1","敏锐听觉与嗅觉","Keen Hearing and Smell","dm-adjudication","","false","exploration-manual-gap","","",""
"srd-5.1:werewolf-wolf","狼人（狼形态）","werewolf-wolf","0","变形生物","Shapechanger","dm-adjudication","","true","excluded-narrative-transform","","",""
"srd-5.1:werewolf-wolf","狼人（狼形态）","werewolf-wolf","1","敏锐听觉与嗅觉","Keen Hearing and Smell","dm-adjudication","","false","exploration-manual-gap","","",""
"srd-5.1:wight","尸鬼","wight","0","阳光敏感","Sunlight Sensitivity","dm-adjudication","","true","combat-manual-gap","原文包含战斗效果但仍依赖 DM 裁定","",""
"srd-5.1:will-o-wisp","鬼火","will-o-wisp","0","吞噬生命","Consume Life","dm-adjudication","","true","combat-manual-gap","原文包含战斗效果但仍依赖 DM 裁定","","src/rulesets/dnd5e/monsterCombatActionCoverageBatch.test.ts"
"srd-5.1:will-o-wisp","鬼火","will-o-wisp","1","虚体短暂","Ephemeral","dm-adjudication","","false","non-combat-or-narrative","","",""
"srd-5.1:will-o-wisp","鬼火","will-o-wisp","2","虚体移动","Incorporeal Movement","dm-adjudication","","true","combat-manual-gap","原文包含战斗效果但仍依赖 DM 裁定","",""
"srd-5.1:will-o-wisp","鬼火","will-o-wisp","3","可变照明","Variable Illumination","dm-adjudication","","false","non-combat-or-narrative","","",""
"srd-5.1:winter-wolf","冬狼","winter-wolf","0","敏锐听觉与嗅觉","Keen Hearing and Smell","dm-adjudication","","false","exploration-manual-gap","","",""
"srd-5.1:winter-wolf","冬狼","winter-wolf","1","集群战术","Pack Tactics","headless","pack-tactics","true","verified-full","","src/rulesets/dnd5e/customMonsterWorkshop.ts | src/rulesets/dnd5e/monsterGenericAbilities.ts","src/rulesets/dnd5e/monsters.test.ts | src/rulesets/dnd5e/monsterTurnPlanner.test.ts | src/rulesets/dnd5e/monsterGenericAbilities.test.ts | src/rulesets/dnd5e/monsterSchema.test.ts"
"srd-5.1:winter-wolf","冬狼","winter-wolf","2","雪地伪装","Snow Camouflage","dm-adjudication","","false","exploration-manual-gap","","",""
"srd-5.1:wolf","狼","wolf","0","敏锐听觉与嗅觉","Keen Hearing and Smell","dm-adjudication","","false","exploration-manual-gap","","",""
"srd-5.1:wolf","狼","wolf","1","集群战术","Pack Tactics","headless","pack-tactics","true","verified-full","","src/rulesets/dnd5e/customMonsterWorkshop.ts | src/rulesets/dnd5e/monsterGenericAbilities.ts","src/rulesets/dnd5e/combatSimulation.test.ts | src/rulesets/dnd5e/monsterAttackAction.test.ts | src/rulesets/dnd5e/monsterGenericAbilities.test.ts | src/rulesets/dnd5e/monsters.test.ts | src/rulesets/dnd5e/monsterTurnPlanner.test.ts | src/rulesets/dnd5e/monsterSchema.test.ts"
"srd-5.1:worg","座狼","worg","0","敏锐听觉与嗅觉","Keen Hearing and Smell","dm-adjudication","","false","exploration-manual-gap","","",""
"srd-5.1:wraith","缚灵","wraith","0","虚体移动","Incorporeal Movement","dm-adjudication","","true","combat-manual-gap","原文包含战斗效果但仍依赖 DM 裁定","",""
"srd-5.1:wraith","缚灵","wraith","1","阳光敏感","Sunlight Sensitivity","dm-adjudication","","true","combat-manual-gap","原文包含战斗效果但仍依赖 DM 裁定","",""
"srd-5.1:xorn","索尔石怪","xorn","0","土遁","Earth Glide","dm-adjudication","","false","non-combat-or-narrative","","",""
"srd-5.1:xorn","索尔石怪","xorn","1","岩石伪装","Stone Camouflage","dm-adjudication","","false","exploration-manual-gap","","",""
"srd-5.1:xorn","索尔石怪","xorn","2","宝藏感知","Treasure Sense","dm-adjudication","","false","non-combat-or-narrative","","",""
"srd-5.1:young-black-dragon","青年黑龙","young-black-dragon","0","两栖","Amphibious","dm-adjudication","","false","non-combat-or-narrative","","",""
"srd-5.1:young-bronze-dragon","青年青铜龙","young-bronze-dragon","0","两栖","Amphibious","dm-adjudication","","false","non-combat-or-narrative","","",""
"srd-5.1:young-gold-dragon","青年金龙","young-gold-dragon","0","两栖","Amphibious","dm-adjudication","","false","non-combat-or-narrative","","",""
"srd-5.1:young-green-dragon","青年绿龙","young-green-dragon","0","两栖","Amphibious","dm-adjudication","","false","non-combat-or-narrative","","",""
"srd-5.1:young-white-dragon","青年白龙","young-white-dragon","0","冰面行走","Ice Walk","dm-adjudication","","false","exploration-manual-gap","","",""
"srd-5.1:zombie","僵尸","zombie","0","亡灵坚韧","Undead Fortitude","headless","undead-fortitude","true","verified-full","","src/components/map/Dnd5eMonsterWorkshopDialog.tsx | src/components/map/monsterWorkshopReview.ts | src/rulesets/dnd5e/customMonsterWorkshop.ts | src/rulesets/dnd5e/headlessCombatEngine.ts | src/rulesets/dnd5e/monsterStatBlockPaste.ts","src/rulesets/dnd5e/headlessCombatEngine.test.ts | src/rulesets/dnd5e/monsters.test.ts"
