monsterId,monster,slug,section,actionId,action,kind,complexity,declaredAutomation,structuralAutomation,status,issues,directTests
"srd-5.1:aboleth","底栖魔鱼","aboleth","actions","multiattack","多重攻击","multiattack","complex","dm-adjudication","dm-adjudication","manual","","src/rulesets/dnd5e/combatSimulation.test.ts | src/rulesets/dnd5e/monsterAttackAction.test.ts | src/rulesets/dnd5e/monsterResourceActions.test.ts | src/rulesets/dnd5e/monsters.test.ts"
"srd-5.1:aboleth","底栖魔鱼","aboleth","actions","tentacle","触手","weapon-attack","complex","dm-adjudication","dm-adjudication","manual","原文骰池 1d12 未进入结构","src/rulesets/dnd5e/monsterHeadlessSafetyPolicy.test.ts | src/rulesets/dnd5e/monsterResourceActions.test.ts | src/rulesets/dnd5e/monsters.test.ts"
"srd-5.1:aboleth","底栖魔鱼","aboleth","actions","tail","尾击","weapon-attack","simple-attack","headless","headless","verified-full","","src/lib/enemyStatBlocks.test.ts | src/rulesets/dnd5e/combatSimulation.test.ts | src/rulesets/dnd5e/legendaryActionWindow.test.ts | src/rulesets/dnd5e/monsterAttackAction.test.ts | src/rulesets/dnd5e/monsterResourceActions.test.ts | src/rulesets/dnd5e/monsters.test.ts"
"srd-5.1:aboleth","底栖魔鱼","aboleth","actions","enslave","奴役","other","complex","headless","headless","verified-full","","src/rulesets/dnd5e/combatSimulation.test.ts | src/rulesets/dnd5e/monsterResourceActions.test.ts"
"srd-5.1:aboleth","底栖魔鱼","aboleth","legendaryActions","detect","侦测","other","complex","headless","headless","verified-full","","src/rulesets/dnd5e/monsterResourceActions.test.ts | src/rulesets/dnd5e/monsters.test.ts"
"srd-5.1:aboleth","底栖魔鱼","aboleth","legendaryActions","tail-swipe","扫尾","weapon-attack","simple-attack","headless","headless","verified-full","","src/lib/enemyStatBlocks.test.ts | src/rulesets/dnd5e/legendaryActionWindow.test.ts | src/rulesets/dnd5e/monsterAttackAction.test.ts | src/rulesets/dnd5e/monsterResourceActions.test.ts"
"srd-5.1:aboleth","底栖魔鱼","aboleth","legendaryActions","psychic-drain-costs-2-actions","心灵汲取（消耗 2 动作）","other","complex","headless","headless","verified-full","","src/lib/enemyStatBlocks.test.ts | src/rulesets/dnd5e/monsterResourceActions.test.ts"
"srd-5.1:acolyte","侍僧","acolyte","actions","club","木棒","weapon-attack","simple-attack","headless","headless","verified-full","","src/rulesets/dnd5e/monsters.test.ts"
"srd-5.1:adult-black-dragon","成年黑龙","adult-black-dragon","actions","multiattack","多重攻击","multiattack","complex","headless","headless","verified-full","","src/rulesets/dnd5e/monsterCompositeMultiattack.test.ts | src/rulesets/dnd5e/monsterResourceActions.test.ts | src/rulesets/dnd5e/monsters.test.ts | src/rulesets/dnd5e/monsterTurnPlanner.test.ts"
"srd-5.1:adult-black-dragon","成年黑龙","adult-black-dragon","actions","bite","啃咬","weapon-attack","simple-attack","headless","headless","verified-full","","src/rulesets/dnd5e/monsterCompositeMultiattack.test.ts | src/rulesets/dnd5e/monsterGenericAbilities.test.ts | src/rulesets/dnd5e/monsterResourceActions.test.ts | src/rulesets/dnd5e/monsters.test.ts | src/rulesets/dnd5e/monsterTurnPlanner.test.ts"
"srd-5.1:adult-black-dragon","成年黑龙","adult-black-dragon","actions","claw","爪击","weapon-attack","simple-attack","headless","headless","verified-full","","src/rulesets/dnd5e/endTurnAction.test.ts | src/rulesets/dnd5e/monsterCompositeMultiattack.test.ts | src/rulesets/dnd5e/monsters.test.ts | src/rulesets/dnd5e/monsterTurnPlanner.test.ts"
"srd-5.1:adult-black-dragon","成年黑龙","adult-black-dragon","actions","tail","尾击","weapon-attack","simple-attack","headless","headless","verified-full","","src/rulesets/dnd5e/monsterGenericAbilities.test.ts | src/rulesets/dnd5e/monsterResourceActions.test.ts | src/rulesets/dnd5e/monsters.test.ts | src/rulesets/dnd5e/monsterTurnPlanner.test.ts"
"srd-5.1:adult-black-dragon","成年黑龙","adult-black-dragon","actions","frightful-presence","骇人威仪","other","complex","headless","headless","verified-full","","src/rulesets/dnd5e/monsterCompositeMultiattack.test.ts | src/rulesets/dnd5e/monsterResourceActions.test.ts | src/rulesets/dnd5e/monsters.test.ts"
"srd-5.1:adult-black-dragon","成年黑龙","adult-black-dragon","actions","acid-breath","强酸吐息","other","complex","headless","headless","verified-full","","src/rulesets/dnd5e/endTurnAction.test.ts | src/rulesets/dnd5e/monsterCoreSpellAction.test.ts | src/rulesets/dnd5e/monsterGenericAbilities.test.ts | src/rulesets/dnd5e/monsterResourceActions.test.ts | src/rulesets/dnd5e/monsters.test.ts | src/rulesets/dnd5e/monsterTurnPlanner.test.ts"
"srd-5.1:adult-black-dragon","成年黑龙","adult-black-dragon","actions","multiattack-weapons-only","多重攻击: Weapons Only","multiattack","complex","headless","headless","verified-full","","src/rulesets/dnd5e/monsters.test.ts"
"srd-5.1:adult-black-dragon","成年黑龙","adult-black-dragon","legendaryActions","detect","侦测","other","complex","headless","headless","verified-full","","src/rulesets/dnd5e/monsterResourceActions.test.ts | src/rulesets/dnd5e/monsters.test.ts"
"srd-5.1:adult-black-dragon","成年黑龙","adult-black-dragon","legendaryActions","tail-attack","尾击攻击","weapon-attack","simple-attack","headless","headless","verified-full","","src/rulesets/dnd5e/monsterGenericAbilities.test.ts | src/rulesets/dnd5e/monsterResourceActions.test.ts"
"srd-5.1:adult-black-dragon","成年黑龙","adult-black-dragon","legendaryActions","wing-attack-costs-2-actions","翼击（消耗 2 动作）","other","complex","headless","headless","verified-full","","src/rulesets/dnd5e/monsterResourceActions.test.ts"
"srd-5.1:adult-blue-dragon","成年蓝龙","adult-blue-dragon","actions","multiattack","多重攻击","multiattack","complex","headless","headless","verified-full","","src/rulesets/dnd5e/monsters.test.ts"
"srd-5.1:adult-blue-dragon","成年蓝龙","adult-blue-dragon","actions","bite","啃咬","weapon-attack","simple-attack","headless","headless","verified-full","","src/rulesets/dnd5e/monsters.test.ts"
"srd-5.1:adult-blue-dragon","成年蓝龙","adult-blue-dragon","actions","claw","爪击","weapon-attack","simple-attack","headless","headless","verified-full","","src/rulesets/dnd5e/monsters.test.ts"
"srd-5.1:adult-blue-dragon","成年蓝龙","adult-blue-dragon","actions","tail","尾击","weapon-attack","simple-attack","headless","headless","verified-full","","src/rulesets/dnd5e/monsters.test.ts"
"srd-5.1:adult-blue-dragon","成年蓝龙","adult-blue-dragon","actions","frightful-presence","骇人威仪","other","complex","headless","headless","verified-full","","src/rulesets/dnd5e/monsters.test.ts"
"srd-5.1:adult-blue-dragon","成年蓝龙","adult-blue-dragon","actions","lightning-breath","闪电吐息","other","complex","headless","headless","verified-full","","src/rulesets/dnd5e/monsters.test.ts"
"srd-5.1:adult-blue-dragon","成年蓝龙","adult-blue-dragon","actions","multiattack-weapons-only","多重攻击: Weapons Only","multiattack","complex","headless","headless","verified-full","","src/rulesets/dnd5e/monsters.test.ts"
"srd-5.1:adult-blue-dragon","成年蓝龙","adult-blue-dragon","legendaryActions","detect","侦测","other","complex","headless","headless","verified-full","","src/rulesets/dnd5e/monsters.test.ts"
"srd-5.1:adult-blue-dragon","成年蓝龙","adult-blue-dragon","legendaryActions","tail-attack","尾击攻击","weapon-attack","simple-attack","headless","headless","verified-full","",""
"srd-5.1:adult-blue-dragon","成年蓝龙","adult-blue-dragon","legendaryActions","wing-attack-costs-2-actions","翼击（消耗 2 动作）","other","complex","headless","headless","verified-full","","src/rulesets/dnd5e/monsterComplexActionContracts.test.ts"
"srd-5.1:adult-brass-dragon","成年黄铜龙","adult-brass-dragon","actions","multiattack","多重攻击","multiattack","complex","headless","headless","verified-full","","src/rulesets/dnd5e/monsterResourceActions.test.ts | src/rulesets/dnd5e/monsters.test.ts | src/rulesets/dnd5e/monsterTurnPlanner.test.ts"
"srd-5.1:adult-brass-dragon","成年黄铜龙","adult-brass-dragon","actions","bite","啃咬","weapon-attack","simple-attack","headless","headless","verified-full","","src/rulesets/dnd5e/monsterResourceActions.test.ts | src/rulesets/dnd5e/monsters.test.ts | src/rulesets/dnd5e/monsterTurnPlanner.test.ts"
"srd-5.1:adult-brass-dragon","成年黄铜龙","adult-brass-dragon","actions","claw","爪击","weapon-attack","simple-attack","headless","headless","verified-full","","src/rulesets/dnd5e/monsters.test.ts | src/rulesets/dnd5e/monsterTurnPlanner.test.ts"
"srd-5.1:adult-brass-dragon","成年黄铜龙","adult-brass-dragon","actions","tail","尾击","weapon-attack","simple-attack","headless","headless","verified-full","","src/rulesets/dnd5e/monsterResourceActions.test.ts | src/rulesets/dnd5e/monsters.test.ts | src/rulesets/dnd5e/monsterTurnPlanner.test.ts"
"srd-5.1:adult-brass-dragon","成年黄铜龙","adult-brass-dragon","actions","frightful-presence","骇人威仪","other","complex","headless","headless","verified-full","","src/rulesets/dnd5e/monsterResourceActions.test.ts | src/rulesets/dnd5e/monsters.test.ts"
"srd-5.1:adult-brass-dragon","成年黄铜龙","adult-brass-dragon","actions","breath-weapons","吐息武器","other","complex","headless","headless","verified-full","","src/rulesets/dnd5e/monsterResourceActions.test.ts | src/rulesets/dnd5e/monsters.test.ts | src/rulesets/dnd5e/monsterTurnPlanner.test.ts"
"srd-5.1:adult-brass-dragon","成年黄铜龙","adult-brass-dragon","actions","multiattack-weapons-only","多重攻击: Weapons Only","multiattack","complex","headless","headless","verified-full","","src/rulesets/dnd5e/monsters.test.ts"
"srd-5.1:adult-brass-dragon","成年黄铜龙","adult-brass-dragon","legendaryActions","detect","侦测","other","complex","headless","headless","verified-full","","src/rulesets/dnd5e/monsterResourceActions.test.ts | src/rulesets/dnd5e/monsters.test.ts"
"srd-5.1:adult-brass-dragon","成年黄铜龙","adult-brass-dragon","legendaryActions","tail-attack","尾击攻击","weapon-attack","simple-attack","headless","headless","verified-full","","src/rulesets/dnd5e/monsterResourceActions.test.ts"
"srd-5.1:adult-brass-dragon","成年黄铜龙","adult-brass-dragon","legendaryActions","wing-attack-costs-2-actions","翼击（消耗 2 动作）","other","complex","headless","headless","verified-full","","src/rulesets/dnd5e/monsterResourceActions.test.ts"
"srd-5.1:adult-bronze-dragon","成年青铜龙","adult-bronze-dragon","actions","multiattack","多重攻击","multiattack","complex","headless","headless","verified-full","","src/rulesets/dnd5e/combatSimulation.test.ts | src/rulesets/dnd5e/headlessCombatEngine.test.ts | src/rulesets/dnd5e/monsterHeadlessCoverage.test.ts | src/rulesets/dnd5e/monsters.test.ts | src/rulesets/dnd5e/monsterSchema.test.ts | src/rulesets/dnd5e/monsterTurnPlanner.test.ts"
"srd-5.1:adult-bronze-dragon","成年青铜龙","adult-bronze-dragon","actions","bite","啃咬","weapon-attack","simple-attack","headless","headless","verified-full","","src/rulesets/dnd5e/combatSimulation.test.ts | src/rulesets/dnd5e/headlessCombatEngine.test.ts | src/rulesets/dnd5e/monsters.test.ts | src/rulesets/dnd5e/monsterSchema.test.ts | src/rulesets/dnd5e/monsterTurnPlanner.test.ts"
"srd-5.1:adult-bronze-dragon","成年青铜龙","adult-bronze-dragon","actions","claw","爪击","weapon-attack","simple-attack","headless","headless","verified-full","","src/rulesets/dnd5e/combatSimulation.test.ts | src/rulesets/dnd5e/headlessCombatEngine.test.ts | src/rulesets/dnd5e/monsterHeadlessCoverage.test.ts | src/rulesets/dnd5e/monsters.test.ts | src/rulesets/dnd5e/monsterSchema.test.ts | src/rulesets/dnd5e/monsterTurnPlanner.test.ts"
"srd-5.1:adult-bronze-dragon","成年青铜龙","adult-bronze-dragon","actions","tail","尾击","weapon-attack","simple-attack","headless","headless","verified-full","","src/rulesets/dnd5e/combatSimulation.test.ts | src/rulesets/dnd5e/headlessCombatEngine.test.ts | src/rulesets/dnd5e/monsterHeadlessCoverage.test.ts | src/rulesets/dnd5e/monsters.test.ts | src/rulesets/dnd5e/monsterTurnPlanner.test.ts"
"srd-5.1:adult-bronze-dragon","成年青铜龙","adult-bronze-dragon","actions","frightful-presence","骇人威仪","other","complex","headless","headless","verified-full","","src/rulesets/dnd5e/headlessCombatEngine.test.ts | src/rulesets/dnd5e/monsters.test.ts"
"srd-5.1:adult-bronze-dragon","成年青铜龙","adult-bronze-dragon","actions","breath-weapons","吐息武器","other","complex","headless","headless","verified-full","","src/rulesets/dnd5e/combatSimulation.test.ts | src/rulesets/dnd5e/headlessCombatEngine.test.ts | src/rulesets/dnd5e/monsterAreaAction.test.ts | src/rulesets/dnd5e/monsterHeadlessCoverage.test.ts | src/rulesets/dnd5e/monsters.test.ts | src/rulesets/dnd5e/monsterSchema.test.ts | src/rulesets/dnd5e/monsterTurnPlanner.test.ts"
"srd-5.1:adult-bronze-dragon","成年青铜龙","adult-bronze-dragon","actions","multiattack-weapons-only","多重攻击: Weapons Only","multiattack","complex","headless","headless","verified-full","","src/rulesets/dnd5e/monsterHeadlessCoverage.test.ts | src/rulesets/dnd5e/monsters.test.ts"
"srd-5.1:adult-bronze-dragon","成年青铜龙","adult-bronze-dragon","legendaryActions","detect","侦测","other","complex","headless","headless","verified-full","","src/rulesets/dnd5e/headlessCombatEngine.test.ts | src/rulesets/dnd5e/monsters.test.ts"
"srd-5.1:adult-bronze-dragon","成年青铜龙","adult-bronze-dragon","legendaryActions","tail-attack","尾击攻击","weapon-attack","simple-attack","headless","headless","verified-full","",""
"srd-5.1:adult-bronze-dragon","成年青铜龙","adult-bronze-dragon","legendaryActions","wing-attack-costs-2-actions","翼击（消耗 2 动作）","other","complex","headless","headless","verified-full","","src/rulesets/dnd5e/monsterHeadlessCoverage.test.ts"
"srd-5.1:adult-copper-dragon","成年赤铜龙","adult-copper-dragon","actions","multiattack","多重攻击","multiattack","complex","headless","headless","verified-full","","src/rulesets/dnd5e/combatSimulation.test.ts | src/rulesets/dnd5e/monsterHeadlessCoverage.test.ts | src/rulesets/dnd5e/monsters.test.ts | src/rulesets/dnd5e/monsterSchema.test.ts | src/rulesets/dnd5e/monsterTurnPlanner.test.ts"
"srd-5.1:adult-copper-dragon","成年赤铜龙","adult-copper-dragon","actions","bite","啃咬","weapon-attack","simple-attack","headless","headless","verified-full","","src/rulesets/dnd5e/combatSimulation.test.ts | src/rulesets/dnd5e/monsters.test.ts | src/rulesets/dnd5e/monsterSchema.test.ts | src/rulesets/dnd5e/monsterTurnPlanner.test.ts"
"srd-5.1:adult-copper-dragon","成年赤铜龙","adult-copper-dragon","actions","claw","爪击","weapon-attack","simple-attack","headless","headless","verified-full","","src/rulesets/dnd5e/combatSimulation.test.ts | src/rulesets/dnd5e/monsterHeadlessCoverage.test.ts | src/rulesets/dnd5e/monsters.test.ts | src/rulesets/dnd5e/monsterSchema.test.ts | src/rulesets/dnd5e/monsterTurnPlanner.test.ts"
"srd-5.1:adult-copper-dragon","成年赤铜龙","adult-copper-dragon","actions","tail","尾击","weapon-attack","simple-attack","headless","headless","verified-full","","src/rulesets/dnd5e/combatSimulation.test.ts | src/rulesets/dnd5e/monsterHeadlessCoverage.test.ts | src/rulesets/dnd5e/monsters.test.ts | src/rulesets/dnd5e/monsterTurnPlanner.test.ts"
"srd-5.1:adult-copper-dragon","成年赤铜龙","adult-copper-dragon","actions","frightful-presence","骇人威仪","other","complex","headless","headless","verified-full","","src/rulesets/dnd5e/monsters.test.ts"
"srd-5.1:adult-copper-dragon","成年赤铜龙","adult-copper-dragon","actions","breath-weapons","吐息武器","other","complex","headless","headless","verified-full","","src/rulesets/dnd5e/combatSimulation.test.ts | src/rulesets/dnd5e/monsterHeadlessCoverage.test.ts | src/rulesets/dnd5e/monsters.test.ts | src/rulesets/dnd5e/monsterSchema.test.ts | src/rulesets/dnd5e/monsterTurnPlanner.test.ts"
"srd-5.1:adult-copper-dragon","成年赤铜龙","adult-copper-dragon","actions","multiattack-weapons-only","多重攻击: Weapons Only","multiattack","complex","headless","headless","verified-full","","src/rulesets/dnd5e/monsterHeadlessCoverage.test.ts | src/rulesets/dnd5e/monsters.test.ts"
"srd-5.1:adult-copper-dragon","成年赤铜龙","adult-copper-dragon","legendaryActions","detect","侦测","other","complex","headless","headless","verified-full","","src/rulesets/dnd5e/monsters.test.ts"
"srd-5.1:adult-copper-dragon","成年赤铜龙","adult-copper-dragon","legendaryActions","tail-attack","尾击攻击","weapon-attack","simple-attack","headless","headless","verified-full","",""
"srd-5.1:adult-copper-dragon","成年赤铜龙","adult-copper-dragon","legendaryActions","wing-attack-costs-2-actions","翼击（消耗 2 动作）","other","complex","headless","headless","verified-full","","src/rulesets/dnd5e/monsterHeadlessCoverage.test.ts"
"srd-5.1:adult-gold-dragon","成年金龙","adult-gold-dragon","actions","multiattack","多重攻击","multiattack","complex","headless","headless","verified-full","","src/rulesets/dnd5e/monsterHeadlessCoverage.test.ts | src/rulesets/dnd5e/monsters.test.ts | src/rulesets/dnd5e/monsterSchema.test.ts | src/rulesets/dnd5e/monsterTurnPlanner.test.ts"
"srd-5.1:adult-gold-dragon","成年金龙","adult-gold-dragon","actions","bite","啃咬","weapon-attack","simple-attack","headless","headless","verified-full","","src/rulesets/dnd5e/monsters.test.ts | src/rulesets/dnd5e/monsterSchema.test.ts | src/rulesets/dnd5e/monsterTurnPlanner.test.ts"
"srd-5.1:adult-gold-dragon","成年金龙","adult-gold-dragon","actions","claw","爪击","weapon-attack","simple-attack","headless","headless","verified-full","","src/rulesets/dnd5e/monsterHeadlessCoverage.test.ts | src/rulesets/dnd5e/monsters.test.ts | src/rulesets/dnd5e/monsterSchema.test.ts | src/rulesets/dnd5e/monsterTurnPlanner.test.ts"
"srd-5.1:adult-gold-dragon","成年金龙","adult-gold-dragon","actions","tail","尾击","weapon-attack","simple-attack","headless","headless","verified-full","","src/rulesets/dnd5e/monsterHeadlessCoverage.test.ts | src/rulesets/dnd5e/monsters.test.ts | src/rulesets/dnd5e/monsterTurnPlanner.test.ts"
"srd-5.1:adult-gold-dragon","成年金龙","adult-gold-dragon","actions","frightful-presence","骇人威仪","other","complex","headless","headless","verified-full","","src/rulesets/dnd5e/monsters.test.ts"
"srd-5.1:adult-gold-dragon","成年金龙","adult-gold-dragon","actions","breath-weapons","吐息武器","other","complex","headless","headless","verified-full","","src/rulesets/dnd5e/monsterHeadlessCoverage.test.ts | src/rulesets/dnd5e/monsters.test.ts | src/rulesets/dnd5e/monsterSchema.test.ts | src/rulesets/dnd5e/monsterTurnPlanner.test.ts"
"srd-5.1:adult-gold-dragon","成年金龙","adult-gold-dragon","actions","multiattack-weapons-only","多重攻击: Weapons Only","multiattack","complex","headless","headless","verified-full","","src/rulesets/dnd5e/monsterHeadlessCoverage.test.ts | src/rulesets/dnd5e/monsters.test.ts"
"srd-5.1:adult-gold-dragon","成年金龙","adult-gold-dragon","legendaryActions","detect","侦测","other","complex","headless","headless","verified-full","","src/rulesets/dnd5e/monsters.test.ts"
"srd-5.1:adult-gold-dragon","成年金龙","adult-gold-dragon","legendaryActions","tail-attack","尾击攻击","weapon-attack","simple-attack","headless","headless","verified-full","",""
"srd-5.1:adult-gold-dragon","成年金龙","adult-gold-dragon","legendaryActions","wing-attack-costs-2-actions","翼击（消耗 2 动作）","other","complex","headless","headless","verified-full","","src/rulesets/dnd5e/monsterHeadlessCoverage.test.ts"
"srd-5.1:adult-green-dragon","成年绿龙","adult-green-dragon","actions","multiattack","多重攻击","multiattack","complex","headless","headless","verified-full","","src/rulesets/dnd5e/monsterComplexActionContracts.test.ts"
"srd-5.1:adult-green-dragon","成年绿龙","adult-green-dragon","actions","bite","啃咬","weapon-attack","simple-attack","headless","headless","verified-full","",""
"srd-5.1:adult-green-dragon","成年绿龙","adult-green-dragon","actions","claw","爪击","weapon-attack","simple-attack","headless","headless","verified-full","",""
"srd-5.1:adult-green-dragon","成年绿龙","adult-green-dragon","actions","tail","尾击","weapon-attack","simple-attack","headless","headless","verified-full","",""
"srd-5.1:adult-green-dragon","成年绿龙","adult-green-dragon","actions","frightful-presence","骇人威仪","other","complex","headless","headless","verified-full","","src/rulesets/dnd5e/monsterComplexActionContracts.test.ts"
"srd-5.1:adult-green-dragon","成年绿龙","adult-green-dragon","actions","poison-breath","毒气吐息","other","complex","headless","headless","verified-full","","src/rulesets/dnd5e/monsterComplexActionContracts.test.ts"
"srd-5.1:adult-green-dragon","成年绿龙","adult-green-dragon","actions","multiattack-weapons-only","多重攻击: Weapons Only","multiattack","complex","headless","headless","verified-full","","src/rulesets/dnd5e/monsterComplexActionContracts.test.ts"
"srd-5.1:adult-green-dragon","成年绿龙","adult-green-dragon","legendaryActions","detect","侦测","other","complex","headless","headless","verified-full","","src/rulesets/dnd5e/monsterComplexActionContracts.test.ts"
"srd-5.1:adult-green-dragon","成年绿龙","adult-green-dragon","legendaryActions","tail-attack","尾击攻击","weapon-attack","simple-attack","headless","headless","verified-full","",""
"srd-5.1:adult-green-dragon","成年绿龙","adult-green-dragon","legendaryActions","wing-attack-costs-2-actions","翼击（消耗 2 动作）","other","complex","headless","headless","verified-full","","src/rulesets/dnd5e/monsterComplexActionContracts.test.ts"
"srd-5.1:adult-red-dragon","成年红龙","adult-red-dragon","actions","multiattack","多重攻击","multiattack","complex","headless","headless","verified-full","","src/rulesets/dnd5e/monsterComplexActionContracts.test.ts"
"srd-5.1:adult-red-dragon","成年红龙","adult-red-dragon","actions","bite","啃咬","weapon-attack","simple-attack","headless","headless","verified-full","",""
"srd-5.1:adult-red-dragon","成年红龙","adult-red-dragon","actions","claw","爪击","weapon-attack","simple-attack","headless","headless","verified-full","",""
"srd-5.1:adult-red-dragon","成年红龙","adult-red-dragon","actions","tail","尾击","weapon-attack","simple-attack","headless","headless","verified-full","",""
"srd-5.1:adult-red-dragon","成年红龙","adult-red-dragon","actions","frightful-presence","骇人威仪","other","complex","headless","headless","verified-full","","src/rulesets/dnd5e/monsterComplexActionContracts.test.ts"
"srd-5.1:adult-red-dragon","成年红龙","adult-red-dragon","actions","fire-breath","火焰吐息","other","complex","headless","headless","verified-full","","src/rulesets/dnd5e/monsterComplexActionContracts.test.ts"
"srd-5.1:adult-red-dragon","成年红龙","adult-red-dragon","actions","multiattack-weapons-only","多重攻击: Weapons Only","multiattack","complex","headless","headless","verified-full","","src/rulesets/dnd5e/monsterComplexActionContracts.test.ts"
"srd-5.1:adult-red-dragon","成年红龙","adult-red-dragon","legendaryActions","detect","侦测","other","complex","headless","headless","verified-full","","src/rulesets/dnd5e/monsterComplexActionContracts.test.ts"
"srd-5.1:adult-red-dragon","成年红龙","adult-red-dragon","legendaryActions","tail-attack","尾击攻击","weapon-attack","simple-attack","headless","headless","verified-full","",""
"srd-5.1:adult-red-dragon","成年红龙","adult-red-dragon","legendaryActions","wing-attack-costs-2-actions","翼击（消耗 2 动作）","other","complex","headless","headless","verified-full","","src/rulesets/dnd5e/monsterComplexActionContracts.test.ts"
"srd-5.1:adult-silver-dragon","成年银龙","adult-silver-dragon","actions","multiattack","多重攻击","multiattack","complex","headless","headless","verified-full","","src/rulesets/dnd5e/monsterComplexActionContracts.test.ts"
"srd-5.1:adult-silver-dragon","成年银龙","adult-silver-dragon","actions","bite","啃咬","weapon-attack","simple-attack","headless","headless","verified-full","",""
"srd-5.1:adult-silver-dragon","成年银龙","adult-silver-dragon","actions","claw","爪击","weapon-attack","simple-attack","headless","headless","verified-full","",""
"srd-5.1:adult-silver-dragon","成年银龙","adult-silver-dragon","actions","tail","尾击","weapon-attack","simple-attack","headless","headless","verified-full","",""
"srd-5.1:adult-silver-dragon","成年银龙","adult-silver-dragon","actions","frightful-presence","骇人威仪","other","complex","headless","headless","verified-full","","src/rulesets/dnd5e/monsterComplexActionContracts.test.ts"
"srd-5.1:adult-silver-dragon","成年银龙","adult-silver-dragon","actions","breath-weapons","吐息武器","other","complex","headless","headless","verified-full","","src/rulesets/dnd5e/monsterComplexActionContracts.test.ts"
"srd-5.1:adult-silver-dragon","成年银龙","adult-silver-dragon","actions","multiattack-weapons-only","多重攻击: Weapons Only","multiattack","complex","headless","headless","verified-full","","src/rulesets/dnd5e/monsterComplexActionContracts.test.ts"
"srd-5.1:adult-silver-dragon","成年银龙","adult-silver-dragon","legendaryActions","detect","侦测","other","complex","headless","headless","verified-full","","src/rulesets/dnd5e/monsterComplexActionContracts.test.ts"
"srd-5.1:adult-silver-dragon","成年银龙","adult-silver-dragon","legendaryActions","tail-attack","尾击攻击","weapon-attack","simple-attack","headless","headless","verified-full","",""
"srd-5.1:adult-silver-dragon","成年银龙","adult-silver-dragon","legendaryActions","wing-attack-costs-2-actions","翼击（消耗 2 动作）","other","complex","headless","headless","verified-full","","src/rulesets/dnd5e/monsterComplexActionContracts.test.ts"
"srd-5.1:adult-white-dragon","成年白龙","adult-white-dragon","actions","multiattack","多重攻击","multiattack","complex","headless","headless","verified-full","","src/rulesets/dnd5e/monsterComplexActionContracts.test.ts"
"srd-5.1:adult-white-dragon","成年白龙","adult-white-dragon","actions","bite","啃咬","weapon-attack","simple-attack","headless","headless","verified-full","",""
"srd-5.1:adult-white-dragon","成年白龙","adult-white-dragon","actions","claw","爪击","weapon-attack","simple-attack","headless","headless","verified-full","",""
"srd-5.1:adult-white-dragon","成年白龙","adult-white-dragon","actions","tail","尾击","weapon-attack","simple-attack","headless","headless","verified-full","",""
"srd-5.1:adult-white-dragon","成年白龙","adult-white-dragon","actions","frightful-presence","骇人威仪","other","complex","headless","headless","verified-full","","src/rulesets/dnd5e/monsterComplexActionContracts.test.ts"
"srd-5.1:adult-white-dragon","成年白龙","adult-white-dragon","actions","cold-breath","寒冰吐息","other","complex","headless","headless","verified-full","","src/rulesets/dnd5e/monsterComplexActionContracts.test.ts"
"srd-5.1:adult-white-dragon","成年白龙","adult-white-dragon","actions","multiattack-weapons-only","多重攻击: Weapons Only","multiattack","complex","headless","headless","verified-full","","src/rulesets/dnd5e/monsterComplexActionContracts.test.ts"
"srd-5.1:adult-white-dragon","成年白龙","adult-white-dragon","legendaryActions","detect","侦测","other","complex","headless","headless","verified-full","","src/rulesets/dnd5e/monsterComplexActionContracts.test.ts"
"srd-5.1:adult-white-dragon","成年白龙","adult-white-dragon","legendaryActions","tail-attack","尾击攻击","weapon-attack","simple-attack","headless","headless","verified-full","",""
"srd-5.1:adult-white-dragon","成年白龙","adult-white-dragon","legendaryActions","wing-attack-costs-2-actions","翼击（消耗 2 动作）","other","complex","headless","headless","verified-full","","src/rulesets/dnd5e/monsterComplexActionContracts.test.ts"
"srd-5.1:air-elemental","气元素","air-elemental","actions","multiattack","多重攻击","multiattack","complex","headless","headless","verified-full","","src/rulesets/dnd5e/monsterComplexActionContracts.test.ts"
"srd-5.1:air-elemental","气元素","air-elemental","actions","slam","猛击","weapon-attack","simple-attack","headless","headless","verified-full","","src/store/characterTokenPresentation.test.ts"
"srd-5.1:air-elemental","气元素","air-elemental","actions","whirlwind","旋风","other","complex","dm-adjudication","dm-adjudication","manual","原文骰池 3d8+2 未进入结构 | 原文骰池 1d6 未进入结构 | 原文包含豁免，但动作无结构化豁免 | 原文包含状态/擒抱附效，但无结构化附效","src/store/characterTokenPresentation.test.ts"
"srd-5.1:ancient-black-dragon","远古黑龙","ancient-black-dragon","actions","multiattack","多重攻击","multiattack","complex","headless","headless","verified-full","","src/rulesets/dnd5e/monsterComplexActionContracts.test.ts"
"srd-5.1:ancient-black-dragon","远古黑龙","ancient-black-dragon","actions","bite","啃咬","weapon-attack","simple-attack","headless","headless","verified-full","","src/store/characterTokenPresentation.test.ts"
"srd-5.1:ancient-black-dragon","远古黑龙","ancient-black-dragon","actions","claw","爪击","weapon-attack","simple-attack","headless","headless","verified-full","","src/store/characterTokenPresentation.test.ts"
"srd-5.1:ancient-black-dragon","远古黑龙","ancient-black-dragon","actions","tail","尾击","weapon-attack","simple-attack","headless","headless","verified-full","","src/store/characterTokenPresentation.test.ts"
"srd-5.1:ancient-black-dragon","远古黑龙","ancient-black-dragon","actions","frightful-presence","骇人威仪","other","complex","headless","headless","verified-full","","src/rulesets/dnd5e/monsterComplexActionContracts.test.ts"
"srd-5.1:ancient-black-dragon","远古黑龙","ancient-black-dragon","actions","acid-breath","强酸吐息","other","complex","headless","headless","verified-full","","src/rulesets/dnd5e/monsterComplexActionContracts.test.ts"
"srd-5.1:ancient-black-dragon","远古黑龙","ancient-black-dragon","actions","multiattack-weapons-only","多重攻击: Weapons Only","multiattack","complex","headless","headless","verified-full","","src/rulesets/dnd5e/monsterComplexActionContracts.test.ts"
"srd-5.1:ancient-black-dragon","远古黑龙","ancient-black-dragon","legendaryActions","detect","侦测","other","complex","headless","headless","verified-full","","src/rulesets/dnd5e/monsterComplexActionContracts.test.ts"
"srd-5.1:ancient-black-dragon","远古黑龙","ancient-black-dragon","legendaryActions","tail-attack","尾击攻击","weapon-attack","simple-attack","headless","headless","verified-full","",""
"srd-5.1:ancient-black-dragon","远古黑龙","ancient-black-dragon","legendaryActions","wing-attack-costs-2-actions","翼击（消耗 2 动作）","other","complex","headless","headless","verified-full","","src/rulesets/dnd5e/monsterComplexActionContracts.test.ts"
"srd-5.1:ancient-blue-dragon","远古蓝龙","ancient-blue-dragon","actions","multiattack","多重攻击","multiattack","complex","headless","headless","verified-full","","src/rulesets/dnd5e/monsterComplexActionContracts.test.ts"
"srd-5.1:ancient-blue-dragon","远古蓝龙","ancient-blue-dragon","actions","bite","啃咬","weapon-attack","simple-attack","headless","headless","verified-full","","src/store/characterTokenPresentation.test.ts"
"srd-5.1:ancient-blue-dragon","远古蓝龙","ancient-blue-dragon","actions","claw","爪击","weapon-attack","simple-attack","headless","headless","verified-full","","src/store/characterTokenPresentation.test.ts"
"srd-5.1:ancient-blue-dragon","远古蓝龙","ancient-blue-dragon","actions","tail","尾击","weapon-attack","simple-attack","headless","headless","verified-full","","src/store/characterTokenPresentation.test.ts"
"srd-5.1:ancient-blue-dragon","远古蓝龙","ancient-blue-dragon","actions","frightful-presence","骇人威仪","other","complex","headless","headless","verified-full","","src/rulesets/dnd5e/monsterComplexActionContracts.test.ts"
"srd-5.1:ancient-blue-dragon","远古蓝龙","ancient-blue-dragon","actions","lightning-breath","闪电吐息","other","complex","headless","headless","verified-full","","src/rulesets/dnd5e/monsterComplexActionContracts.test.ts"
"srd-5.1:ancient-blue-dragon","远古蓝龙","ancient-blue-dragon","actions","multiattack-weapons-only","多重攻击: Weapons Only","multiattack","complex","headless","headless","verified-full","","src/rulesets/dnd5e/monsterComplexActionContracts.test.ts"
"srd-5.1:ancient-blue-dragon","远古蓝龙","ancient-blue-dragon","legendaryActions","detect","侦测","other","complex","headless","headless","verified-full","","src/rulesets/dnd5e/monsterComplexActionContracts.test.ts"
"srd-5.1:ancient-blue-dragon","远古蓝龙","ancient-blue-dragon","legendaryActions","tail-attack","尾击攻击","weapon-attack","simple-attack","headless","headless","verified-full","",""
"srd-5.1:ancient-blue-dragon","远古蓝龙","ancient-blue-dragon","legendaryActions","wing-attack-costs-2-actions","翼击（消耗 2 动作）","other","complex","headless","headless","verified-full","","src/rulesets/dnd5e/monsterComplexActionContracts.test.ts"
"srd-5.1:ancient-brass-dragon","远古黄铜龙","ancient-brass-dragon","actions","multiattack","多重攻击","multiattack","complex","headless","headless","verified-full","","src/rulesets/dnd5e/monsterComplexActionContracts.test.ts"
"srd-5.1:ancient-brass-dragon","远古黄铜龙","ancient-brass-dragon","actions","bite","啃咬","weapon-attack","simple-attack","headless","headless","verified-full","","src/store/characterTokenPresentation.test.ts"
"srd-5.1:ancient-brass-dragon","远古黄铜龙","ancient-brass-dragon","actions","claw","爪击","weapon-attack","simple-attack","headless","headless","verified-full","","src/store/characterTokenPresentation.test.ts"
"srd-5.1:ancient-brass-dragon","远古黄铜龙","ancient-brass-dragon","actions","tail","尾击","weapon-attack","simple-attack","headless","headless","verified-full","","src/store/characterTokenPresentation.test.ts"
"srd-5.1:ancient-brass-dragon","远古黄铜龙","ancient-brass-dragon","actions","frightful-presence","骇人威仪","other","complex","headless","headless","verified-full","","src/rulesets/dnd5e/monsterComplexActionContracts.test.ts"
"srd-5.1:ancient-brass-dragon","远古黄铜龙","ancient-brass-dragon","actions","breath-weapons","吐息武器","other","complex","headless","headless","verified-full","","src/rulesets/dnd5e/monsterComplexActionContracts.test.ts"
"srd-5.1:ancient-brass-dragon","远古黄铜龙","ancient-brass-dragon","actions","change-shape","改变形态","other","complex","dm-adjudication","non-combat","non-combat","",""
"srd-5.1:ancient-brass-dragon","远古黄铜龙","ancient-brass-dragon","actions","multiattack-weapons-only","多重攻击: Weapons Only","multiattack","complex","headless","headless","verified-full","","src/rulesets/dnd5e/monsterComplexActionContracts.test.ts"
"srd-5.1:ancient-brass-dragon","远古黄铜龙","ancient-brass-dragon","legendaryActions","detect","侦测","other","complex","headless","headless","verified-full","","src/rulesets/dnd5e/monsterComplexActionContracts.test.ts"
"srd-5.1:ancient-brass-dragon","远古黄铜龙","ancient-brass-dragon","legendaryActions","tail-attack","尾击攻击","weapon-attack","simple-attack","headless","headless","verified-full","",""
"srd-5.1:ancient-brass-dragon","远古黄铜龙","ancient-brass-dragon","legendaryActions","wing-attack-costs-2-actions","翼击（消耗 2 动作）","other","complex","headless","headless","verified-full","","src/rulesets/dnd5e/monsterComplexActionContracts.test.ts"
"srd-5.1:ancient-bronze-dragon","远古青铜龙","ancient-bronze-dragon","actions","multiattack","多重攻击","multiattack","complex","headless","headless","verified-full","","src/rulesets/dnd5e/monsterHeadlessCoverage.test.ts | src/rulesets/dnd5e/monsters.test.ts"
"srd-5.1:ancient-bronze-dragon","远古青铜龙","ancient-bronze-dragon","actions","bite","啃咬","weapon-attack","simple-attack","headless","headless","verified-full","","src/rulesets/dnd5e/monsters.test.ts | src/store/characterTokenPresentation.test.ts"
"srd-5.1:ancient-bronze-dragon","远古青铜龙","ancient-bronze-dragon","actions","claw","爪击","weapon-attack","simple-attack","headless","headless","verified-full","","src/rulesets/dnd5e/monsterHeadlessCoverage.test.ts | src/rulesets/dnd5e/monsters.test.ts | src/store/characterTokenPresentation.test.ts"
"srd-5.1:ancient-bronze-dragon","远古青铜龙","ancient-bronze-dragon","actions","tail","尾击","weapon-attack","simple-attack","headless","headless","verified-full","","src/rulesets/dnd5e/monsterHeadlessCoverage.test.ts | src/rulesets/dnd5e/monsters.test.ts | src/store/characterTokenPresentation.test.ts"
"srd-5.1:ancient-bronze-dragon","远古青铜龙","ancient-bronze-dragon","actions","frightful-presence","骇人威仪","other","complex","headless","headless","verified-full","","src/rulesets/dnd5e/monsters.test.ts"
"srd-5.1:ancient-bronze-dragon","远古青铜龙","ancient-bronze-dragon","actions","breath-weapons","吐息武器","other","complex","headless","headless","verified-full","","src/rulesets/dnd5e/monsterHeadlessCoverage.test.ts | src/rulesets/dnd5e/monsters.test.ts"
"srd-5.1:ancient-bronze-dragon","远古青铜龙","ancient-bronze-dragon","actions","change-shape","改变形态","other","complex","dm-adjudication","non-combat","non-combat","",""
"srd-5.1:ancient-bronze-dragon","远古青铜龙","ancient-bronze-dragon","actions","multiattack-weapons-only","多重攻击: Weapons Only","multiattack","complex","headless","headless","verified-full","","src/rulesets/dnd5e/monsterHeadlessCoverage.test.ts | src/rulesets/dnd5e/monsters.test.ts"
"srd-5.1:ancient-bronze-dragon","远古青铜龙","ancient-bronze-dragon","legendaryActions","detect","侦测","other","complex","headless","headless","verified-full","","src/rulesets/dnd5e/monsters.test.ts"
"srd-5.1:ancient-bronze-dragon","远古青铜龙","ancient-bronze-dragon","legendaryActions","tail-attack","尾击攻击","weapon-attack","simple-attack","headless","headless","verified-full","",""
"srd-5.1:ancient-bronze-dragon","远古青铜龙","ancient-bronze-dragon","legendaryActions","wing-attack-costs-2-actions","翼击（消耗 2 动作）","other","complex","headless","headless","verified-full","","src/rulesets/dnd5e/monsterHeadlessCoverage.test.ts"
"srd-5.1:ancient-copper-dragon","远古赤铜龙","ancient-copper-dragon","actions","multiattack","多重攻击","multiattack","complex","headless","headless","verified-full","","src/rulesets/dnd5e/monsterHeadlessCoverage.test.ts | src/rulesets/dnd5e/monsters.test.ts"
"srd-5.1:ancient-copper-dragon","远古赤铜龙","ancient-copper-dragon","actions","bite","啃咬","weapon-attack","simple-attack","headless","headless","verified-full","","src/rulesets/dnd5e/monsters.test.ts | src/store/characterTokenPresentation.test.ts"
"srd-5.1:ancient-copper-dragon","远古赤铜龙","ancient-copper-dragon","actions","claw","爪击","weapon-attack","simple-attack","headless","headless","verified-full","","src/rulesets/dnd5e/monsterHeadlessCoverage.test.ts | src/rulesets/dnd5e/monsters.test.ts | src/store/characterTokenPresentation.test.ts"
"srd-5.1:ancient-copper-dragon","远古赤铜龙","ancient-copper-dragon","actions","tail","尾击","weapon-attack","simple-attack","headless","headless","verified-full","","src/rulesets/dnd5e/monsterHeadlessCoverage.test.ts | src/rulesets/dnd5e/monsters.test.ts | src/store/characterTokenPresentation.test.ts"
"srd-5.1:ancient-copper-dragon","远古赤铜龙","ancient-copper-dragon","actions","frightful-presence","骇人威仪","other","complex","headless","headless","verified-full","","src/rulesets/dnd5e/monsters.test.ts"
"srd-5.1:ancient-copper-dragon","远古赤铜龙","ancient-copper-dragon","actions","breath-weapons","吐息武器","other","complex","headless","headless","verified-full","","src/rulesets/dnd5e/monsterHeadlessCoverage.test.ts | src/rulesets/dnd5e/monsters.test.ts"
"srd-5.1:ancient-copper-dragon","远古赤铜龙","ancient-copper-dragon","actions","change-shape","改变形态","other","complex","dm-adjudication","non-combat","non-combat","",""
"srd-5.1:ancient-copper-dragon","远古赤铜龙","ancient-copper-dragon","actions","multiattack-weapons-only","多重攻击: Weapons Only","multiattack","complex","headless","headless","verified-full","","src/rulesets/dnd5e/monsterHeadlessCoverage.test.ts | src/rulesets/dnd5e/monsters.test.ts"
"srd-5.1:ancient-copper-dragon","远古赤铜龙","ancient-copper-dragon","legendaryActions","detect","侦测","other","complex","headless","headless","verified-full","","src/rulesets/dnd5e/monsters.test.ts"
"srd-5.1:ancient-copper-dragon","远古赤铜龙","ancient-copper-dragon","legendaryActions","tail-attack","尾击攻击","weapon-attack","simple-attack","headless","headless","verified-full","",""
"srd-5.1:ancient-copper-dragon","远古赤铜龙","ancient-copper-dragon","legendaryActions","wing-attack-costs-2-actions","翼击（消耗 2 动作）","other","complex","headless","headless","verified-full","","src/rulesets/dnd5e/monsterHeadlessCoverage.test.ts"
"srd-5.1:ancient-gold-dragon","远古金龙","ancient-gold-dragon","actions","multiattack","多重攻击","multiattack","complex","headless","headless","verified-full","","src/rulesets/dnd5e/monsterHeadlessCoverage.test.ts | src/rulesets/dnd5e/monsters.test.ts"
"srd-5.1:ancient-gold-dragon","远古金龙","ancient-gold-dragon","actions","bite","啃咬","weapon-attack","simple-attack","headless","headless","verified-full","","src/rulesets/dnd5e/monsters.test.ts | src/store/characterTokenPresentation.test.ts"
"srd-5.1:ancient-gold-dragon","远古金龙","ancient-gold-dragon","actions","claw","爪击","weapon-attack","simple-attack","headless","headless","verified-full","","src/rulesets/dnd5e/monsterHeadlessCoverage.test.ts | src/rulesets/dnd5e/monsters.test.ts | src/store/characterTokenPresentation.test.ts"
"srd-5.1:ancient-gold-dragon","远古金龙","ancient-gold-dragon","actions","tail","尾击","weapon-attack","simple-attack","headless","headless","verified-full","","src/rulesets/dnd5e/monsterHeadlessCoverage.test.ts | src/rulesets/dnd5e/monsters.test.ts | src/store/characterTokenPresentation.test.ts"
"srd-5.1:ancient-gold-dragon","远古金龙","ancient-gold-dragon","actions","frightful-presence","骇人威仪","other","complex","headless","headless","verified-full","","src/rulesets/dnd5e/monsters.test.ts"
"srd-5.1:ancient-gold-dragon","远古金龙","ancient-gold-dragon","actions","breath-weapons","吐息武器","other","complex","headless","headless","verified-full","","src/rulesets/dnd5e/monsterHeadlessCoverage.test.ts | src/rulesets/dnd5e/monsters.test.ts"
"srd-5.1:ancient-gold-dragon","远古金龙","ancient-gold-dragon","actions","change-shape","改变形态","other","complex","dm-adjudication","non-combat","non-combat","",""
"srd-5.1:ancient-gold-dragon","远古金龙","ancient-gold-dragon","actions","multiattack-weapons-only","多重攻击: Weapons Only","multiattack","complex","headless","headless","verified-full","","src/rulesets/dnd5e/monsterHeadlessCoverage.test.ts | src/rulesets/dnd5e/monsters.test.ts"
"srd-5.1:ancient-gold-dragon","远古金龙","ancient-gold-dragon","legendaryActions","detect","侦测","other","complex","headless","headless","verified-full","","src/rulesets/dnd5e/monsters.test.ts"
"srd-5.1:ancient-gold-dragon","远古金龙","ancient-gold-dragon","legendaryActions","tail-attack","尾击攻击","weapon-attack","simple-attack","headless","headless","verified-full","",""
"srd-5.1:ancient-gold-dragon","远古金龙","ancient-gold-dragon","legendaryActions","wing-attack-costs-2-actions","翼击（消耗 2 动作）","other","complex","headless","headless","verified-full","","src/rulesets/dnd5e/monsterHeadlessCoverage.test.ts"
"srd-5.1:ancient-green-dragon","远古绿龙","ancient-green-dragon","actions","multiattack","多重攻击","multiattack","complex","headless","headless","verified-full","","src/rulesets/dnd5e/monsterComplexActionContracts.test.ts"
"srd-5.1:ancient-green-dragon","远古绿龙","ancient-green-dragon","actions","bite","啃咬","weapon-attack","simple-attack","headless","headless","verified-full","","src/store/characterTokenPresentation.test.ts"
"srd-5.1:ancient-green-dragon","远古绿龙","ancient-green-dragon","actions","claw","爪击","weapon-attack","simple-attack","headless","headless","verified-full","","src/store/characterTokenPresentation.test.ts"
"srd-5.1:ancient-green-dragon","远古绿龙","ancient-green-dragon","actions","tail","尾击","weapon-attack","simple-attack","headless","headless","verified-full","","src/store/characterTokenPresentation.test.ts"
"srd-5.1:ancient-green-dragon","远古绿龙","ancient-green-dragon","actions","frightful-presence","骇人威仪","other","complex","headless","headless","verified-full","","src/rulesets/dnd5e/monsterComplexActionContracts.test.ts"
"srd-5.1:ancient-green-dragon","远古绿龙","ancient-green-dragon","actions","poison-breath","毒气吐息","other","complex","headless","headless","verified-full","","src/store/characterTokenPresentation.test.ts"
"srd-5.1:ancient-green-dragon","远古绿龙","ancient-green-dragon","actions","multiattack-weapons-only","多重攻击: Weapons Only","multiattack","complex","headless","headless","verified-full","","src/rulesets/dnd5e/monsterComplexActionContracts.test.ts"
"srd-5.1:ancient-green-dragon","远古绿龙","ancient-green-dragon","legendaryActions","detect","侦测","other","complex","headless","headless","verified-full","","src/rulesets/dnd5e/monsterComplexActionContracts.test.ts"
"srd-5.1:ancient-green-dragon","远古绿龙","ancient-green-dragon","legendaryActions","tail-attack","尾击攻击","weapon-attack","simple-attack","headless","headless","verified-full","",""
"srd-5.1:ancient-green-dragon","远古绿龙","ancient-green-dragon","legendaryActions","wing-attack-costs-2-actions","翼击（消耗 2 动作）","other","complex","headless","headless","verified-full","","src/rulesets/dnd5e/monsterComplexActionContracts.test.ts"
"srd-5.1:ancient-red-dragon","远古红龙","ancient-red-dragon","actions","multiattack","多重攻击","multiattack","complex","headless","headless","verified-full","","src/rulesets/dnd5e/monsterComplexActionContracts.test.ts"
"srd-5.1:ancient-red-dragon","远古红龙","ancient-red-dragon","actions","bite","啃咬","weapon-attack","simple-attack","headless","headless","verified-full","","src/store/characterTokenPresentation.test.ts"
"srd-5.1:ancient-red-dragon","远古红龙","ancient-red-dragon","actions","claw","爪击","weapon-attack","simple-attack","headless","headless","verified-full","","src/store/characterTokenPresentation.test.ts"
"srd-5.1:ancient-red-dragon","远古红龙","ancient-red-dragon","actions","tail","尾击","weapon-attack","simple-attack","headless","headless","verified-full","","src/store/characterTokenPresentation.test.ts"
"srd-5.1:ancient-red-dragon","远古红龙","ancient-red-dragon","actions","frightful-presence","骇人威仪","other","complex","headless","headless","verified-full","","src/rulesets/dnd5e/monsterComplexActionContracts.test.ts"
"srd-5.1:ancient-red-dragon","远古红龙","ancient-red-dragon","actions","fire-breath","火焰吐息","other","complex","headless","headless","verified-full","","src/rulesets/dnd5e/monsterComplexActionContracts.test.ts"
"srd-5.1:ancient-red-dragon","远古红龙","ancient-red-dragon","actions","multiattack-weapons-only","多重攻击: Weapons Only","multiattack","complex","headless","headless","verified-full","","src/rulesets/dnd5e/monsterComplexActionContracts.test.ts"
"srd-5.1:ancient-red-dragon","远古红龙","ancient-red-dragon","legendaryActions","detect","侦测","other","complex","headless","headless","verified-full","","src/rulesets/dnd5e/monsterComplexActionContracts.test.ts"
"srd-5.1:ancient-red-dragon","远古红龙","ancient-red-dragon","legendaryActions","tail-attack","尾击攻击","weapon-attack","simple-attack","headless","headless","verified-full","",""
"srd-5.1:ancient-red-dragon","远古红龙","ancient-red-dragon","legendaryActions","wing-attack-costs-2-actions","翼击（消耗 2 动作）","other","complex","headless","headless","verified-full","","src/rulesets/dnd5e/monsterComplexActionContracts.test.ts"
"srd-5.1:ancient-silver-dragon","远古银龙","ancient-silver-dragon","actions","multiattack","多重攻击","multiattack","complex","headless","headless","verified-full","","src/rulesets/dnd5e/monsters.test.ts"
"srd-5.1:ancient-silver-dragon","远古银龙","ancient-silver-dragon","actions","bite","啃咬","weapon-attack","simple-attack","headless","headless","verified-full","","src/rulesets/dnd5e/monsters.test.ts | src/store/characterTokenPresentation.test.ts"
"srd-5.1:ancient-silver-dragon","远古银龙","ancient-silver-dragon","actions","claw","爪击","weapon-attack","simple-attack","headless","headless","verified-full","","src/rulesets/dnd5e/monsters.test.ts | src/store/characterTokenPresentation.test.ts"
"srd-5.1:ancient-silver-dragon","远古银龙","ancient-silver-dragon","actions","tail","尾击","weapon-attack","simple-attack","headless","headless","verified-full","","src/rulesets/dnd5e/monsters.test.ts | src/store/characterTokenPresentation.test.ts"
"srd-5.1:ancient-silver-dragon","远古银龙","ancient-silver-dragon","actions","frightful-presence","骇人威仪","other","complex","headless","headless","verified-full","","src/rulesets/dnd5e/monsters.test.ts"
"srd-5.1:ancient-silver-dragon","远古银龙","ancient-silver-dragon","actions","breath-weapons","吐息武器","other","complex","headless","headless","verified-full","","src/rulesets/dnd5e/monsters.test.ts"
"srd-5.1:ancient-silver-dragon","远古银龙","ancient-silver-dragon","actions","change-shape","改变形态","other","complex","dm-adjudication","non-combat","non-combat","",""
"srd-5.1:ancient-silver-dragon","远古银龙","ancient-silver-dragon","actions","multiattack-weapons-only","多重攻击: Weapons Only","multiattack","complex","headless","headless","verified-full","","src/rulesets/dnd5e/monsters.test.ts"
"srd-5.1:ancient-silver-dragon","远古银龙","ancient-silver-dragon","legendaryActions","detect","侦测","other","complex","headless","headless","verified-full","","src/rulesets/dnd5e/monsters.test.ts"
"srd-5.1:ancient-silver-dragon","远古银龙","ancient-silver-dragon","legendaryActions","tail-attack","尾击攻击","weapon-attack","simple-attack","headless","headless","verified-full","",""
"srd-5.1:ancient-silver-dragon","远古银龙","ancient-silver-dragon","legendaryActions","wing-attack-costs-2-actions","翼击（消耗 2 动作）","other","complex","headless","headless","verified-full","","src/rulesets/dnd5e/monsterComplexActionContracts.test.ts"
"srd-5.1:ancient-white-dragon","远古白龙","ancient-white-dragon","actions","multiattack","多重攻击","multiattack","complex","headless","headless","verified-full","","src/rulesets/dnd5e/monsterComplexActionContracts.test.ts"
"srd-5.1:ancient-white-dragon","远古白龙","ancient-white-dragon","actions","bite","啃咬","weapon-attack","simple-attack","headless","headless","verified-full","","src/store/characterTokenPresentation.test.ts"
"srd-5.1:ancient-white-dragon","远古白龙","ancient-white-dragon","actions","claw","爪击","weapon-attack","simple-attack","headless","headless","verified-full","","src/store/characterTokenPresentation.test.ts"
"srd-5.1:ancient-white-dragon","远古白龙","ancient-white-dragon","actions","tail","尾击","weapon-attack","simple-attack","headless","headless","verified-full","","src/store/characterTokenPresentation.test.ts"
"srd-5.1:ancient-white-dragon","远古白龙","ancient-white-dragon","actions","frightful-presence","骇人威仪","other","complex","headless","headless","verified-full","","src/rulesets/dnd5e/monsterComplexActionContracts.test.ts"
"srd-5.1:ancient-white-dragon","远古白龙","ancient-white-dragon","actions","cold-breath","寒冰吐息","other","complex","headless","headless","verified-full","","src/store/characterTokenPresentation.test.ts"
"srd-5.1:ancient-white-dragon","远古白龙","ancient-white-dragon","actions","multiattack-weapons-only","多重攻击: Weapons Only","multiattack","complex","headless","headless","verified-full","","src/rulesets/dnd5e/monsterComplexActionContracts.test.ts"
"srd-5.1:ancient-white-dragon","远古白龙","ancient-white-dragon","legendaryActions","detect","侦测","other","complex","headless","headless","verified-full","","src/rulesets/dnd5e/monsterComplexActionContracts.test.ts"
"srd-5.1:ancient-white-dragon","远古白龙","ancient-white-dragon","legendaryActions","tail-attack","尾击攻击","weapon-attack","simple-attack","headless","headless","verified-full","",""
"srd-5.1:ancient-white-dragon","远古白龙","ancient-white-dragon","legendaryActions","wing-attack-costs-2-actions","翼击（消耗 2 动作）","other","complex","headless","headless","verified-full","","src/rulesets/dnd5e/monsterComplexActionContracts.test.ts"
"srd-5.1:androsphinx","雄性斯芬克斯","androsphinx","actions","multiattack","多重攻击","multiattack","complex","headless","headless","verified-full","","src/components/map/DmMonsterControlDock.test.ts | src/lib/monsterManualControl.test.ts"
"srd-5.1:androsphinx","雄性斯芬克斯","androsphinx","actions","claw","爪击","weapon-attack","simple-attack","headless","headless","verified-full","","src/components/map/DmMonsterControlDock.test.ts | src/lib/monsterManualControl.test.ts | src/store/characterTokenPresentation.test.ts"
"srd-5.1:androsphinx","雄性斯芬克斯","androsphinx","actions","roar","咆哮","other","complex","headless","headless","verified-full","","src/components/map/DmMonsterControlDock.test.ts | src/components/map/EnemyDetailPanel.test.tsx | src/lib/monsterManualControl.test.ts | src/rulesets/dnd5e/monsterCombatActionCoverageBatch.test.ts | src/store/characterTokenPresentation.test.ts"
"srd-5.1:androsphinx","雄性斯芬克斯","androsphinx","legendaryActions","claw-attack","爪击攻击","weapon-attack","simple-attack","headless","headless","verified-full","",""
"srd-5.1:androsphinx","雄性斯芬克斯","androsphinx","legendaryActions","teleport-costs-2-actions","传送（消耗 2 动作）","other","complex","headless","headless","verified-full","","src/rulesets/dnd5e/monsterTeleportInvisibility.test.ts"
"srd-5.1:androsphinx","雄性斯芬克斯","androsphinx","legendaryActions","cast-a-spell-costs-3-actions","施展法术（消耗 3 动作）","other","complex","dm-adjudication","dm-adjudication","manual","","src/rulesets/dnd5e/monsterCoreSpellAction.test.ts"
"srd-5.1:animated-armor","活化护甲","animated-armor","actions","multiattack","多重攻击","multiattack","complex","headless","headless","verified-full","","src/rulesets/dnd5e/monsterComplexActionContracts.test.ts"
"srd-5.1:animated-armor","活化护甲","animated-armor","actions","slam","猛击","weapon-attack","simple-attack","headless","headless","verified-full","","src/store/characterTokenPresentation.test.ts"
"srd-5.1:ankheg","安赫格掘穴虫","ankheg","actions","bite","啃咬","weapon-attack","complex","headless","headless","verified-full","","src/rulesets/dnd5e/activeEffects.test.ts | src/rulesets/dnd5e/combatSimulation.test.ts | src/rulesets/dnd5e/headlessActionTransaction.test.ts | src/rulesets/dnd5e/headlessCombatEngine.test.ts | src/rulesets/dnd5e/mapBridge.test.ts | src/rulesets/dnd5e/monsterAttackAction.test.ts | src/rulesets/dnd5e/monsterBasicAction.test.ts | src/rulesets/dnd5e/monsterMoveAction.test.ts | src/rulesets/dnd5e/monsters.test.ts | src/rulesets/dnd5e/monsterSchema.test.ts | src/rulesets/dnd5e/monsterTurnPlanner.test.ts | src/rulesets/dnd5e/playerBasicAction.test.ts | src/store/characterTokenPresentation.test.ts"
"srd-5.1:ankheg","安赫格掘穴虫","ankheg","actions","acid-spray","强酸喷射","other","complex","headless","headless","verified-full","","src/pages/maps/monsterTurnEventLog.test.ts | src/rulesets/dnd5e/combatSimulation.test.ts | src/rulesets/dnd5e/headlessCombatEngine.test.ts | src/rulesets/dnd5e/monsterAreaAction.test.ts | src/rulesets/dnd5e/monsters.test.ts | src/rulesets/dnd5e/monsterSchema.test.ts | src/rulesets/dnd5e/monsterTurnPlanner.test.ts"
"srd-5.1:ape","猿","ape","actions","multiattack","多重攻击","multiattack","complex","headless","headless","verified-full","","src/rulesets/dnd5e/monsterComplexActionContracts.test.ts"
"srd-5.1:ape","猿","ape","actions","fist","拳击","weapon-attack","simple-attack","headless","headless","verified-full","","src/store/characterTokenPresentation.test.ts"
"srd-5.1:ape","猿","ape","actions","rock","投石","weapon-attack","simple-attack","headless","headless","verified-full","","src/store/characterTokenPresentation.test.ts"
"srd-5.1:archmage","大法师","archmage","actions","dagger","匕首","weapon-attack","simple-attack","headless","headless","verified-full","","src/rulesets/dnd5e/monsterTurnPlanner.test.ts"
"srd-5.1:assassin","刺客","assassin","actions","multiattack","多重攻击","multiattack","complex","headless","headless","verified-full","","src/rulesets/dnd5e/combatSimulation.test.ts | src/rulesets/dnd5e/headlessCombatEngine.test.ts | src/rulesets/dnd5e/monsterCatalogAttackTraitRuntime.test.ts | src/rulesets/dnd5e/monsterCatalogMultiattackBatch.test.ts | src/rulesets/dnd5e/monsterHeadlessCoverage.test.ts | src/rulesets/dnd5e/monsters.test.ts | src/rulesets/dnd5e/monsterSchema.test.ts | src/rulesets/dnd5e/monsterTurnPlanner.test.ts"
"srd-5.1:assassin","刺客","assassin","actions","shortsword","短剑","weapon-attack","complex","headless","headless","verified-full","","src/rulesets/dnd5e/headlessCombatEngine.test.ts | src/rulesets/dnd5e/monsterCatalogAttackTraitRuntime.test.ts | src/rulesets/dnd5e/monsterCatalogMultiattackBatch.test.ts | src/rulesets/dnd5e/monsters.test.ts | src/rulesets/dnd5e/monsterSchema.test.ts | src/store/characterTokenPresentation.test.ts"
"srd-5.1:assassin","刺客","assassin","actions","light-crossbow","轻弩","weapon-attack","complex","headless","headless","verified-full","","src/rulesets/dnd5e/monsters.test.ts"
"srd-5.1:awakened-shrub","觉醒灌木","awakened-shrub","actions","rake","撕抓","weapon-attack","simple-attack","headless","headless","verified-full","","src/store/characterTokenPresentation.test.ts"
"srd-5.1:awakened-tree","觉醒树木","awakened-tree","actions","slam","猛击","weapon-attack","simple-attack","headless","headless","verified-full","","src/store/characterTokenPresentation.test.ts"
"srd-5.1:axe-beak","斧喙鸟","axe-beak","actions","beak","喙击","weapon-attack","simple-attack","headless","headless","verified-full","","src/store/characterTokenPresentation.test.ts"
"srd-5.1:azer","艾泽","azer","actions","warhammer","战锤","weapon-attack","simple-attack","headless","headless","verified-full","","src/rulesets/dnd5e/monsterRemainingSettlementBatch.test.ts"
"srd-5.1:azer","艾泽","azer","actions","warhammer-two-handed","战锤 (Two-Handed)","weapon-attack","simple-attack","headless","headless","verified-full","","src/rulesets/dnd5e/monsterRemainingSettlementBatch.test.ts"
"srd-5.1:baboon","狒狒","baboon","actions","bite","啃咬","weapon-attack","simple-attack","headless","headless","verified-full","","src/store/characterTokenPresentation.test.ts"
"srd-5.1:badger","獾","badger","actions","bite","啃咬","weapon-attack","simple-attack","headless","headless","verified-full","","src/rulesets/dnd5e/monsters.test.ts | src/store/characterTokenPresentation.test.ts"
"srd-5.1:balor","巴洛炎魔","balor","actions","multiattack","多重攻击","multiattack","complex","headless","headless","verified-full","","src/rulesets/dnd5e/monsterCatalogMultiattackBatch.test.ts | src/rulesets/dnd5e/monsterForcedMovementMultiattack.test.ts | src/rulesets/dnd5e/monsters.test.ts"
"srd-5.1:balor","巴洛炎魔","balor","actions","longsword","长剑","weapon-attack","simple-attack","headless","headless","verified-full","","src/rulesets/dnd5e/monsterCatalogMultiattackBatch.test.ts | src/rulesets/dnd5e/monsterForcedMovementMultiattack.test.ts | src/rulesets/dnd5e/monsters.test.ts"
"srd-5.1:balor","巴洛炎魔","balor","actions","whip","长鞭","weapon-attack","complex","headless","headless","verified-full","","src/rulesets/dnd5e/monsterCatalogMultiattackBatch.test.ts | src/rulesets/dnd5e/monsterForcedMovementMultiattack.test.ts"
"srd-5.1:balor","巴洛炎魔","balor","actions","teleport","传送","other","complex","headless","headless","verified-full","","src/rulesets/dnd5e/monsterTeleportInvisibility.test.ts | src/store/characterTokenPresentation.test.ts"
"srd-5.1:bandit","强盗","bandit","actions","scimitar","弯刀","weapon-attack","simple-attack","headless","headless","verified-full","","src/store/characterTokenPresentation.test.ts"
"srd-5.1:bandit","强盗","bandit","actions","light-crossbow","轻弩","weapon-attack","simple-attack","headless","headless","verified-full","",""
"srd-5.1:bandit-captain","强盗头目","bandit-captain","actions","multiattack","多重攻击","multiattack","complex","headless","headless","verified-full","","src/rulesets/dnd5e/monsterCatalogMultiattackBatch.test.ts | src/rulesets/dnd5e/monsterSchema.test.ts"
"srd-5.1:bandit-captain","强盗头目","bandit-captain","actions","scimitar","弯刀","weapon-attack","simple-attack","headless","headless","verified-full","","src/rulesets/dnd5e/monsterCatalogMultiattackBatch.test.ts | src/store/characterTokenPresentation.test.ts"
"srd-5.1:bandit-captain","强盗头目","bandit-captain","actions","dagger","匕首","weapon-attack","simple-attack","headless","headless","verified-full","","src/rulesets/dnd5e/monsterCatalogMultiattackBatch.test.ts | src/rulesets/dnd5e/monsterSchema.test.ts"
"srd-5.1:bandit-captain","强盗头目","bandit-captain","actions","multiattack-daggers-ranged","多重攻击：匕首 ×2","multiattack","complex","headless","headless","verified-full","","src/rulesets/dnd5e/monsterCatalogMultiattackBatch.test.ts"
"srd-5.1:bandit-captain","强盗头目","bandit-captain","reactions","parry","招架","other","complex","headless","headless","verified-full","","src/rulesets/dnd5e/monsterParryHeadless.test.ts | src/rulesets/dnd5e/monsterSchema.test.ts"
"srd-5.1:barbed-devil","针刺魔","barbed-devil","actions","multiattack","多重攻击","multiattack","complex","headless","headless","verified-full","","src/rulesets/dnd5e/combatSimulation.test.ts | src/rulesets/dnd5e/headlessCombatEngine.test.ts | src/rulesets/dnd5e/monsterAttackAction.test.ts | src/rulesets/dnd5e/monsterCatalogMultiattackBatch.test.ts | src/rulesets/dnd5e/monsterHeadlessCoverage.test.ts | src/rulesets/dnd5e/monsters.test.ts | src/rulesets/dnd5e/monsterTurnPlanner.test.ts"
"srd-5.1:barbed-devil","针刺魔","barbed-devil","actions","claw","爪击","weapon-attack","simple-attack","headless","headless","verified-full","","src/rulesets/dnd5e/combatSimulation.test.ts | src/rulesets/dnd5e/headlessCombatEngine.test.ts | src/rulesets/dnd5e/monsterAttackAction.test.ts | src/rulesets/dnd5e/monsterCatalogMultiattackBatch.test.ts | src/rulesets/dnd5e/monsterHeadlessCoverage.test.ts | src/rulesets/dnd5e/monsters.test.ts | src/rulesets/dnd5e/monsterTurnPlanner.test.ts | src/store/characterTokenPresentation.test.ts"
"srd-5.1:barbed-devil","针刺魔","barbed-devil","actions","tail","尾击","weapon-attack","simple-attack","headless","headless","verified-full","","src/lib/combatLogDetails.test.ts | src/rulesets/dnd5e/combatSimulation.test.ts | src/rulesets/dnd5e/headlessCombatEngine.test.ts | src/rulesets/dnd5e/monsterAttackAction.test.ts | src/rulesets/dnd5e/monsterCatalogMultiattackBatch.test.ts | src/rulesets/dnd5e/monsterHeadlessCoverage.test.ts | src/rulesets/dnd5e/monsters.test.ts | src/rulesets/dnd5e/monsterTurnPlanner.test.ts | src/store/characterTokenPresentation.test.ts"
"srd-5.1:barbed-devil","针刺魔","barbed-devil","actions","hurl-flame","投掷火焰","weapon-attack","simple-attack","headless","headless","verified-full","","src/rulesets/dnd5e/combatSimulation.test.ts | src/rulesets/dnd5e/headlessCombatEngine.test.ts | src/rulesets/dnd5e/monsterAttackAction.test.ts | src/rulesets/dnd5e/monsterCatalogMultiattackBatch.test.ts | src/rulesets/dnd5e/monsterHeadlessCoverage.test.ts | src/rulesets/dnd5e/monsters.test.ts | src/rulesets/dnd5e/monsterTurnPlanner.test.ts | src/store/characterTokenPresentation.test.ts"
"srd-5.1:barbed-devil","针刺魔","barbed-devil","actions","multiattack-hurl-flame","多重攻击：投掷火焰 ×2","multiattack","complex","headless","headless","verified-full","","src/rulesets/dnd5e/combatSimulation.test.ts | src/rulesets/dnd5e/headlessCombatEngine.test.ts | src/rulesets/dnd5e/monsterAttackAction.test.ts | src/rulesets/dnd5e/monsterCatalogMultiattackBatch.test.ts | src/rulesets/dnd5e/monsterHeadlessCoverage.test.ts | src/rulesets/dnd5e/monsters.test.ts | src/rulesets/dnd5e/monsterTurnPlanner.test.ts"
"srd-5.1:basilisk","石化蜥蜴","basilisk","actions","bite","啃咬","weapon-attack","simple-attack","headless","headless","verified-full","","src/rulesets/dnd5e/combatSimulation.test.ts | src/store/characterTokenPresentation.test.ts"
"srd-5.1:bat","蝙蝠","bat","actions","bite","啃咬","weapon-attack","simple-attack","headless","headless","verified-full","","src/rulesets/dnd5e/monsters.test.ts | src/rulesets/dnd5e/monsterTurnPlanner.test.ts | src/store/characterTokenPresentation.test.ts"
"srd-5.1:bearded-devil","须魔","bearded-devil","actions","multiattack","多重攻击","multiattack","complex","headless","headless","verified-full","","src/rulesets/dnd5e/monsterCatalogMultiattackBatch.test.ts"
"srd-5.1:bearded-devil","须魔","bearded-devil","actions","beard","胡须","weapon-attack","complex","headless","headless","verified-full","","src/rulesets/dnd5e/monsterCatalogMultiattackBatch.test.ts | src/rulesets/dnd5e/monsterConditionalOnHitBatch.test.ts | src/store/characterTokenPresentation.test.ts"
"srd-5.1:bearded-devil","须魔","bearded-devil","actions","glaive","长柄刀","weapon-attack","complex","headless","headless","verified-full","","src/rulesets/dnd5e/monsterCatalogMultiattackBatch.test.ts | src/store/characterTokenPresentation.test.ts"
"srd-5.1:behir","贝希摩斯","behir","actions","multiattack","多重攻击","multiattack","complex","headless","headless","verified-full","","src/rulesets/dnd5e/combatSimulation.test.ts | src/rulesets/dnd5e/headlessCombatEngine.test.ts | src/rulesets/dnd5e/monsterAttackAction.test.ts | src/rulesets/dnd5e/monsterCatalogMultiattackBatch.test.ts | src/rulesets/dnd5e/monsters.test.ts | src/rulesets/dnd5e/monsterSchema.test.ts | src/rulesets/dnd5e/monsterTurnPlanner.test.ts"
"srd-5.1:behir","贝希摩斯","behir","actions","bite","啃咬","weapon-attack","simple-attack","headless","headless","verified-full","","src/rulesets/dnd5e/combatSimulation.test.ts | src/rulesets/dnd5e/headlessCombatEngine.test.ts | src/rulesets/dnd5e/monsterAttackAction.test.ts | src/rulesets/dnd5e/monsterCatalogMultiattackBatch.test.ts | src/rulesets/dnd5e/monsterCombatActionCoverageBatch.test.ts | src/rulesets/dnd5e/monsters.test.ts | src/rulesets/dnd5e/monsterSchema.test.ts | src/rulesets/dnd5e/monsterTurnPlanner.test.ts | src/store/characterTokenPresentation.test.ts"
"srd-5.1:behir","贝希摩斯","behir","actions","constrict","缠勒","weapon-attack","complex","headless","headless","verified-full","","src/rulesets/dnd5e/combatSimulation.test.ts | src/rulesets/dnd5e/headlessCombatEngine.test.ts | src/rulesets/dnd5e/monsterAttackAction.test.ts | src/rulesets/dnd5e/monsterCatalogMultiattackBatch.test.ts | src/rulesets/dnd5e/monsterCombatActionCoverageBatch.test.ts | src/rulesets/dnd5e/monsters.test.ts | src/rulesets/dnd5e/monsterSchema.test.ts | src/rulesets/dnd5e/monsterTurnPlanner.test.ts | src/store/characterTokenPresentation.test.ts"
"srd-5.1:behir","贝希摩斯","behir","actions","lightning-breath","闪电吐息","other","complex","headless","headless","verified-full","","src/rulesets/dnd5e/monsters.test.ts | src/rulesets/dnd5e/monsterTurnPlanner.test.ts"
"srd-5.1:behir","贝希摩斯","behir","actions","swallow","吞咽","weapon-attack","complex","headless","headless","verified-full","","src/rulesets/dnd5e/monsterCatalogMultiattackBatch.test.ts | src/rulesets/dnd5e/monsterCombatActionCoverageBatch.test.ts"
"srd-5.1:berserker","狂战士","berserker","actions","greataxe","巨斧","weapon-attack","simple-attack","headless","headless","verified-full","","src/store/characterTokenPresentation.test.ts"
"srd-5.1:black-bear","黑熊","black-bear","actions","multiattack","多重攻击","multiattack","complex","headless","headless","verified-full","","src/rulesets/dnd5e/monsters.test.ts"
"srd-5.1:black-bear","黑熊","black-bear","actions","bite","啃咬","weapon-attack","simple-attack","headless","headless","verified-full","","src/rulesets/dnd5e/monsters.test.ts | src/store/characterTokenPresentation.test.ts"
"srd-5.1:black-bear","黑熊","black-bear","actions","claws","双爪","weapon-attack","simple-attack","headless","headless","verified-full","","src/rulesets/dnd5e/monsters.test.ts | src/store/characterTokenPresentation.test.ts"
"srd-5.1:black-dragon-wyrmling","黑龙雏龙","black-dragon-wyrmling","actions","bite","啃咬","weapon-attack","simple-attack","headless","headless","verified-full","","src/rulesets/dnd5e/monsters.test.ts | src/store/characterTokenPresentation.test.ts"
"srd-5.1:black-dragon-wyrmling","黑龙雏龙","black-dragon-wyrmling","actions","acid-breath","强酸吐息","other","complex","headless","headless","verified-full","","src/rulesets/dnd5e/monsters.test.ts"
"srd-5.1:black-pudding","黑布丁","black-pudding","actions","pseudopod","伪足","weapon-attack","simple-attack","headless","headless","verified-full","","src/rulesets/dnd5e/monsterRemainingSettlementBatch.test.ts | src/store/characterTokenPresentation.test.ts"
"srd-5.1:black-pudding","黑布丁","black-pudding","reactions","split","分裂","other","complex","dm-adjudication","dm-adjudication","manual","",""
"srd-5.1:blink-dog","闪现犬","blink-dog","actions","bite","啃咬","weapon-attack","simple-attack","headless","headless","verified-full","","src/store/characterTokenPresentation.test.ts"
"srd-5.1:blink-dog","闪现犬","blink-dog","actions","teleport","传送","other","complex","dm-adjudication","dm-adjudication","manual","","src/components/map/DmMonsterControlDock.test.ts | src/rulesets/dnd5e/monsterTeleportInvisibility.test.ts | src/store/characterTokenPresentation.test.ts"
"srd-5.1:blood-hawk","血鹰","blood-hawk","actions","beak","喙击","weapon-attack","simple-attack","headless","headless","verified-full","","src/store/characterTokenPresentation.test.ts"
"srd-5.1:blue-dragon-wyrmling","蓝龙雏龙","blue-dragon-wyrmling","actions","bite","啃咬","weapon-attack","simple-attack","headless","headless","verified-full","","src/rulesets/dnd5e/monsters.test.ts | src/store/characterTokenPresentation.test.ts"
"srd-5.1:blue-dragon-wyrmling","蓝龙雏龙","blue-dragon-wyrmling","actions","lightning-breath","闪电吐息","other","complex","headless","headless","verified-full","","src/rulesets/dnd5e/monsters.test.ts"
"srd-5.1:boar","野猪","boar","actions","tusk","獠牙","weapon-attack","simple-attack","headless","headless","verified-full","","src/rulesets/dnd5e/monsterAttackAction.test.ts | src/rulesets/dnd5e/monsterCatalogAttackTraitRuntime.test.ts"
"srd-5.1:bone-devil","骨魔","bone-devil","actions","multiattack","多重攻击","multiattack","complex","headless","headless","verified-full","","src/rulesets/dnd5e/headlessCombatEngine.test.ts | src/rulesets/dnd5e/monsterCatalogMultiattackBatch.test.ts | src/rulesets/dnd5e/monsters.test.ts | src/rulesets/dnd5e/monsterSchema.test.ts | src/rulesets/dnd5e/monsterTurnPlanner.test.ts"
"srd-5.1:bone-devil","骨魔","bone-devil","actions","claw","爪击","weapon-attack","simple-attack","headless","headless","verified-full","","src/rulesets/dnd5e/headlessCombatEngine.test.ts | src/rulesets/dnd5e/monsterCatalogMultiattackBatch.test.ts | src/rulesets/dnd5e/monsters.test.ts | src/rulesets/dnd5e/monsterSchema.test.ts | src/rulesets/dnd5e/monsterTurnPlanner.test.ts | src/store/characterTokenPresentation.test.ts"
"srd-5.1:bone-devil","骨魔","bone-devil","actions","sting","螫刺","weapon-attack","complex","headless","headless","verified-full","","src/rulesets/dnd5e/headlessCombatEngine.test.ts | src/rulesets/dnd5e/monsterCatalogMultiattackBatch.test.ts | src/rulesets/dnd5e/monsters.test.ts | src/rulesets/dnd5e/monsterSchema.test.ts | src/rulesets/dnd5e/monsterTurnPlanner.test.ts | src/store/characterTokenPresentation.test.ts"
"srd-5.1:brass-dragon-wyrmling","黄铜龙雏龙","brass-dragon-wyrmling","actions","bite","啃咬","weapon-attack","simple-attack","headless","headless","verified-full","","src/rulesets/dnd5e/monsterResourceActions.test.ts | src/rulesets/dnd5e/monsters.test.ts | src/store/characterTokenPresentation.test.ts"
"srd-5.1:brass-dragon-wyrmling","黄铜龙雏龙","brass-dragon-wyrmling","actions","breath-weapons","吐息武器","other","complex","headless","headless","verified-full","","src/rulesets/dnd5e/monsterResourceActions.test.ts | src/rulesets/dnd5e/monsters.test.ts"
"srd-5.1:bronze-dragon-wyrmling","青铜龙雏龙","bronze-dragon-wyrmling","actions","bite","啃咬","weapon-attack","simple-attack","headless","headless","verified-full","","src/rulesets/dnd5e/monsters.test.ts | src/store/characterTokenPresentation.test.ts"
"srd-5.1:bronze-dragon-wyrmling","青铜龙雏龙","bronze-dragon-wyrmling","actions","breath-weapons","吐息武器","other","complex","headless","headless","verified-full","","src/rulesets/dnd5e/monsterHeadlessCoverage.test.ts | src/rulesets/dnd5e/monsters.test.ts"
"srd-5.1:brown-bear","棕熊","brown-bear","actions","multiattack","多重攻击","multiattack","complex","headless","headless","verified-full","","src/rulesets/dnd5e/monsterComplexActionContracts.test.ts"
"srd-5.1:brown-bear","棕熊","brown-bear","actions","bite","啃咬","weapon-attack","simple-attack","headless","headless","verified-full","","src/rulesets/dnd5e/activities/dnd5eActivityHeadlessAuthorityBridge.test.ts | src/store/characterTokenPresentation.test.ts"
"srd-5.1:brown-bear","棕熊","brown-bear","actions","claws","双爪","weapon-attack","simple-attack","headless","headless","verified-full","","src/store/characterTokenPresentation.test.ts"
"srd-5.1:bugbear","熊地精","bugbear","actions","morningstar","晨星锤","weapon-attack","simple-attack","headless","headless","verified-full","","src/store/characterTokenPresentation.test.ts"
"srd-5.1:bugbear","熊地精","bugbear","actions","javelin","标枪","weapon-attack","simple-attack","headless","headless","verified-full","","src/rulesets/dnd5e/combatSimulation.test.ts | src/rulesets/dnd5e/monsterAttackAction.test.ts | src/rulesets/dnd5e/monsterGenericAbilities.test.ts | src/rulesets/dnd5e/monsters.test.ts | src/rulesets/dnd5e/monsterSchema.test.ts | src/rulesets/dnd5e/monsterTurnPlanner.test.ts | src/store/characterTokenPresentation.test.ts"
"srd-5.1:bulette","掘地鲨","bulette","actions","bite","啃咬","weapon-attack","simple-attack","headless","headless","verified-full","","src/store/characterTokenPresentation.test.ts"
"srd-5.1:bulette","掘地鲨","bulette","actions","deadly-leap","致命飞跃","other","complex","headless","headless","verified-full","","src/rulesets/dnd5e/monsterAreaAction.test.ts"
"srd-5.1:camel","骆驼","camel","actions","bite","啃咬","weapon-attack","simple-attack","headless","headless","verified-full","","src/store/characterTokenPresentation.test.ts"
"srd-5.1:cat","猫","cat","actions","claws","双爪","weapon-attack","simple-attack","headless","headless","verified-full","","src/rulesets/dnd5e/monsters.test.ts | src/store/characterTokenPresentation.test.ts"
"srd-5.1:centaur","半人马","centaur","actions","multiattack","多重攻击","multiattack","complex","headless","headless","verified-full","","src/rulesets/dnd5e/monsterCatalogAttackTraitRuntime.test.ts | src/rulesets/dnd5e/monsterCatalogMultiattackBatch.test.ts | src/rulesets/dnd5e/monsterCentaurHeadless.test.ts"
"srd-5.1:centaur","半人马","centaur","actions","pike","长枪","weapon-attack","simple-attack","headless","headless","verified-full","","src/rulesets/dnd5e/monsterCatalogAttackTraitRuntime.test.ts | src/rulesets/dnd5e/monsterCatalogMultiattackBatch.test.ts | src/rulesets/dnd5e/monsterCentaurHeadless.test.ts"
"srd-5.1:centaur","半人马","centaur","actions","hooves","蹄击","weapon-attack","simple-attack","headless","headless","verified-full","","src/rulesets/dnd5e/monsterCatalogAttackTraitRuntime.test.ts | src/rulesets/dnd5e/monsterCatalogMultiattackBatch.test.ts | src/rulesets/dnd5e/monsterCentaurHeadless.test.ts | src/store/characterTokenPresentation.test.ts"
"srd-5.1:centaur","半人马","centaur","actions","longbow","长弓","weapon-attack","simple-attack","headless","headless","verified-full","","src/rulesets/dnd5e/monsterCatalogMultiattackBatch.test.ts | src/rulesets/dnd5e/monsterCentaurHeadless.test.ts | src/store/characterTokenPresentation.test.ts"
"srd-5.1:centaur","半人马","centaur","actions","multiattack-longbow","多重攻击：长弓 ×2","multiattack","complex","headless","headless","verified-full","","src/rulesets/dnd5e/monsterCatalogMultiattackBatch.test.ts | src/rulesets/dnd5e/monsterCentaurHeadless.test.ts"
"srd-5.1:chain-devil","锁链魔","chain-devil","actions","multiattack","多重攻击","multiattack","complex","headless","headless","verified-full","","src/rulesets/dnd5e/monsterCatalogMultiattackBatch.test.ts"
"srd-5.1:chain-devil","锁链魔","chain-devil","actions","chain","锁链","weapon-attack","complex","headless","headless","verified-full","","src/rulesets/dnd5e/monsterCatalogMultiattackBatch.test.ts | src/rulesets/dnd5e/monsterChainDevilUnnervingMaskHeadless.test.ts | src/rulesets/dnd5e/monsterDeathAreaAndUnnervingMaskCatalog.test.ts | src/store/characterTokenPresentation.test.ts"
"srd-5.1:chain-devil","锁链魔","chain-devil","actions","animate-chains","活化锁链","other","complex","dm-adjudication","dm-adjudication","manual","原文包含状态/擒抱附效，但无结构化附效",""
"srd-5.1:chain-devil","锁链魔","chain-devil","reactions","unnerving-mask","扰心面具","other","complex","headless","headless","verified-full","","src/rulesets/dnd5e/monsterChainDevilUnnervingMaskHeadless.test.ts | src/rulesets/dnd5e/monsterDeathAreaAndUnnervingMaskCatalog.test.ts"
"srd-5.1:chimera","奇美拉","chimera","actions","multiattack","多重攻击","multiattack","complex","headless","headless","verified-full","","src/rulesets/dnd5e/monsters.test.ts | src/rulesets/dnd5e/monsterSchema.test.ts | src/rulesets/dnd5e/monsterTurnPlanner.test.ts"
"srd-5.1:chimera","奇美拉","chimera","actions","bite","啃咬","weapon-attack","simple-attack","headless","headless","verified-full","","src/rulesets/dnd5e/monsters.test.ts | src/rulesets/dnd5e/monsterSchema.test.ts | src/rulesets/dnd5e/monsterTurnPlanner.test.ts | src/store/characterTokenPresentation.test.ts"
"srd-5.1:chimera","奇美拉","chimera","actions","horns","双角","weapon-attack","simple-attack","headless","headless","verified-full","","src/rulesets/dnd5e/monsters.test.ts"
"srd-5.1:chimera","奇美拉","chimera","actions","claws","双爪","weapon-attack","simple-attack","headless","headless","verified-full","","src/rulesets/dnd5e/monsters.test.ts | src/rulesets/dnd5e/monsterTurnPlanner.test.ts | src/store/characterTokenPresentation.test.ts"
"srd-5.1:chimera","奇美拉","chimera","actions","fire-breath","火焰吐息","other","complex","headless","headless","verified-full","","src/rulesets/dnd5e/monsters.test.ts | src/rulesets/dnd5e/monsterTurnPlanner.test.ts"
"srd-5.1:chimera","奇美拉","chimera","actions","multiattack-fire-breath-instead-of-bite","多重攻击：火焰吐息 ×3","multiattack","complex","headless","headless","verified-full","","src/rulesets/dnd5e/monsterComplexActionContracts.test.ts"
"srd-5.1:chimera","奇美拉","chimera","actions","multiattack-fire-breath-instead-of-horns","多重攻击：啃咬 ×3","multiattack","complex","headless","headless","verified-full","","src/rulesets/dnd5e/monsterComplexActionContracts.test.ts"
"srd-5.1:chuul","楚尔异怪","chuul","actions","multiattack","多重攻击","multiattack","complex","headless","headless","verified-full","","src/rulesets/dnd5e/monsterCatalogMultiattackBatch.test.ts | src/rulesets/dnd5e/monsterCatalogOnHitBatch.test.ts | src/rulesets/dnd5e/monsterCompositeSpecialActions.test.ts | src/rulesets/dnd5e/monsterConditionalCompositeChildren.test.ts"
"srd-5.1:chuul","楚尔异怪","chuul","actions","pincer","螯击","weapon-attack","complex","headless","headless","verified-full","","src/rulesets/dnd5e/monsterCatalogMultiattackBatch.test.ts | src/rulesets/dnd5e/monsterCatalogOnHitBatch.test.ts | src/rulesets/dnd5e/monsterCompositeSpecialActions.test.ts | src/rulesets/dnd5e/monsterConditionalCompositeChildren.test.ts"
"srd-5.1:chuul","楚尔异怪","chuul","actions","tentacles","触手群攻","other","complex","headless","headless","verified-full","","src/rulesets/dnd5e/monsterCatalogMultiattackBatch.test.ts | src/rulesets/dnd5e/monsterCompositeSpecialActions.test.ts | src/rulesets/dnd5e/monsterConditionalCompositeChildren.test.ts"
"srd-5.1:chuul","楚尔异怪","chuul","actions","multiattack-pincers-and-tentacles","多重攻击：螯击 ×3","multiattack","complex","headless","headless","verified-full","","src/rulesets/dnd5e/monsterCatalogMultiattackBatch.test.ts | src/rulesets/dnd5e/monsterCompositeSpecialActions.test.ts | src/rulesets/dnd5e/monsterConditionalCompositeChildren.test.ts"
"srd-5.1:clay-golem","黏土魔像","clay-golem","actions","multiattack","多重攻击","multiattack","complex","headless","headless","verified-full","","src/rulesets/dnd5e/monsterCatalogMultiattackBatch.test.ts"
"srd-5.1:clay-golem","黏土魔像","clay-golem","actions","slam","猛击","weapon-attack","complex","headless","headless","verified-full","","src/rulesets/dnd5e/monsterCatalogMultiattackBatch.test.ts | src/rulesets/dnd5e/monsterCombatActionCoverageBatch.test.ts | src/rulesets/dnd5e/monsterHitPointMaximumReduction.test.ts | src/store/characterTokenPresentation.test.ts"
"srd-5.1:clay-golem","黏土魔像","clay-golem","actions","haste","加速","other","complex","headless","headless","verified-full","","src/rulesets/dnd5e/monsterCombatActionCoverageBatch.test.ts"
"srd-5.1:clay-golem","黏土魔像","clay-golem","bonusActions","haste-slam-bonus-action","猛击 (加速)","weapon-attack","simple-attack","headless","headless","verified-full","","src/rulesets/dnd5e/monsterCombatActionCoverageBatch.test.ts"
"srd-5.1:cloaker","披风怪","cloaker","actions","multiattack","多重攻击","multiattack","complex","headless","headless","verified-full","","src/rulesets/dnd5e/monsterCatalogMultiattackBatch.test.ts | src/rulesets/dnd5e/monsterComplexRelationMultiattacks.test.ts"
"srd-5.1:cloaker","披风怪","cloaker","actions","bite","啃咬","weapon-attack","simple-attack","headless","headless","verified-full","","src/rulesets/dnd5e/monsterCatalogMultiattackBatch.test.ts | src/rulesets/dnd5e/monsterComplexRelationMultiattacks.test.ts | src/store/characterTokenPresentation.test.ts"
"srd-5.1:cloaker","披风怪","cloaker","actions","tail","尾击","weapon-attack","simple-attack","headless","headless","verified-full","","src/rulesets/dnd5e/monsterCatalogMultiattackBatch.test.ts | src/rulesets/dnd5e/monsterComplexRelationMultiattacks.test.ts | src/rulesets/dnd5e/tokenStatusMarkers.test.ts | src/store/characterTokenPresentation.test.ts"
"srd-5.1:cloaker","披风怪","cloaker","actions","moan","哀嚎","other","complex","headless","headless","verified-full","","src/rulesets/dnd5e/monsterStructuredSpecialActionBatch.test.ts"
"srd-5.1:cloaker","披风怪","cloaker","actions","phantasms","幻象","other","complex","dm-adjudication","dm-adjudication","manual","",""
"srd-5.1:cloud-giant","云巨人","cloud-giant","actions","multiattack","多重攻击","multiattack","complex","headless","headless","verified-full","","src/rulesets/dnd5e/monsterResourceActions.test.ts"
"srd-5.1:cloud-giant","云巨人","cloud-giant","actions","morningstar","晨星锤","weapon-attack","simple-attack","headless","headless","verified-full","","src/store/characterTokenPresentation.test.ts"
"srd-5.1:cloud-giant","云巨人","cloud-giant","actions","rock","投石","weapon-attack","simple-attack","headless","headless","verified-full","","src/store/characterTokenPresentation.test.ts"
"srd-5.1:cockatrice","鸡蛇兽","cockatrice","actions","bite","啃咬","weapon-attack","complex","headless","headless","verified-full","","src/rulesets/dnd5e/monsterConditionalOnHitBatch.test.ts | src/rulesets/dnd5e/monsterSchema.test.ts | src/store/characterTokenPresentation.test.ts"
"srd-5.1:commoner","平民","commoner","actions","club","木棒","weapon-attack","simple-attack","headless","headless","verified-full","","src/store/characterTokenPresentation.test.ts"
"srd-5.1:constrictor-snake","蟒蛇","constrictor-snake","actions","bite","啃咬","weapon-attack","simple-attack","headless","headless","verified-full","","src/rulesets/dnd5e/combatSimulation.test.ts | src/rulesets/dnd5e/monsters.test.ts | src/store/characterTokenPresentation.test.ts"
"srd-5.1:constrictor-snake","蟒蛇","constrictor-snake","actions","constrict","缠勒","weapon-attack","complex","headless","headless","verified-full","","src/rulesets/dnd5e/combatSimulation.test.ts | src/rulesets/dnd5e/monsters.test.ts | src/store/characterTokenPresentation.test.ts"
"srd-5.1:copper-dragon-wyrmling","赤铜龙雏龙","copper-dragon-wyrmling","actions","bite","啃咬","weapon-attack","simple-attack","headless","headless","verified-full","","src/rulesets/dnd5e/headlessCombatEngine.test.ts | src/rulesets/dnd5e/monsters.test.ts | src/store/characterTokenPresentation.test.ts"
"srd-5.1:copper-dragon-wyrmling","赤铜龙雏龙","copper-dragon-wyrmling","actions","breath-weapons","吐息武器","other","complex","headless","headless","verified-full","","src/rulesets/dnd5e/headlessCombatEngine.test.ts | src/rulesets/dnd5e/monsterHeadlessCoverage.test.ts | src/rulesets/dnd5e/monsters.test.ts"
"srd-5.1:couatl","羽蛇","couatl","actions","bite","啃咬","weapon-attack","complex","headless","headless","verified-full","","src/rulesets/dnd5e/combatSimulation.test.ts | src/rulesets/dnd5e/monsterCatalogOnHitBatch.test.ts | src/rulesets/dnd5e/monsterConditionalOnHitBatch.test.ts | src/rulesets/dnd5e/monsterGenericAbilities.test.ts | src/rulesets/dnd5e/monsterTurnPlanner.test.ts | src/store/characterTokenPresentation.test.ts"
"srd-5.1:couatl","羽蛇","couatl","actions","constrict","缠勒","weapon-attack","complex","headless","headless","verified-full","","src/rulesets/dnd5e/combatSimulation.test.ts | src/rulesets/dnd5e/monsterCatalogOnHitBatch.test.ts | src/rulesets/dnd5e/monsterTurnPlanner.test.ts | src/store/characterTokenPresentation.test.ts"
"srd-5.1:couatl","羽蛇","couatl","actions","change-shape","改变形态","other","complex","dm-adjudication","non-combat","non-combat","",""
"srd-5.1:crab","螃蟹","crab","actions","claw","爪击","weapon-attack","simple-attack","headless","headless","verified-full","","src/rulesets/dnd5e/monsters.test.ts | src/store/characterTokenPresentation.test.ts"
"srd-5.1:crocodile","鳄鱼","crocodile","actions","bite","啃咬","weapon-attack","complex","headless","headless","verified-full","","src/rulesets/dnd5e/monsterAttackAction.test.ts | src/rulesets/dnd5e/monsterCatalogOnHitBatch.test.ts | src/rulesets/dnd5e/monsterMultiattackConstraints.test.ts | src/rulesets/dnd5e/monsterMultiattackTargets.test.ts | src/store/characterTokenPresentation.test.ts"
"srd-5.1:cult-fanatic","邪教狂信徒","cult-fanatic","actions","multiattack","多重攻击","multiattack","complex","headless","headless","verified-full","","src/rulesets/dnd5e/combatSimulation.test.ts | src/rulesets/dnd5e/monsterAttackAction.test.ts | src/rulesets/dnd5e/monsterResourceActions.test.ts | src/rulesets/dnd5e/monsters.test.ts | src/rulesets/dnd5e/monsterSchema.test.ts | src/rulesets/dnd5e/monsterTurnPlanner.test.ts"
"srd-5.1:cult-fanatic","邪教狂信徒","cult-fanatic","actions","dagger","匕首","weapon-attack","simple-attack","headless","headless","verified-full","","src/rulesets/dnd5e/combatSimulation.test.ts | src/rulesets/dnd5e/monsterAttackAction.test.ts | src/rulesets/dnd5e/monsterGenericAbilities.test.ts | src/rulesets/dnd5e/monsters.test.ts | src/rulesets/dnd5e/monsterSchema.test.ts | src/rulesets/dnd5e/monsterTurnPlanner.test.ts"
"srd-5.1:cultist","邪教徒","cultist","actions","scimitar","弯刀","weapon-attack","simple-attack","headless","headless","verified-full","","src/store/characterTokenPresentation.test.ts"
"srd-5.1:darkmantle","暗幕怪","darkmantle","actions","crush","碾压","weapon-attack","simple-attack","headless","headless","verified-full","","src/rulesets/dnd5e/monsterRemainingSettlementBatch.test.ts"
"srd-5.1:darkmantle","暗幕怪","darkmantle","actions","darkness-aura","黑暗灵光","other","complex","headless","headless","verified-full","","src/rulesets/dnd5e/monsterPersistentAreas.test.ts"
"srd-5.1:death-dog","死亡犬","death-dog","actions","multiattack","多重攻击","multiattack","complex","headless","headless","verified-full","","src/rulesets/dnd5e/monsterCatalogMultiattackBatch.test.ts"
"srd-5.1:death-dog","死亡犬","death-dog","actions","bite","啃咬","weapon-attack","complex","headless","headless","verified-full","","src/rulesets/dnd5e/campaignTimeRules.test.ts | src/rulesets/dnd5e/monsterCatalogMultiattackBatch.test.ts | src/rulesets/dnd5e/monsterHeadlessSafetyPolicy.test.ts | src/store/characterTokenPresentation.test.ts"
"srd-5.1:deep-gnome-svirfneblin","地底侏儒（斯涅布力）","deep-gnome-svirfneblin","actions","war-pick","战镐","weapon-attack","simple-attack","headless","headless","verified-full","",""
"srd-5.1:deep-gnome-svirfneblin","地底侏儒（斯涅布力）","deep-gnome-svirfneblin","actions","poisoned-dart","毒镖","weapon-attack","complex","headless","headless","verified-full","","src/rulesets/dnd5e/monsterCatalogOnHitBatch.test.ts"
"srd-5.1:deer","鹿","deer","actions","bite","啃咬","weapon-attack","simple-attack","headless","headless","verified-full","","src/store/characterTokenPresentation.test.ts"
"srd-5.1:deva","提婆","deva","actions","multiattack","多重攻击","multiattack","complex","headless","headless","verified-full","","src/rulesets/dnd5e/monsterComplexActionContracts.test.ts"
"srd-5.1:deva","提婆","deva","actions","mace","硬头锤","weapon-attack","simple-attack","headless","headless","verified-full","","src/store/characterTokenPresentation.test.ts"
"srd-5.1:deva","提婆","deva","actions","healing-touch","治疗之触","other","complex","headless","headless","verified-full","","src/rulesets/dnd5e/monsterHealingTouch.test.ts | src/store/characterTokenPresentation.test.ts"
"srd-5.1:deva","提婆","deva","actions","change-shape","改变形态","other","complex","dm-adjudication","non-combat","non-combat","",""
"srd-5.1:dire-wolf","恐狼","dire-wolf","actions","bite","啃咬","weapon-attack","complex","headless","headless","verified-full","","src/rulesets/dnd5e/monsters.test.ts | src/store/characterTokenPresentation.test.ts"
"srd-5.1:djinni","气巨灵","djinni","actions","multiattack","多重攻击","multiattack","complex","headless","headless","verified-full","","src/rulesets/dnd5e/combatSimulation.test.ts | src/rulesets/dnd5e/monsterCatalogFixedChildActions.test.ts | src/rulesets/dnd5e/monsterCatalogMultiattackBatch.test.ts | src/rulesets/dnd5e/monsters.test.ts"
"srd-5.1:djinni","气巨灵","djinni","actions","scimitar","弯刀","weapon-attack","simple-attack","headless","headless","verified-full","","src/rulesets/dnd5e/monsterCatalogFixedChildActions.test.ts | src/rulesets/dnd5e/monsterCatalogMultiattackBatch.test.ts | src/rulesets/dnd5e/monsters.test.ts | src/store/characterTokenPresentation.test.ts"
"srd-5.1:djinni","气巨灵","djinni","actions","create-whirlwind","创造旋风","other","complex","dm-adjudication","dm-adjudication","manual","原文包含豁免，但动作无结构化豁免 | 原文包含状态/擒抱附效，但无结构化附效",""
"srd-5.1:djinni","气巨灵","djinni","actions","scimitar-thunder","弯刀（雷鸣）","weapon-attack","simple-attack","headless","headless","verified-full","","src/rulesets/dnd5e/monsterCatalogFixedChildActions.test.ts"
"srd-5.1:doppelganger","变形怪","doppelganger","actions","multiattack","多重攻击","multiattack","complex","headless","headless","verified-full","","src/rulesets/dnd5e/monsterTriggeredAttackTraits.test.ts"
"srd-5.1:doppelganger","变形怪","doppelganger","actions","slam","猛击","weapon-attack","simple-attack","headless","headless","verified-full","","src/rulesets/dnd5e/monsterTriggeredAttackTraits.test.ts | src/store/characterTokenPresentation.test.ts"
"srd-5.1:doppelganger","变形怪","doppelganger","actions","read-thoughts","读取思想","other","complex","dm-adjudication","non-combat","non-combat","",""
"srd-5.1:draft-horse","挽马","draft-horse","actions","hooves","蹄击","weapon-attack","simple-attack","headless","headless","verified-full","","src/store/characterTokenPresentation.test.ts"
"srd-5.1:dragon-turtle","龙龟","dragon-turtle","actions","multiattack","多重攻击","multiattack","complex","headless","headless","verified-full","","src/rulesets/dnd5e/monsterForcedMovementMultiattack.test.ts | src/rulesets/dnd5e/monsterResourceActions.test.ts | src/rulesets/dnd5e/monsters.test.ts | src/rulesets/dnd5e/monsterTurnPlanner.test.ts"
"srd-5.1:dragon-turtle","龙龟","dragon-turtle","actions","bite","啃咬","weapon-attack","simple-attack","headless","headless","verified-full","","src/rulesets/dnd5e/monsterForcedMovementMultiattack.test.ts | src/rulesets/dnd5e/monsterResourceActions.test.ts | src/rulesets/dnd5e/monsters.test.ts | src/rulesets/dnd5e/monsterTurnPlanner.test.ts | src/store/characterTokenPresentation.test.ts"
"srd-5.1:dragon-turtle","龙龟","dragon-turtle","actions","claw","爪击","weapon-attack","simple-attack","headless","headless","verified-full","","src/rulesets/dnd5e/monsters.test.ts | src/rulesets/dnd5e/monsterTurnPlanner.test.ts | src/store/characterTokenPresentation.test.ts"
"srd-5.1:dragon-turtle","龙龟","dragon-turtle","actions","tail","尾击","weapon-attack","complex","headless","headless","verified-full","","src/rulesets/dnd5e/monsterForcedMovementMultiattack.test.ts | src/rulesets/dnd5e/monsterResourceActions.test.ts | src/rulesets/dnd5e/monsters.test.ts | src/rulesets/dnd5e/monsterTurnPlanner.test.ts | src/store/characterTokenPresentation.test.ts"
"srd-5.1:dragon-turtle","龙龟","dragon-turtle","actions","steam-breath","蒸汽吐息","other","complex","headless","headless","verified-full","","src/rulesets/dnd5e/monsterResourceActions.test.ts | src/rulesets/dnd5e/monsters.test.ts | src/rulesets/dnd5e/monsterTurnPlanner.test.ts"
"srd-5.1:dragon-turtle","龙龟","dragon-turtle","actions","multiattack-bite-and-tail","多重攻击：啃咬 ×2","multiattack","complex","headless","headless","verified-full","","src/rulesets/dnd5e/monsterForcedMovementMultiattack.test.ts"
"srd-5.1:dretch","怯魔","dretch","actions","multiattack","多重攻击","multiattack","complex","headless","headless","verified-full","","src/rulesets/dnd5e/monsters.test.ts"
"srd-5.1:dretch","怯魔","dretch","actions","bite","啃咬","weapon-attack","simple-attack","headless","headless","verified-full","","src/rulesets/dnd5e/monsters.test.ts | src/store/characterTokenPresentation.test.ts"
"srd-5.1:dretch","怯魔","dretch","actions","claws","双爪","weapon-attack","simple-attack","headless","headless","verified-full","","src/rulesets/dnd5e/monsters.test.ts | src/store/characterTokenPresentation.test.ts"
"srd-5.1:dretch","怯魔","dretch","actions","fetid-cloud","恶臭云雾","other","complex","headless","headless","verified-full","","src/rulesets/dnd5e/monsterPersistentAreas.test.ts"
"srd-5.1:drider","蛛化精灵","drider","actions","multiattack","多重攻击","multiattack","complex","headless","headless","verified-full","","src/rulesets/dnd5e/monsterCatalogFixedChildActions.test.ts | src/rulesets/dnd5e/monsterCatalogMultiattackBatch.test.ts"
"srd-5.1:drider","蛛化精灵","drider","actions","bite","啃咬","weapon-attack","simple-attack","headless","headless","verified-full","","src/rulesets/dnd5e/monsterCatalogFixedChildActions.test.ts | src/rulesets/dnd5e/monsterCatalogMultiattackBatch.test.ts | src/store/characterTokenPresentation.test.ts"
"srd-5.1:drider","蛛化精灵","drider","actions","longsword","长剑","weapon-attack","simple-attack","headless","headless","verified-full","","src/rulesets/dnd5e/monsterCatalogFixedChildActions.test.ts | src/rulesets/dnd5e/monsterCatalogMultiattackBatch.test.ts"
"srd-5.1:drider","蛛化精灵","drider","actions","longbow","长弓","weapon-attack","simple-attack","headless","headless","verified-full","","src/rulesets/dnd5e/monsterCatalogFixedChildActions.test.ts | src/rulesets/dnd5e/monsterCatalogMultiattackBatch.test.ts | src/store/characterTokenPresentation.test.ts"
"srd-5.1:drider","蛛化精灵","drider","actions","longsword-two-handed","长剑（双手）","weapon-attack","simple-attack","headless","headless","verified-full","","src/rulesets/dnd5e/monsterCatalogFixedChildActions.test.ts"
"srd-5.1:drider","蛛化精灵","drider","actions","multiattack-longsword","多重攻击：长剑 ×3","multiattack","complex","headless","headless","verified-full","","src/rulesets/dnd5e/monsterCatalogFixedChildActions.test.ts | src/rulesets/dnd5e/monsterCatalogMultiattackBatch.test.ts"
"srd-5.1:drider","蛛化精灵","drider","actions","multiattack-bite-and-longbow","多重攻击：啃咬 ×3","multiattack","complex","headless","headless","verified-full","","src/rulesets/dnd5e/monsterCatalogMultiattackBatch.test.ts"
"srd-5.1:drider","蛛化精灵","drider","actions","multiattack-bite-and-longsword","多重攻击：啃咬 ×3","multiattack","complex","headless","headless","verified-full","","src/rulesets/dnd5e/monsterCatalogFixedChildActions.test.ts | src/rulesets/dnd5e/monsterCatalogMultiattackBatch.test.ts"
"srd-5.1:drow","卓尔","drow","actions","shortsword","短剑","weapon-attack","simple-attack","headless","headless","verified-full","","src/rulesets/dnd5e/mapBridge.test.ts | src/rulesets/dnd5e/monsterSchema.test.ts | src/store/characterTokenPresentation.test.ts"
"srd-5.1:drow","卓尔","drow","actions","hand-crossbow","手弩","weapon-attack","complex","headless","headless","verified-full","","src/rulesets/dnd5e/monsterConditionalOnHitBatch.test.ts | src/rulesets/dnd5e/monsterSchema.test.ts"
"srd-5.1:druid","德鲁伊","druid","actions","quarterstaff","长棍","weapon-attack","simple-attack","headless","headless","verified-full","","src/rulesets/dnd5e/monsterCombatActionCoverageBatch.test.ts"
"srd-5.1:druid","德鲁伊","druid","actions","quarterstaff-two-handed","长棍 (Two-Handed)","weapon-attack","simple-attack","headless","headless","verified-full","","src/rulesets/dnd5e/monsterCombatActionCoverageBatch.test.ts"
"srd-5.1:druid","德鲁伊","druid","actions","quarterstaff-shillelagh","长棍 (Shillelagh)","weapon-attack","simple-attack","dm-adjudication","dm-adjudication","manual","命中加值与原文不一致","src/rulesets/dnd5e/monsterCombatActionCoverageBatch.test.ts"
"srd-5.1:dryad","树精","dryad","actions","club","木棒","weapon-attack","simple-attack","headless","headless","verified-full","","src/rulesets/dnd5e/monsterRemainingSettlementBatch.test.ts | src/store/characterTokenPresentation.test.ts"
"srd-5.1:dryad","树精","dryad","actions","fey-charm","精类魅惑","other","complex","headless","headless","verified-full","","src/rulesets/dnd5e/monsterCombatActionCoverageBatch.test.ts"
"srd-5.1:dryad","树精","dryad","actions","club-shillelagh","木棒 (Shillelagh)","weapon-attack","simple-attack","dm-adjudication","dm-adjudication","manual","命中加值与原文不一致","src/rulesets/dnd5e/monsterRemainingSettlementBatch.test.ts"
"srd-5.1:duergar","灰矮人","duergar","actions","enlarge","变巨","other","complex","headless","headless","verified-full","","src/rulesets/dnd5e/monsterCombatActionCoverageBatch.test.ts | src/rulesets/dnd5e/monsterRemainingSettlementBatch.test.ts | src/rulesets/dnd5e/monsterTeleportInvisibility.test.ts | src/store/characterTokenPresentation.test.ts"
"srd-5.1:duergar","灰矮人","duergar","actions","war-pick","战镐","weapon-attack","simple-attack","headless","headless","verified-full","","src/rulesets/dnd5e/monsterCombatActionCoverageBatch.test.ts | src/rulesets/dnd5e/monsterRemainingSettlementBatch.test.ts"
"srd-5.1:duergar","灰矮人","duergar","actions","javelin","标枪","weapon-attack","simple-attack","headless","headless","verified-full","","src/rulesets/dnd5e/monsterRemainingSettlementBatch.test.ts | src/store/characterTokenPresentation.test.ts"
"srd-5.1:duergar","灰矮人","duergar","actions","invisibility","隐形","other","complex","headless","headless","verified-full","","src/rulesets/dnd5e/monsterCombatActionCoverageBatch.test.ts | src/rulesets/dnd5e/monsterTeleportInvisibility.test.ts | src/store/characterTokenPresentation.test.ts"
"srd-5.1:duergar","灰矮人","duergar","actions","war-pick-enlarged","战镐 (Enlarged)","weapon-attack","simple-attack","headless","headless","verified-full","","src/rulesets/dnd5e/monsterCombatActionCoverageBatch.test.ts | src/rulesets/dnd5e/monsterRemainingSettlementBatch.test.ts"
"srd-5.1:duergar","灰矮人","duergar","actions","javelin-enlarged","标枪 (Enlarged)","weapon-attack","simple-attack","headless","headless","verified-full","","src/rulesets/dnd5e/monsterRemainingSettlementBatch.test.ts"
"srd-5.1:dust-mephit","尘土魔蝠","dust-mephit","actions","claws","双爪","weapon-attack","simple-attack","headless","headless","verified-full","","src/rulesets/dnd5e/monsters.test.ts | src/rulesets/dnd5e/monsterTurnPlanner.test.ts | src/store/characterTokenPresentation.test.ts"
"srd-5.1:dust-mephit","尘土魔蝠","dust-mephit","actions","blinding-breath","致盲吐息","other","complex","headless","headless","verified-full","","src/rulesets/dnd5e/monsters.test.ts"
"srd-5.1:eagle","鹰","eagle","actions","talons","利爪","weapon-attack","simple-attack","headless","headless","verified-full","","src/store/characterTokenPresentation.test.ts"
"srd-5.1:earth-elemental","土元素","earth-elemental","actions","multiattack","多重攻击","multiattack","complex","headless","headless","verified-full","","src/rulesets/dnd5e/monsterComplexActionContracts.test.ts"
"srd-5.1:earth-elemental","土元素","earth-elemental","actions","slam","猛击","weapon-attack","simple-attack","headless","headless","verified-full","","src/store/characterTokenPresentation.test.ts"
"srd-5.1:efreeti","火巨灵","efreeti","actions","multiattack","多重攻击","multiattack","complex","headless","headless","verified-full","","src/rulesets/dnd5e/monsterCatalogMultiattackBatch.test.ts"
"srd-5.1:efreeti","火巨灵","efreeti","actions","scimitar","弯刀","weapon-attack","simple-attack","headless","headless","verified-full","","src/rulesets/dnd5e/monsterCatalogMultiattackBatch.test.ts | src/store/characterTokenPresentation.test.ts"
"srd-5.1:efreeti","火巨灵","efreeti","actions","hurl-flame","投掷火焰","weapon-attack","simple-attack","headless","headless","verified-full","","src/rulesets/dnd5e/monsterCatalogMultiattackBatch.test.ts | src/store/characterTokenPresentation.test.ts"
"srd-5.1:efreeti","火巨灵","efreeti","actions","multiattack-hurl-flame","多重攻击：投掷火焰 ×2","multiattack","complex","headless","headless","verified-full","","src/rulesets/dnd5e/monsterCatalogMultiattackBatch.test.ts"
"srd-5.1:elephant","大象","elephant","actions","gore","顶撞","weapon-attack","simple-attack","headless","headless","verified-full","","src/rulesets/dnd5e/monsterCatalogAttackTraitRuntime.test.ts"
"srd-5.1:elephant","大象","elephant","actions","stomp","践踏","weapon-attack","complex","headless","headless","verified-full","","src/rulesets/dnd5e/monsterCatalogAttackTraitRuntime.test.ts | src/rulesets/dnd5e/monsterPrimarySettlementBatch.test.ts | src/store/characterTokenPresentation.test.ts"
"srd-5.1:elephant","大象","elephant","bonusActions","trampling-stomp-bonus-action","践踏冲锋：践踏","weapon-attack","complex","headless","headless","verified-full","","src/rulesets/dnd5e/monsterCatalogAttackTraitRuntime.test.ts"
"srd-5.1:elk","麋鹿","elk","actions","ram","冲撞","weapon-attack","simple-attack","headless","headless","verified-full","","src/rulesets/dnd5e/monsterCatalogAttackTraitRuntime.test.ts | src/store/characterTokenPresentation.test.ts"
"srd-5.1:elk","麋鹿","elk","actions","hooves","蹄击","weapon-attack","complex","headless","headless","verified-full","","src/rulesets/dnd5e/monsterCatalogAttackTraitRuntime.test.ts | src/rulesets/dnd5e/monsterPrimarySettlementBatch.test.ts | src/store/characterTokenPresentation.test.ts"
"srd-5.1:erinyes","欲魔","erinyes","actions","multiattack","多重攻击","multiattack","complex","headless","headless","verified-full","","src/rulesets/dnd5e/monsterCatalogFixedChildActions.test.ts | src/rulesets/dnd5e/monsterCatalogMultiattackBatch.test.ts"
"srd-5.1:erinyes","欲魔","erinyes","actions","longsword","长剑","weapon-attack","simple-attack","headless","headless","verified-full","","src/rulesets/dnd5e/monsterCatalogFixedChildActions.test.ts | src/rulesets/dnd5e/monsterCatalogMultiattackBatch.test.ts | src/rulesets/dnd5e/monsterParryHeadless.test.ts"
"srd-5.1:erinyes","欲魔","erinyes","actions","longbow","长弓","weapon-attack","complex","headless","headless","verified-full","","src/rulesets/dnd5e/monsterCatalogFixedChildActions.test.ts | src/rulesets/dnd5e/monsterCatalogMultiattackBatch.test.ts | src/store/characterTokenPresentation.test.ts"
"srd-5.1:erinyes","欲魔","erinyes","actions","longsword-two-handed","长剑（双手）","weapon-attack","simple-attack","headless","headless","verified-full","","src/rulesets/dnd5e/monsterCatalogFixedChildActions.test.ts"
"srd-5.1:erinyes","欲魔","erinyes","actions","multiattack-two-longswords-and-longbow","多重攻击：长剑 ×3","multiattack","complex","headless","headless","verified-full","","src/rulesets/dnd5e/monsterCatalogFixedChildActions.test.ts | src/rulesets/dnd5e/monsterCatalogMultiattackBatch.test.ts"
"srd-5.1:erinyes","欲魔","erinyes","actions","multiattack-longsword-and-two-longbows","多重攻击：长剑 ×3","multiattack","complex","headless","headless","verified-full","","src/rulesets/dnd5e/monsterCatalogFixedChildActions.test.ts | src/rulesets/dnd5e/monsterCatalogMultiattackBatch.test.ts"
"srd-5.1:erinyes","欲魔","erinyes","actions","multiattack-longbow","多重攻击：长弓 ×3","multiattack","complex","headless","headless","verified-full","","src/rulesets/dnd5e/monsterCatalogFixedChildActions.test.ts | src/rulesets/dnd5e/monsterCatalogMultiattackBatch.test.ts"
"srd-5.1:erinyes","欲魔","erinyes","reactions","parry","招架","other","complex","headless","headless","verified-full","","src/rulesets/dnd5e/monsterParryHeadless.test.ts"
"srd-5.1:ettercap","蜘蛛人","ettercap","actions","multiattack","多重攻击","multiattack","complex","headless","headless","verified-full","","src/rulesets/dnd5e/monsterCatalogMultiattackBatch.test.ts | src/rulesets/dnd5e/monsterCatalogOnHitBatch.test.ts"
"srd-5.1:ettercap","蜘蛛人","ettercap","actions","bite","啃咬","weapon-attack","complex","headless","headless","verified-full","","src/rulesets/dnd5e/monsterCatalogMultiattackBatch.test.ts | src/rulesets/dnd5e/monsterCatalogOnHitBatch.test.ts | src/rulesets/dnd5e/monsterCombatActionCoverageBatch.test.ts | src/store/characterTokenPresentation.test.ts"
"srd-5.1:ettercap","蜘蛛人","ettercap","actions","claws","双爪","weapon-attack","simple-attack","headless","headless","verified-full","","src/rulesets/dnd5e/monsterCatalogMultiattackBatch.test.ts | src/rulesets/dnd5e/monsterCatalogOnHitBatch.test.ts | src/store/characterTokenPresentation.test.ts"
"srd-5.1:ettercap","蜘蛛人","ettercap","actions","web","蛛网","weapon-attack","complex","headless","headless","verified-full","","src/rulesets/dnd5e/monsterCombatActionCoverageBatch.test.ts | src/store/characterTokenPresentation.test.ts"
"srd-5.1:ettin","双头巨人","ettin","actions","multiattack","多重攻击","multiattack","complex","headless","headless","verified-full","","src/rulesets/dnd5e/monsterComplexActionContracts.test.ts"
"srd-5.1:ettin","双头巨人","ettin","actions","battleaxe","战斧","weapon-attack","simple-attack","headless","headless","verified-full","",""
"srd-5.1:ettin","双头巨人","ettin","actions","morningstar","晨星锤","weapon-attack","simple-attack","headless","headless","verified-full","","src/store/characterTokenPresentation.test.ts"
"srd-5.1:fire-elemental","火元素","fire-elemental","actions","multiattack","多重攻击","multiattack","complex","headless","headless","verified-full","","src/rulesets/dnd5e/monsterCatalogMultiattackBatch.test.ts"
"srd-5.1:fire-elemental","火元素","fire-elemental","actions","touch","触碰","weapon-attack","complex","headless","headless","verified-full","","src/rulesets/dnd5e/monsterCatalogMultiattackBatch.test.ts | src/store/characterTokenPresentation.test.ts"
"srd-5.1:fire-giant","火巨人","fire-giant","actions","multiattack","多重攻击","multiattack","complex","headless","headless","verified-full","","src/rulesets/dnd5e/monsterComplexActionContracts.test.ts"
"srd-5.1:fire-giant","火巨人","fire-giant","actions","greatsword","巨剑","weapon-attack","simple-attack","headless","headless","verified-full","","src/store/characterTokenPresentation.test.ts"
"srd-5.1:fire-giant","火巨人","fire-giant","actions","rock","投石","weapon-attack","simple-attack","headless","headless","verified-full","","src/store/characterTokenPresentation.test.ts"
"srd-5.1:flesh-golem","血肉魔像","flesh-golem","actions","multiattack","多重攻击","multiattack","complex","headless","headless","verified-full","","src/rulesets/dnd5e/fleshGolemHeadless.test.ts"
"srd-5.1:flesh-golem","血肉魔像","flesh-golem","actions","slam","猛击","weapon-attack","simple-attack","headless","headless","verified-full","","src/rulesets/dnd5e/fleshGolemHeadless.test.ts | src/store/characterTokenPresentation.test.ts"
"srd-5.1:flying-snake","飞蛇","flying-snake","actions","bite","啃咬","weapon-attack","simple-attack","headless","headless","verified-full","","src/rulesets/dnd5e/flyingSnakeHeadless.test.ts | src/rulesets/dnd5e/monsterMoveAction.test.ts | src/rulesets/dnd5e/monsters.test.ts | src/store/characterTokenPresentation.test.ts"
"srd-5.1:flying-sword","飞剑","flying-sword","actions","longsword","长剑","weapon-attack","simple-attack","headless","headless","verified-full","",""
"srd-5.1:frost-giant","霜巨人","frost-giant","actions","multiattack","多重攻击","multiattack","complex","headless","headless","verified-full","","src/rulesets/dnd5e/monsterComplexActionContracts.test.ts"
"srd-5.1:frost-giant","霜巨人","frost-giant","actions","greataxe","巨斧","weapon-attack","simple-attack","headless","headless","verified-full","","src/store/characterTokenPresentation.test.ts"
"srd-5.1:frost-giant","霜巨人","frost-giant","actions","rock","投石","weapon-attack","simple-attack","headless","headless","verified-full","","src/store/characterTokenPresentation.test.ts"
"srd-5.1:gargoyle","石像鬼","gargoyle","actions","multiattack","多重攻击","multiattack","complex","headless","headless","verified-full","","src/rulesets/dnd5e/monsterComplexActionContracts.test.ts"
"srd-5.1:gargoyle","石像鬼","gargoyle","actions","bite","啃咬","weapon-attack","simple-attack","headless","headless","verified-full","","src/rulesets/dnd5e/flyingSnakeHeadless.test.ts | src/store/characterTokenPresentation.test.ts"
"srd-5.1:gargoyle","石像鬼","gargoyle","actions","claws","双爪","weapon-attack","simple-attack","headless","headless","verified-full","","src/store/characterTokenPresentation.test.ts"
"srd-5.1:gelatinous-cube","胶质立方怪","gelatinous-cube","actions","pseudopod","伪足","weapon-attack","simple-attack","headless","headless","verified-full","","src/store/characterTokenPresentation.test.ts"
"srd-5.1:gelatinous-cube","胶质立方怪","gelatinous-cube","actions","engulf","吞没","other","complex","dm-adjudication","dm-adjudication","manual","原文骰池 3d6 未进入结构 | 原文骰池 6d6 未进入结构 | 原文包含豁免，但动作无结构化豁免 | 原文包含状态/擒抱附效，但无结构化附效","src/store/characterTokenPresentation.test.ts"
"srd-5.1:ghast","尸妖","ghast","actions","bite","啃咬","weapon-attack","simple-attack","headless","headless","verified-full","","src/rulesets/dnd5e/monsterPrimarySettlementBatch.test.ts | src/store/characterTokenPresentation.test.ts"
"srd-5.1:ghast","尸妖","ghast","actions","claws","双爪","weapon-attack","complex","headless","headless","verified-full","","src/rulesets/dnd5e/monsterPrimarySettlementBatch.test.ts | src/store/characterTokenPresentation.test.ts"
"srd-5.1:ghost","幽灵","ghost","actions","withering-touch","凋零之触","weapon-attack","simple-attack","headless","headless","verified-full","",""
"srd-5.1:ghost","幽灵","ghost","actions","etherealness","以太化","other","complex","dm-adjudication","dm-adjudication","manual","",""
"srd-5.1:ghost","幽灵","ghost","actions","horrifying-visage","恐怖面容","other","complex","dm-adjudication","dm-adjudication","manual","原文骰池 1d4 未进入结构","src/rulesets/dnd5e/monsterCombatActionCoverageBatch.test.ts | src/rulesets/dnd5e/monsterHeadlessSafetyPolicy.test.ts"
"srd-5.1:ghost","幽灵","ghost","actions","possession","附身","other","complex","dm-adjudication","dm-adjudication","manual","原文包含豁免，但动作无结构化豁免 | 原文包含状态/擒抱附效，但无结构化附效",""
"srd-5.1:ghoul","食尸鬼","ghoul","actions","bite","啃咬","weapon-attack","simple-attack","headless","headless","verified-full","","src/rulesets/dnd5e/monsterPrimarySettlementBatch.test.ts | src/store/characterTokenPresentation.test.ts"
"srd-5.1:ghoul","食尸鬼","ghoul","actions","claws","双爪","weapon-attack","complex","headless","headless","verified-full","","src/rulesets/dnd5e/monsterPrimarySettlementBatch.test.ts | src/store/characterTokenPresentation.test.ts"
"srd-5.1:giant-ape","巨猿","giant-ape","actions","multiattack","多重攻击","multiattack","complex","headless","headless","verified-full","","src/rulesets/dnd5e/monsterComplexActionContracts.test.ts"
"srd-5.1:giant-ape","巨猿","giant-ape","actions","fist","拳击","weapon-attack","simple-attack","headless","headless","verified-full","","src/store/characterTokenPresentation.test.ts"
"srd-5.1:giant-ape","巨猿","giant-ape","actions","rock","投石","weapon-attack","simple-attack","headless","headless","verified-full","","src/store/characterTokenPresentation.test.ts"
"srd-5.1:giant-badger","巨獾","giant-badger","actions","multiattack","多重攻击","multiattack","complex","headless","headless","verified-full","","src/rulesets/dnd5e/monsterComplexActionContracts.test.ts"
"srd-5.1:giant-badger","巨獾","giant-badger","actions","bite","啃咬","weapon-attack","simple-attack","headless","headless","verified-full","","src/store/characterTokenPresentation.test.ts"
"srd-5.1:giant-badger","巨獾","giant-badger","actions","claws","双爪","weapon-attack","simple-attack","headless","headless","verified-full","","src/store/characterTokenPresentation.test.ts"
"srd-5.1:giant-bat","巨型蝙蝠","giant-bat","actions","bite","啃咬","weapon-attack","simple-attack","headless","headless","verified-full","","src/store/characterTokenPresentation.test.ts"
"srd-5.1:giant-boar","巨型野猪","giant-boar","actions","tusk","獠牙","weapon-attack","simple-attack","headless","headless","verified-full","","src/rulesets/dnd5e/monsterCatalogAttackTraitRuntime.test.ts"
"srd-5.1:giant-centipede","巨型蜈蚣","giant-centipede","actions","bite","啃咬","weapon-attack","complex","headless","headless","verified-full","","src/rulesets/dnd5e/combatSimulation.test.ts | src/rulesets/dnd5e/monsterComplexPoisonOnHit.test.ts | src/store/characterTokenPresentation.test.ts"
"srd-5.1:giant-constrictor-snake","巨蟒","giant-constrictor-snake","actions","bite","啃咬","weapon-attack","simple-attack","headless","headless","verified-full","","src/rulesets/dnd5e/monsters.test.ts | src/store/characterTokenPresentation.test.ts"
"srd-5.1:giant-constrictor-snake","巨蟒","giant-constrictor-snake","actions","constrict","缠勒","weapon-attack","complex","headless","headless","verified-full","","src/rulesets/dnd5e/monsters.test.ts | src/store/characterTokenPresentation.test.ts"
"srd-5.1:giant-crab","巨蟹","giant-crab","actions","claw","爪击","weapon-attack","complex","headless","headless","verified-full","","src/rulesets/dnd5e/monsterCatalogOnHitBatch.test.ts | src/store/characterTokenPresentation.test.ts"
"srd-5.1:giant-crocodile","巨型鳄鱼","giant-crocodile","actions","multiattack","多重攻击","multiattack","complex","headless","headless","verified-full","","src/rulesets/dnd5e/monsterAttackAction.test.ts | src/rulesets/dnd5e/monsterCatalogMultiattackBatch.test.ts | src/rulesets/dnd5e/monsterCatalogOnHitBatch.test.ts | src/rulesets/dnd5e/monsterMultiattackConstraints.test.ts | src/rulesets/dnd5e/monsterMultiattackTargets.test.ts"
"srd-5.1:giant-crocodile","巨型鳄鱼","giant-crocodile","actions","bite","啃咬","weapon-attack","complex","headless","headless","verified-full","","src/rulesets/dnd5e/monsterAttackAction.test.ts | src/rulesets/dnd5e/monsterCatalogMultiattackBatch.test.ts | src/rulesets/dnd5e/monsterCatalogOnHitBatch.test.ts | src/rulesets/dnd5e/monsterMultiattackConstraints.test.ts | src/rulesets/dnd5e/monsterMultiattackTargets.test.ts | src/store/characterTokenPresentation.test.ts"
"srd-5.1:giant-crocodile","巨型鳄鱼","giant-crocodile","actions","tail","尾击","weapon-attack","complex","headless","headless","verified-full","","src/rulesets/dnd5e/monsterAttackAction.test.ts | src/rulesets/dnd5e/monsterCatalogMultiattackBatch.test.ts | src/rulesets/dnd5e/monsterMultiattackConstraints.test.ts | src/rulesets/dnd5e/monsterMultiattackTargets.test.ts | src/store/characterTokenPresentation.test.ts"
"srd-5.1:giant-eagle","巨鹰","giant-eagle","actions","multiattack","多重攻击","multiattack","complex","headless","headless","verified-full","","src/rulesets/dnd5e/monsterComplexActionContracts.test.ts"
"srd-5.1:giant-eagle","巨鹰","giant-eagle","actions","beak","喙击","weapon-attack","simple-attack","headless","headless","verified-full","","src/store/characterTokenPresentation.test.ts"
"srd-5.1:giant-eagle","巨鹰","giant-eagle","actions","talons","利爪","weapon-attack","simple-attack","headless","headless","verified-full","","src/store/characterTokenPresentation.test.ts"
"srd-5.1:giant-elk","巨鹿","giant-elk","actions","ram","冲撞","weapon-attack","simple-attack","headless","headless","verified-full","","src/rulesets/dnd5e/monsterCatalogAttackTraitRuntime.test.ts | src/store/characterTokenPresentation.test.ts"
"srd-5.1:giant-elk","巨鹿","giant-elk","actions","hooves","蹄击","weapon-attack","complex","headless","headless","verified-full","","src/rulesets/dnd5e/monsterCatalogAttackTraitRuntime.test.ts | src/rulesets/dnd5e/monsterPrimarySettlementBatch.test.ts | src/store/characterTokenPresentation.test.ts"
"srd-5.1:giant-fire-beetle","巨型火甲虫","giant-fire-beetle","actions","bite","啃咬","weapon-attack","simple-attack","headless","headless","verified-full","","src/store/characterTokenPresentation.test.ts"
"srd-5.1:giant-frog","巨蛙","giant-frog","actions","bite","啃咬","weapon-attack","complex","headless","headless","verified-full","","src/rulesets/dnd5e/monsterCatalogOnHitBatch.test.ts | src/rulesets/dnd5e/monsterCombatActionCoverageBatch.test.ts | src/store/characterTokenPresentation.test.ts"
"srd-5.1:giant-frog","巨蛙","giant-frog","actions","swallow","吞咽","weapon-attack","complex","headless","headless","verified-full","","src/rulesets/dnd5e/monsterCombatActionCoverageBatch.test.ts"
"srd-5.1:giant-goat","巨型山羊","giant-goat","actions","ram","冲撞","weapon-attack","simple-attack","headless","headless","verified-full","","src/rulesets/dnd5e/monsterCatalogAttackTraitRuntime.test.ts | src/store/characterTokenPresentation.test.ts"
"srd-5.1:giant-hyena","巨型鬣狗","giant-hyena","actions","bite","啃咬","weapon-attack","simple-attack","headless","headless","verified-full","","src/store/characterTokenPresentation.test.ts"
"srd-5.1:giant-lizard","巨蜥","giant-lizard","actions","bite","啃咬","weapon-attack","simple-attack","headless","headless","verified-full","","src/store/characterTokenPresentation.test.ts"
"srd-5.1:giant-octopus","巨型章鱼","giant-octopus","actions","tentacles","触手群攻","weapon-attack","complex","headless","headless","verified-full","","src/rulesets/dnd5e/monsters.test.ts"
"srd-5.1:giant-octopus","巨型章鱼","giant-octopus","actions","ink-cloud","墨汁云","other","complex","headless","headless","verified-full","","src/rulesets/dnd5e/monsterPersistentAreas.test.ts | src/store/characterTokenPresentation.test.ts"
"srd-5.1:giant-owl","巨枭","giant-owl","actions","talons","利爪","weapon-attack","simple-attack","headless","headless","verified-full","","src/store/characterTokenPresentation.test.ts"
"srd-5.1:giant-poisonous-snake","巨型毒蛇","giant-poisonous-snake","actions","bite","啃咬","weapon-attack","complex","headless","headless","verified-full","","src/rulesets/dnd5e/monsters.test.ts | src/store/characterTokenPresentation.test.ts"
"srd-5.1:giant-rat","巨鼠","giant-rat","actions","bite","啃咬","weapon-attack","simple-attack","headless","headless","verified-full","","src/rulesets/dnd5e/combatSimulation.test.ts | src/rulesets/dnd5e/monsters.test.ts | src/rulesets/dnd5e/monsterSchema.test.ts | src/rulesets/dnd5e/monsterTurnPlanner.test.ts | src/store/characterTokenPresentation.test.ts"
"srd-5.1:giant-rat-diseased","染病巨鼠","giant-rat-diseased","actions","bite","啃咬","weapon-attack","complex","headless","headless","verified-full","","src/rulesets/dnd5e/monsterRemainingSettlementBatch.test.ts | src/store/characterTokenPresentation.test.ts"
"srd-5.1:giant-scorpion","巨蝎","giant-scorpion","actions","claw","爪击","weapon-attack","complex","headless","headless","verified-full","","src/rulesets/dnd5e/headlessCombatEngine.test.ts | src/rulesets/dnd5e/monsterCatalogMultiattackBatch.test.ts | src/rulesets/dnd5e/monsters.test.ts | src/store/characterTokenPresentation.test.ts"
"srd-5.1:giant-scorpion","巨蝎","giant-scorpion","actions","multiattack","多重攻击","multiattack","complex","headless","headless","verified-full","","src/rulesets/dnd5e/headlessCombatEngine.test.ts | src/rulesets/dnd5e/monsterCatalogMultiattackBatch.test.ts | src/rulesets/dnd5e/monsters.test.ts"
"srd-5.1:giant-scorpion","巨蝎","giant-scorpion","actions","sting","螫刺","weapon-attack","complex","headless","headless","verified-full","","src/rulesets/dnd5e/headlessCombatEngine.test.ts | src/rulesets/dnd5e/monsterCatalogMultiattackBatch.test.ts | src/rulesets/dnd5e/monsters.test.ts | src/store/characterTokenPresentation.test.ts"
"srd-5.1:giant-sea-horse","巨型海马","giant-sea-horse","actions","ram","冲撞","weapon-attack","simple-attack","headless","headless","verified-full","","src/rulesets/dnd5e/monsterCatalogAttackTraitRuntime.test.ts | src/store/characterTokenPresentation.test.ts"
"srd-5.1:giant-shark","巨鲨","giant-shark","actions","bite","啃咬","weapon-attack","simple-attack","headless","headless","verified-full","","src/rulesets/dnd5e/monsterTriggeredAttackTraits.test.ts | src/store/characterTokenPresentation.test.ts"
"srd-5.1:giant-spider","巨型蜘蛛","giant-spider","actions","bite","啃咬","weapon-attack","complex","headless","headless","verified-full","","src/rulesets/dnd5e/mapBridge.test.ts | src/rulesets/dnd5e/monsterCombatActionCoverageBatch.test.ts | src/rulesets/dnd5e/monsterComplexPoisonOnHit.test.ts | src/rulesets/dnd5e/monsterSchema.test.ts | src/store/characterTokenPresentation.test.ts"
"srd-5.1:giant-spider","巨型蜘蛛","giant-spider","actions","web","蛛网","weapon-attack","complex","headless","headless","verified-full","","src/rulesets/dnd5e/monsterCombatActionCoverageBatch.test.ts | src/store/characterTokenPresentation.test.ts"
"srd-5.1:giant-toad","巨蟾蜍","giant-toad","actions","bite","啃咬","weapon-attack","complex","headless","headless","verified-full","","src/rulesets/dnd5e/monsterCatalogOnHitBatch.test.ts | src/rulesets/dnd5e/monsterCombatActionCoverageBatch.test.ts | src/store/characterTokenPresentation.test.ts"
"srd-5.1:giant-toad","巨蟾蜍","giant-toad","actions","swallow","吞咽","weapon-attack","complex","headless","headless","verified-full","","src/rulesets/dnd5e/monsterCombatActionCoverageBatch.test.ts"
"srd-5.1:giant-vulture","巨型秃鹫","giant-vulture","actions","multiattack","多重攻击","multiattack","complex","headless","headless","verified-full","","src/rulesets/dnd5e/monsterComplexActionContracts.test.ts"
"srd-5.1:giant-vulture","巨型秃鹫","giant-vulture","actions","beak","喙击","weapon-attack","simple-attack","headless","headless","verified-full","","src/store/characterTokenPresentation.test.ts"
"srd-5.1:giant-vulture","巨型秃鹫","giant-vulture","actions","talons","利爪","weapon-attack","simple-attack","headless","headless","verified-full","","src/store/characterTokenPresentation.test.ts"
"srd-5.1:giant-wasp","巨蜂","giant-wasp","actions","sting","螫刺","weapon-attack","complex","headless","headless","verified-full","","src/rulesets/dnd5e/monsterComplexPoisonOnHit.test.ts | src/store/characterTokenPresentation.test.ts"
"srd-5.1:giant-weasel","巨型鼬","giant-weasel","actions","bite","啃咬","weapon-attack","simple-attack","headless","headless","verified-full","","src/store/characterTokenPresentation.test.ts"
"srd-5.1:giant-wolf-spider","巨型狼蛛","giant-wolf-spider","actions","bite","啃咬","weapon-attack","complex","headless","headless","verified-full","","src/rulesets/dnd5e/combatSimulation.test.ts | src/rulesets/dnd5e/monsterComplexPoisonOnHit.test.ts | src/store/characterTokenPresentation.test.ts"
"srd-5.1:gibbering-mouther","喋喋不休怪","gibbering-mouther","actions","multiattack","多重攻击","multiattack","complex","headless","headless","verified-full","","src/rulesets/dnd5e/monsterCatalogMultiattackBatch.test.ts | src/rulesets/dnd5e/monsterCatalogOnHitBatch.test.ts | src/rulesets/dnd5e/monsterCompositeSpecialActions.test.ts | src/rulesets/dnd5e/monsterConditionalCompositeChildren.test.ts"
"srd-5.1:gibbering-mouther","喋喋不休怪","gibbering-mouther","actions","bites","群体啃咬","weapon-attack","complex","headless","headless","verified-full","","src/rulesets/dnd5e/monsterCatalogMultiattackBatch.test.ts | src/rulesets/dnd5e/monsterCatalogOnHitBatch.test.ts | src/rulesets/dnd5e/monsterCompositeSpecialActions.test.ts | src/rulesets/dnd5e/monsterConditionalCompositeChildren.test.ts"
"srd-5.1:gibbering-mouther","喋喋不休怪","gibbering-mouther","actions","blinding-spittle","致盲唾液","other","complex","headless","headless","verified-full","","src/rulesets/dnd5e/monsterCatalogMultiattackBatch.test.ts | src/rulesets/dnd5e/monsterCompositeSpecialActions.test.ts | src/rulesets/dnd5e/monsterConditionalCompositeChildren.test.ts"
"srd-5.1:gibbering-mouther","喋喋不休怪","gibbering-mouther","actions","multiattack-bites-only","多重攻击: 群体啃咬","multiattack","complex","headless","headless","verified-full","","src/rulesets/dnd5e/monsterCatalogMultiattackBatch.test.ts"
"srd-5.1:glabrezu","格拉兹特魔","glabrezu","actions","multiattack","多重攻击","multiattack","complex","headless","headless","verified-full","","src/rulesets/dnd5e/monsterCatalogMultiattackBatch.test.ts | src/rulesets/dnd5e/monsterCatalogOnHitBatch.test.ts"
"srd-5.1:glabrezu","格拉兹特魔","glabrezu","actions","pincer","螯击","weapon-attack","complex","headless","headless","verified-full","","src/rulesets/dnd5e/monsterCatalogMultiattackBatch.test.ts | src/rulesets/dnd5e/monsterCatalogOnHitBatch.test.ts"
"srd-5.1:glabrezu","格拉兹特魔","glabrezu","actions","fist","拳击","weapon-attack","simple-attack","headless","headless","verified-full","","src/rulesets/dnd5e/monsterCatalogMultiattackBatch.test.ts | src/store/characterTokenPresentation.test.ts"
"srd-5.1:gladiator","角斗士","gladiator","actions","multiattack","多重攻击","multiattack","complex","headless","headless","verified-full","","src/rulesets/dnd5e/monsterCatalogFixedChildActions.test.ts | src/rulesets/dnd5e/monsterCatalogMultiattackBatch.test.ts | src/rulesets/dnd5e/monsterCatalogOnHitBatch.test.ts"
"srd-5.1:gladiator","角斗士","gladiator","actions","spear","长矛","weapon-attack","simple-attack","headless","headless","verified-full","","src/rulesets/dnd5e/monsterCatalogFixedChildActions.test.ts | src/rulesets/dnd5e/monsterCatalogMultiattackBatch.test.ts | src/store/characterTokenPresentation.test.ts"
"srd-5.1:gladiator","角斗士","gladiator","actions","shield-bash","盾击","weapon-attack","complex","headless","headless","verified-full","","src/rulesets/dnd5e/monsterCatalogFixedChildActions.test.ts | src/rulesets/dnd5e/monsterCatalogMultiattackBatch.test.ts | src/rulesets/dnd5e/monsterCatalogOnHitBatch.test.ts | src/store/characterTokenPresentation.test.ts"
"srd-5.1:gladiator","角斗士","gladiator","actions","spear-two-handed","长矛（双手近战）","weapon-attack","simple-attack","headless","headless","verified-full","","src/rulesets/dnd5e/monsterCatalogFixedChildActions.test.ts"
"srd-5.1:gladiator","角斗士","gladiator","actions","multiattack-shield-bash-and-two-spears","多重攻击：盾击 ×3","multiattack","complex","headless","headless","verified-full","","src/rulesets/dnd5e/monsterCatalogFixedChildActions.test.ts | src/rulesets/dnd5e/monsterCatalogMultiattackBatch.test.ts"
"srd-5.1:gladiator","角斗士","gladiator","actions","multiattack-two-shield-bashes-and-spear","多重攻击：盾击 ×3","multiattack","complex","headless","headless","verified-full","","src/rulesets/dnd5e/monsterCatalogFixedChildActions.test.ts | src/rulesets/dnd5e/monsterCatalogMultiattackBatch.test.ts"
"srd-5.1:gladiator","角斗士","gladiator","actions","multiattack-shield-bashes","多重攻击：盾击 ×3","multiattack","complex","headless","headless","verified-full","","src/rulesets/dnd5e/monsterCatalogMultiattackBatch.test.ts"
"srd-5.1:gladiator","角斗士","gladiator","actions","multiattack-spears-ranged","多重攻击：长矛 ×2","multiattack","complex","headless","headless","verified-full","","src/rulesets/dnd5e/monsterCatalogFixedChildActions.test.ts | src/rulesets/dnd5e/monsterCatalogMultiattackBatch.test.ts"
"srd-5.1:gladiator","角斗士","gladiator","reactions","parry","招架","other","complex","headless","headless","verified-full","","src/rulesets/dnd5e/monsterParryHeadless.test.ts"
"srd-5.1:gnoll","豺狼人","gnoll","actions","bite","啃咬","weapon-attack","simple-attack","headless","headless","verified-full","","src/rulesets/dnd5e/monsterCatalogCombatGapBatch.test.ts | src/store/characterTokenPresentation.test.ts"
"srd-5.1:gnoll","豺狼人","gnoll","actions","spear","长矛","weapon-attack","simple-attack","dm-adjudication","dm-adjudication","manual","原文骰池 1d8+2 未进入结构","src/rulesets/dnd5e/monsterCatalogCombatGapBatch.test.ts | src/store/characterTokenPresentation.test.ts"
"srd-5.1:gnoll","豺狼人","gnoll","actions","longbow","长弓","weapon-attack","simple-attack","headless","headless","verified-full","","src/store/characterTokenPresentation.test.ts"
"srd-5.1:goat","山羊","goat","actions","ram","冲撞","weapon-attack","simple-attack","headless","headless","verified-full","","src/rulesets/dnd5e/monsterCatalogAttackTraitRuntime.test.ts | src/store/characterTokenPresentation.test.ts"
"srd-5.1:goblin","地精","goblin","actions","scimitar","弯刀","weapon-attack","simple-attack","headless","headless","verified-full","","src/rulesets/dnd5e/activities/dnd5eActivityIdentity.test.ts | src/rulesets/dnd5e/monsters.test.ts | src/rulesets/dnd5e/monsterTriggeredAttackTraits.test.ts | src/rulesets/dnd5e/monsterTurnPlanner.test.ts | src/store/characterTokenPresentation.test.ts"
"srd-5.1:goblin","地精","goblin","actions","shortbow","短弓","weapon-attack","simple-attack","headless","headless","verified-full","","src/store/characterTokenPresentation.test.ts"
"srd-5.1:gold-dragon-wyrmling","金龙雏龙","gold-dragon-wyrmling","actions","bite","啃咬","weapon-attack","simple-attack","headless","headless","verified-full","","src/rulesets/dnd5e/headlessCombatEngine.test.ts | src/rulesets/dnd5e/monsters.test.ts | src/store/characterTokenPresentation.test.ts"
"srd-5.1:gold-dragon-wyrmling","金龙雏龙","gold-dragon-wyrmling","actions","breath-weapons","吐息武器","other","complex","headless","headless","verified-full","","src/rulesets/dnd5e/headlessCombatEngine.test.ts | src/rulesets/dnd5e/monsterHeadlessCoverage.test.ts | src/rulesets/dnd5e/monsters.test.ts"
"srd-5.1:gorgon","铁甲牛","gorgon","actions","gore","顶撞","weapon-attack","simple-attack","headless","headless","verified-full","","src/rulesets/dnd5e/monsterCatalogAttackTraitRuntime.test.ts"
"srd-5.1:gorgon","铁甲牛","gorgon","actions","hooves","蹄击","weapon-attack","simple-attack","headless","headless","verified-full","","src/rulesets/dnd5e/monsterCatalogAttackTraitRuntime.test.ts | src/store/characterTokenPresentation.test.ts"
"srd-5.1:gorgon","铁甲牛","gorgon","actions","petrifying-breath","石化吐息","other","complex","headless","headless","verified-full","","src/rulesets/dnd5e/monsterStructuredSpecialActionBatch.test.ts"
"srd-5.1:gorgon","铁甲牛","gorgon","bonusActions","trampling-hooves-bonus-action","践踏冲锋：蹄击","weapon-attack","complex","headless","headless","verified-full","","src/rulesets/dnd5e/monsterCatalogAttackTraitRuntime.test.ts"
"srd-5.1:gray-ooze","灰泥怪","gray-ooze","actions","pseudopod","伪足","weapon-attack","simple-attack","headless","headless","verified-full","","src/rulesets/dnd5e/monsterRemainingSettlementBatch.test.ts | src/store/characterTokenPresentation.test.ts"
"srd-5.1:green-dragon-wyrmling","绿龙雏龙","green-dragon-wyrmling","actions","bite","啃咬","weapon-attack","simple-attack","headless","headless","verified-full","","src/rulesets/dnd5e/monsters.test.ts | src/store/characterTokenPresentation.test.ts"
"srd-5.1:green-dragon-wyrmling","绿龙雏龙","green-dragon-wyrmling","actions","poison-breath","毒气吐息","other","complex","headless","headless","verified-full","","src/rulesets/dnd5e/monsters.test.ts | src/store/characterTokenPresentation.test.ts"
"srd-5.1:green-hag","绿鬼婆","green-hag","actions","claws","双爪","weapon-attack","simple-attack","headless","headless","verified-full","","src/store/characterTokenPresentation.test.ts"
"srd-5.1:green-hag","绿鬼婆","green-hag","actions","illusory-appearance","幻象外貌","other","complex","dm-adjudication","non-combat","non-combat","",""
"srd-5.1:green-hag","绿鬼婆","green-hag","actions","invisible-passage","无痕隐行","other","complex","headless","headless","verified-full","","src/rulesets/dnd5e/monsterCombatActionCoverageBatch.test.ts"
"srd-5.1:grick","格里克异怪","grick","actions","multiattack","多重攻击","multiattack","complex","headless","headless","verified-full","","src/pages/maps/monsterOccurrenceTargets.test.ts | src/rulesets/dnd5e/monsterCatalogMultiattackBatch.test.ts | src/rulesets/dnd5e/monsterMultiattackConstraints.test.ts"
"srd-5.1:grick","格里克异怪","grick","actions","tentacles","触手群攻","weapon-attack","simple-attack","headless","headless","verified-full","","src/pages/maps/monsterOccurrenceTargets.test.ts | src/rulesets/dnd5e/monsterCatalogMultiattackBatch.test.ts | src/rulesets/dnd5e/monsterMultiattackConstraints.test.ts"
"srd-5.1:grick","格里克异怪","grick","actions","beak","喙击","weapon-attack","simple-attack","headless","headless","verified-full","","src/pages/maps/monsterOccurrenceTargets.test.ts | src/rulesets/dnd5e/monsterCatalogMultiattackBatch.test.ts | src/rulesets/dnd5e/monsterMultiattackConstraints.test.ts | src/store/characterTokenPresentation.test.ts"
"srd-5.1:griffon","狮鹫","griffon","actions","multiattack","多重攻击","multiattack","complex","headless","headless","verified-full","","src/rulesets/dnd5e/monsterComplexActionContracts.test.ts"
"srd-5.1:griffon","狮鹫","griffon","actions","beak","喙击","weapon-attack","simple-attack","headless","headless","verified-full","","src/store/characterTokenPresentation.test.ts"
"srd-5.1:griffon","狮鹫","griffon","actions","claws","双爪","weapon-attack","simple-attack","headless","headless","verified-full","","src/store/characterTokenPresentation.test.ts"
"srd-5.1:grimlock","格里姆洛克","grimlock","actions","spiked-bone-club","尖刺骨棒","weapon-attack","simple-attack","headless","headless","verified-full","",""
"srd-5.1:guard","守卫","guard","actions","spear","长矛","weapon-attack","simple-attack","dm-adjudication","dm-adjudication","manual","原文骰池 1d8+1 未进入结构","src/rulesets/dnd5e/monsters.test.ts | src/store/characterTokenPresentation.test.ts"
"srd-5.1:guardian-naga","守护纳迦","guardian-naga","actions","bite","啃咬","weapon-attack","complex","headless","headless","verified-full","","src/rulesets/dnd5e/monsterCatalogCombatGapBatch.test.ts | src/rulesets/dnd5e/monsters.test.ts | src/store/characterTokenPresentation.test.ts"
"srd-5.1:guardian-naga","守护纳迦","guardian-naga","actions","spit-poison","喷吐毒液","weapon-attack","complex","headless","headless","verified-full","","src/rulesets/dnd5e/monsterCatalogCombatGapBatch.test.ts"
"srd-5.1:gynosphinx","雌性斯芬克斯","gynosphinx","actions","multiattack","多重攻击","multiattack","complex","headless","headless","verified-full","","src/rulesets/dnd5e/monsterResourceActions.test.ts"
"srd-5.1:gynosphinx","雌性斯芬克斯","gynosphinx","actions","claw","爪击","weapon-attack","simple-attack","headless","headless","verified-full","","src/lib/combatInterruptProtocol.test.ts | src/store/characterTokenPresentation.test.ts"
"srd-5.1:gynosphinx","雌性斯芬克斯","gynosphinx","legendaryActions","claw-attack","爪击攻击","weapon-attack","simple-attack","headless","headless","verified-full","",""
"srd-5.1:gynosphinx","雌性斯芬克斯","gynosphinx","legendaryActions","teleport-costs-2-actions","传送（消耗 2 动作）","other","complex","headless","headless","verified-full","","src/rulesets/dnd5e/legendaryActionWindow.test.ts | src/rulesets/dnd5e/monsterResourceActions.test.ts | src/rulesets/dnd5e/monsterTeleportInvisibility.test.ts"
"srd-5.1:gynosphinx","雌性斯芬克斯","gynosphinx","legendaryActions","cast-a-spell-costs-3-actions","施展法术（消耗 3 动作）","other","complex","dm-adjudication","dm-adjudication","manual","","src/rulesets/dnd5e/legendaryActionWindow.test.ts | src/rulesets/dnd5e/monsterResourceActions.test.ts"
"srd-5.1:half-red-dragon-veteran","半红龙老兵","half-red-dragon-veteran","actions","multiattack","多重攻击","multiattack","complex","dm-adjudication","dm-adjudication","manual","","src/rulesets/dnd5e/monsterCatalogMultiattackBatch.test.ts | src/rulesets/dnd5e/monsters.test.ts"
"srd-5.1:half-red-dragon-veteran","半红龙老兵","half-red-dragon-veteran","actions","longsword","长剑","weapon-attack","simple-attack","dm-adjudication","dm-adjudication","manual","原文骰池 1d10+3 未进入结构","src/rulesets/dnd5e/monsterCatalogMultiattackBatch.test.ts | src/rulesets/dnd5e/monsters.test.ts"
"srd-5.1:half-red-dragon-veteran","半红龙老兵","half-red-dragon-veteran","actions","shortsword","短剑","weapon-attack","simple-attack","headless","headless","verified-full","","src/rulesets/dnd5e/monsterCatalogMultiattackBatch.test.ts | src/rulesets/dnd5e/monsters.test.ts | src/store/characterTokenPresentation.test.ts"
"srd-5.1:half-red-dragon-veteran","半红龙老兵","half-red-dragon-veteran","actions","heavy-crossbow","重弩","weapon-attack","simple-attack","headless","headless","verified-full","","src/store/characterTokenPresentation.test.ts"
"srd-5.1:half-red-dragon-veteran","半红龙老兵","half-red-dragon-veteran","actions","fire-breath","火焰吐息","other","complex","headless","headless","verified-full","","src/rulesets/dnd5e/monsters.test.ts"
"srd-5.1:harpy","鹰身女妖","harpy","actions","multiattack","多重攻击","multiattack","complex","headless","headless","verified-full","","src/rulesets/dnd5e/monsterComplexActionContracts.test.ts"
"srd-5.1:harpy","鹰身女妖","harpy","actions","claws","双爪","weapon-attack","simple-attack","headless","headless","verified-full","","src/store/characterTokenPresentation.test.ts"
"srd-5.1:harpy","鹰身女妖","harpy","actions","club","木棒","weapon-attack","simple-attack","headless","headless","verified-full","","src/store/characterTokenPresentation.test.ts"
"srd-5.1:harpy","鹰身女妖","harpy","actions","luring-song","诱惑之歌","other","complex","dm-adjudication","dm-adjudication","manual","原文包含豁免，但动作无结构化豁免 | 原文包含状态/擒抱附效，但无结构化附效 | 原文包含重复豁免，但结构未声明","src/store/characterTokenPresentation.test.ts"
"srd-5.1:hawk","隼","hawk","actions","talons","利爪","weapon-attack","simple-attack","headless","headless","verified-full","","src/rulesets/dnd5e/monsters.test.ts | src/store/characterTokenPresentation.test.ts"
"srd-5.1:hell-hound","地狱犬","hell-hound","actions","bite","啃咬","weapon-attack","simple-attack","headless","headless","verified-full","","src/rulesets/dnd5e/monsters.test.ts | src/store/characterTokenPresentation.test.ts"
"srd-5.1:hell-hound","地狱犬","hell-hound","actions","fire-breath","火焰吐息","other","complex","headless","headless","verified-full","","src/rulesets/dnd5e/monsters.test.ts"
"srd-5.1:hezrou","赫兹鲁魔","hezrou","actions","multiattack","多重攻击","multiattack","complex","headless","headless","verified-full","","src/rulesets/dnd5e/monsterComplexActionContracts.test.ts"
"srd-5.1:hezrou","赫兹鲁魔","hezrou","actions","bite","啃咬","weapon-attack","simple-attack","headless","headless","verified-full","","src/store/characterTokenPresentation.test.ts"
"srd-5.1:hezrou","赫兹鲁魔","hezrou","actions","claws","双爪","weapon-attack","simple-attack","headless","headless","verified-full","","src/store/characterTokenPresentation.test.ts"
"srd-5.1:hill-giant","丘陵巨人","hill-giant","actions","multiattack","多重攻击","multiattack","complex","headless","headless","verified-full","","src/rulesets/dnd5e/monsterComplexActionContracts.test.ts"
"srd-5.1:hill-giant","丘陵巨人","hill-giant","actions","greatclub","巨棒","weapon-attack","simple-attack","headless","headless","verified-full","","src/store/characterTokenPresentation.test.ts"
"srd-5.1:hill-giant","丘陵巨人","hill-giant","actions","rock","投石","weapon-attack","simple-attack","headless","headless","verified-full","","src/store/characterTokenPresentation.test.ts"
"srd-5.1:hippogriff","骏鹰","hippogriff","actions","multiattack","多重攻击","multiattack","complex","headless","headless","verified-full","","src/rulesets/dnd5e/monsterComplexActionContracts.test.ts"
"srd-5.1:hippogriff","骏鹰","hippogriff","actions","beak","喙击","weapon-attack","simple-attack","headless","headless","verified-full","","src/store/characterTokenPresentation.test.ts"
"srd-5.1:hippogriff","骏鹰","hippogriff","actions","claws","双爪","weapon-attack","simple-attack","headless","headless","verified-full","","src/store/characterTokenPresentation.test.ts"
"srd-5.1:hobgoblin","大地精","hobgoblin","actions","longsword","长剑","weapon-attack","simple-attack","dm-adjudication","dm-adjudication","manual","原文骰池 1d10+1 未进入结构","src/rulesets/dnd5e/monsterCatalogAttackTraitRuntime.test.ts | src/rulesets/dnd5e/monsters.test.ts"
"srd-5.1:hobgoblin","大地精","hobgoblin","actions","longbow","长弓","weapon-attack","simple-attack","headless","headless","verified-full","","src/store/characterTokenPresentation.test.ts"
"srd-5.1:homunculus","魔宠人偶","homunculus","actions","bite","啃咬","weapon-attack","complex","dm-adjudication","dm-adjudication","manual","原文骰池 1d10 未进入结构","src/components/map/EnemyDetailPanel.test.tsx | src/rulesets/dnd5e/monsterCombatActionCoverageBatch.test.ts | src/rulesets/dnd5e/monsterHeadlessSafetyPolicy.test.ts | src/store/characterTokenPresentation.test.ts"
"srd-5.1:horned-devil","角魔","horned-devil","actions","multiattack","多重攻击","multiattack","complex","headless","headless","verified-full","","src/rulesets/dnd5e/monsterCatalogFixedChildActions.test.ts | src/rulesets/dnd5e/monsterCatalogMultiattackBatch.test.ts"
"srd-5.1:horned-devil","角魔","horned-devil","actions","fork","叉刺","weapon-attack","simple-attack","headless","headless","verified-full","","src/rulesets/dnd5e/monsterCatalogFixedChildActions.test.ts | src/rulesets/dnd5e/monsterCatalogMultiattackBatch.test.ts | src/store/characterTokenPresentation.test.ts"
"srd-5.1:horned-devil","角魔","horned-devil","actions","tail","尾击","weapon-attack","complex","headless","headless","verified-full","","src/rulesets/dnd5e/monsterCatalogFixedChildActions.test.ts | src/rulesets/dnd5e/monsterCatalogMultiattackBatch.test.ts | src/store/characterTokenPresentation.test.ts"
"srd-5.1:horned-devil","角魔","horned-devil","actions","hurl-flame","投掷火焰","weapon-attack","simple-attack","headless","headless","verified-full","","src/rulesets/dnd5e/monsterCatalogFixedChildActions.test.ts | src/rulesets/dnd5e/monsterCatalogMultiattackBatch.test.ts | src/store/characterTokenPresentation.test.ts"
"srd-5.1:horned-devil","角魔","horned-devil","actions","multiattack-forks-and-hurl-flame","多重攻击：叉刺 ×3","multiattack","complex","headless","headless","verified-full","","src/rulesets/dnd5e/monsterCatalogFixedChildActions.test.ts | src/rulesets/dnd5e/monsterCatalogMultiattackBatch.test.ts"
"srd-5.1:horned-devil","角魔","horned-devil","actions","multiattack-fork-tail-and-hurl-flame","多重攻击：叉刺 ×3","multiattack","complex","headless","headless","verified-full","","src/rulesets/dnd5e/monsterCatalogMultiattackBatch.test.ts"
"srd-5.1:horned-devil","角魔","horned-devil","actions","multiattack-fork-and-two-hurl-flames","多重攻击：叉刺 ×3","multiattack","complex","headless","headless","verified-full","","src/rulesets/dnd5e/monsterCatalogFixedChildActions.test.ts | src/rulesets/dnd5e/monsterCatalogMultiattackBatch.test.ts"
"srd-5.1:horned-devil","角魔","horned-devil","actions","multiattack-tail-and-two-hurl-flames","多重攻击：尾击 ×3","multiattack","complex","headless","headless","verified-full","","src/rulesets/dnd5e/monsterCatalogMultiattackBatch.test.ts"
"srd-5.1:horned-devil","角魔","horned-devil","actions","multiattack-hurl-flames","多重攻击：投掷火焰 ×3","multiattack","complex","headless","headless","verified-full","","src/rulesets/dnd5e/monsterCatalogFixedChildActions.test.ts | src/rulesets/dnd5e/monsterCatalogMultiattackBatch.test.ts"
"srd-5.1:hunter-shark","猎鲨","hunter-shark","actions","bite","啃咬","weapon-attack","simple-attack","headless","headless","verified-full","","src/rulesets/dnd5e/monsterTriggeredAttackTraits.test.ts | src/store/characterTokenPresentation.test.ts"
"srd-5.1:hydra","多头蛇","hydra","actions","multiattack","多重攻击","multiattack","complex","headless","headless","verified-full","","src/lib/enemyAi.test.ts | src/rulesets/dnd5e/combatSimulationMultiattackTargets.test.ts | src/rulesets/dnd5e/monsterCatalogMultiattackBatch.test.ts | src/rulesets/dnd5e/monsterHydraDynamicMultiattack.test.ts | src/rulesets/dnd5e/monsterTurnPlanner.test.ts"
"srd-5.1:hydra","多头蛇","hydra","actions","bite","啃咬","weapon-attack","simple-attack","headless","headless","verified-full","","src/rulesets/dnd5e/monsterCatalogMultiattackBatch.test.ts | src/rulesets/dnd5e/monsterHydraDynamicMultiattack.test.ts | src/rulesets/dnd5e/monsterTurnPlanner.test.ts | src/store/characterTokenPresentation.test.ts"
"srd-5.1:hyena","鬣狗","hyena","actions","bite","啃咬","weapon-attack","simple-attack","headless","headless","verified-full","","src/store/characterTokenPresentation.test.ts"
"srd-5.1:ice-devil","冰魔","ice-devil","actions","multiattack","多重攻击","multiattack","complex","headless","headless","verified-full","","src/rulesets/dnd5e/monsterComplexActionContracts.test.ts"
"srd-5.1:ice-devil","冰魔","ice-devil","actions","bite","啃咬","weapon-attack","simple-attack","headless","headless","verified-full","","src/store/characterTokenPresentation.test.ts"
"srd-5.1:ice-devil","冰魔","ice-devil","actions","claws","双爪","weapon-attack","simple-attack","headless","headless","verified-full","","src/store/characterTokenPresentation.test.ts"
"srd-5.1:ice-devil","冰魔","ice-devil","actions","tail","尾击","weapon-attack","simple-attack","headless","headless","verified-full","","src/store/characterTokenPresentation.test.ts"
"srd-5.1:ice-devil","冰魔","ice-devil","actions","wall-of-ice","冰墙","other","complex","dm-adjudication","dm-adjudication","manual","原文骰池 10d6 未进入结构 | 原文骰池 5d6 未进入结构 | 原文包含豁免，但动作无结构化豁免 | 原文要求成功半伤，但结构未声明半伤 | 原文包含状态/擒抱附效，但无结构化附效",""
"srd-5.1:ice-mephit","冰魔蝠","ice-mephit","actions","claws","双爪","weapon-attack","simple-attack","headless","headless","verified-full","","src/rulesets/dnd5e/monsters.test.ts | src/store/characterTokenPresentation.test.ts"
"srd-5.1:ice-mephit","冰魔蝠","ice-mephit","actions","frost-breath","霜冻吐息","other","complex","headless","headless","verified-full","","src/rulesets/dnd5e/monsters.test.ts | src/store/characterTokenPresentation.test.ts"
"srd-5.1:imp","小魔鬼","imp","actions","sting-bite-in-beast-form","螫刺（野兽形态为啃咬）","weapon-attack","complex","headless","headless","verified-full","","src/rulesets/dnd5e/monsters.test.ts"
"srd-5.1:imp","小魔鬼","imp","actions","invisibility","隐形","other","complex","headless","headless","verified-full","","src/rulesets/dnd5e/monsterTeleportInvisibility.test.ts | src/store/characterTokenPresentation.test.ts"
"srd-5.1:invisible-stalker","隐形追猎者","invisible-stalker","actions","multiattack","多重攻击","multiattack","complex","headless","headless","verified-full","","src/rulesets/dnd5e/monsterComplexActionContracts.test.ts"
"srd-5.1:invisible-stalker","隐形追猎者","invisible-stalker","actions","slam","猛击","weapon-attack","simple-attack","headless","headless","verified-full","","src/store/characterTokenPresentation.test.ts"
"srd-5.1:iron-golem","铁魔像","iron-golem","actions","multiattack","多重攻击","multiattack","complex","headless","headless","verified-full","","src/rulesets/dnd5e/monsterCatalogMultiattackBatch.test.ts | src/rulesets/dnd5e/monsters.test.ts"
"srd-5.1:iron-golem","铁魔像","iron-golem","actions","slam","猛击","weapon-attack","simple-attack","headless","headless","verified-full","","src/rulesets/dnd5e/monsterCatalogMultiattackBatch.test.ts | src/store/characterTokenPresentation.test.ts"
"srd-5.1:iron-golem","铁魔像","iron-golem","actions","sword","剑","weapon-attack","simple-attack","headless","headless","verified-full","","src/rulesets/dnd5e/monsterCatalogMultiattackBatch.test.ts | src/rulesets/dnd5e/monsters.test.ts | src/store/characterTokenPresentation.test.ts"
"srd-5.1:iron-golem","铁魔像","iron-golem","actions","poison-breath","毒气吐息","other","complex","headless","headless","verified-full","","src/rulesets/dnd5e/monsters.test.ts | src/store/characterTokenPresentation.test.ts"
"srd-5.1:iron-golem","铁魔像","iron-golem","actions","multiattack-slams","多重攻击：猛击 ×2","multiattack","complex","headless","headless","verified-full","","src/rulesets/dnd5e/monsterCatalogMultiattackBatch.test.ts"
"srd-5.1:iron-golem","铁魔像","iron-golem","actions","multiattack-sword-and-slam","多重攻击：剑 ×2","multiattack","complex","headless","headless","verified-full","","src/rulesets/dnd5e/monsterCatalogMultiattackBatch.test.ts"
"srd-5.1:jackal","胡狼","jackal","actions","bite","啃咬","weapon-attack","simple-attack","headless","headless","verified-full","","src/store/characterTokenPresentation.test.ts"
"srd-5.1:killer-whale","虎鲸","killer-whale","actions","bite","啃咬","weapon-attack","simple-attack","headless","headless","verified-full","","src/store/characterTokenPresentation.test.ts"
"srd-5.1:knight","骑士","knight","actions","multiattack","多重攻击","multiattack","complex","headless","headless","verified-full","","src/rulesets/dnd5e/monsterComplexActionContracts.test.ts"
"srd-5.1:knight","骑士","knight","actions","greatsword","巨剑","weapon-attack","simple-attack","headless","headless","verified-full","","src/store/characterTokenPresentation.test.ts"
"srd-5.1:knight","骑士","knight","actions","heavy-crossbow","重弩","weapon-attack","simple-attack","headless","headless","verified-full","","src/store/characterTokenPresentation.test.ts"
"srd-5.1:knight","骑士","knight","actions","leadership","领导力","other","complex","dm-adjudication","dm-adjudication","manual","原文包含状态/擒抱附效，但无结构化附效",""
"srd-5.1:knight","骑士","knight","reactions","parry","招架","other","complex","headless","headless","verified-full","","src/rulesets/dnd5e/monsterParryHeadless.test.ts"
"srd-5.1:kobold","狗头人","kobold","actions","dagger","匕首","weapon-attack","simple-attack","headless","headless","verified-full","",""
"srd-5.1:kobold","狗头人","kobold","actions","sling","投石索","weapon-attack","simple-attack","headless","headless","verified-full","","src/store/characterTokenPresentation.test.ts"
"srd-5.1:kraken","海妖克拉肯","kraken","actions","multiattack","多重攻击","multiattack","complex","dm-adjudication","dm-adjudication","manual","","src/lib/enemyAi.test.ts | src/pages/maps/monsterOccurrenceTargets.test.ts | src/rulesets/dnd5e/combatSimulationMultiattackTargets.test.ts | src/rulesets/dnd5e/monsterCatalogMultiattackBatch.test.ts | src/rulesets/dnd5e/monsterCatalogOnHitBatch.test.ts | src/rulesets/dnd5e/monsterComplexRelationMultiattacks.test.ts | src/rulesets/dnd5e/monsterConditionalCompositeChildren.test.ts | src/rulesets/dnd5e/monsterKrakenFling.test.ts | src/rulesets/dnd5e/monsterMultiattackConstraints.test.ts | src/rulesets/dnd5e/monsterMultiattackTargets.test.ts | src/rulesets/dnd5e/monsterTurnPlanner.test.ts"
"srd-5.1:kraken","海妖克拉肯","kraken","actions","bite","啃咬","weapon-attack","complex","dm-adjudication","dm-adjudication","manual","命中加值与原文不一致 | 原文骰池 12d6 未进入结构 | 原文包含豁免，但动作无结构化豁免 | 原文包含状态/擒抱附效，但无结构化附效","src/pages/maps/monsterOccurrenceTargets.test.ts | src/rulesets/dnd5e/monsterCatalogMultiattackBatch.test.ts | src/rulesets/dnd5e/monsterCatalogOnHitBatch.test.ts | src/rulesets/dnd5e/monsterCombatActionCoverageBatch.test.ts | src/rulesets/dnd5e/monsterComplexRelationMultiattacks.test.ts | src/rulesets/dnd5e/monsterConditionalCompositeChildren.test.ts | src/rulesets/dnd5e/monsterHeadlessSafetyPolicy.test.ts | src/rulesets/dnd5e/monsterKrakenFling.test.ts | src/rulesets/dnd5e/monsterMultiattackConstraints.test.ts | src/rulesets/dnd5e/monsterMultiattackTargets.test.ts | src/rulesets/dnd5e/monsterTurnPlanner.test.ts | src/store/characterTokenPresentation.test.ts"
"srd-5.1:kraken","海妖克拉肯","kraken","actions","tentacle","触手","weapon-attack","complex","dm-adjudication","dm-adjudication","manual","命中加值与原文不一致","src/pages/maps/monsterOccurrenceTargets.test.ts | src/rulesets/dnd5e/combatSimulationMultiattackTargets.test.ts | src/rulesets/dnd5e/monsterCatalogMultiattackBatch.test.ts | src/rulesets/dnd5e/monsterCatalogOnHitBatch.test.ts | src/rulesets/dnd5e/monsterCombatActionCoverageBatch.test.ts | src/rulesets/dnd5e/monsterComplexRelationMultiattacks.test.ts | src/rulesets/dnd5e/monsterConditionalCompositeChildren.test.ts | src/rulesets/dnd5e/monsterHeadlessSafetyPolicy.test.ts | src/rulesets/dnd5e/monsterKrakenFling.test.ts | src/rulesets/dnd5e/monsterMultiattackConstraints.test.ts | src/rulesets/dnd5e/monsterMultiattackTargets.test.ts | src/rulesets/dnd5e/monsterTurnPlanner.test.ts"
"srd-5.1:kraken","海妖克拉肯","kraken","actions","fling","甩掷","other","complex","dm-adjudication","dm-adjudication","manual","原文骰池 1d6 未进入结构 | 原文包含豁免，但动作无结构化豁免","src/lib/enemyAi.test.ts | src/pages/maps/monsterOccurrenceTargets.test.ts | src/rulesets/dnd5e/combatSimulationMultiattackTargets.test.ts | src/rulesets/dnd5e/monsterCatalogMultiattackBatch.test.ts | src/rulesets/dnd5e/monsterCombatActionCoverageBatch.test.ts | src/rulesets/dnd5e/monsterComplexRelationMultiattacks.test.ts | src/rulesets/dnd5e/monsterConditionalCompositeChildren.test.ts | src/rulesets/dnd5e/monsterKrakenFling.test.ts | src/rulesets/dnd5e/monsterMultiattackConstraints.test.ts | src/rulesets/dnd5e/monsterMultiattackTargets.test.ts | src/rulesets/dnd5e/monsterTurnPlanner.test.ts"
"srd-5.1:kraken","海妖克拉肯","kraken","actions","lightning-storm","闪电风暴","other","complex","headless","headless","verified-full","","src/rulesets/dnd5e/monsterAreaAction.test.ts | src/rulesets/dnd5e/monsterCombatActionCoverageBatch.test.ts | src/rulesets/dnd5e/monsterTurnPlanner.test.ts"
"srd-5.1:kraken","海妖克拉肯","kraken","actions","multiattack-two-tentacles-and-fling","多重攻击：触手 ×3","multiattack","complex","dm-adjudication","dm-adjudication","manual","","src/rulesets/dnd5e/monsterCatalogMultiattackBatch.test.ts | src/rulesets/dnd5e/monsterComplexRelationMultiattacks.test.ts | src/rulesets/dnd5e/monsterConditionalCompositeChildren.test.ts | src/rulesets/dnd5e/monsterKrakenFling.test.ts | src/rulesets/dnd5e/monsterMultiattackTargets.test.ts"
"srd-5.1:kraken","海妖克拉肯","kraken","actions","multiattack-tentacle-and-two-flings","多重攻击：触手 ×3","multiattack","complex","dm-adjudication","dm-adjudication","manual","","src/rulesets/dnd5e/monsterCatalogMultiattackBatch.test.ts | src/rulesets/dnd5e/monsterComplexRelationMultiattacks.test.ts | src/rulesets/dnd5e/monsterConditionalCompositeChildren.test.ts"
"srd-5.1:kraken","海妖克拉肯","kraken","actions","multiattack-flings","多重攻击：甩掷 ×3","multiattack","complex","dm-adjudication","dm-adjudication","manual","","src/lib/enemyAi.test.ts | src/pages/maps/monsterOccurrenceTargets.test.ts | src/rulesets/dnd5e/combatSimulationMultiattackTargets.test.ts | src/rulesets/dnd5e/monsterCatalogMultiattackBatch.test.ts | src/rulesets/dnd5e/monsterComplexRelationMultiattacks.test.ts | src/rulesets/dnd5e/monsterConditionalCompositeChildren.test.ts | src/rulesets/dnd5e/monsterMultiattackConstraints.test.ts | src/rulesets/dnd5e/monsterTurnPlanner.test.ts"
"srd-5.1:kraken","海妖克拉肯","kraken","legendaryActions","legendary-tentacle-attack","触手攻击或甩掷","other","complex","dm-adjudication","dm-adjudication","manual","","src/rulesets/dnd5e/monsterCombatActionCoverageBatch.test.ts"
"srd-5.1:kraken","海妖克拉肯","kraken","legendaryActions","legendary-fling","触手攻击或甩掷","other","complex","headless","headless","verified-full","","src/rulesets/dnd5e/monsterCombatActionCoverageBatch.test.ts"
"srd-5.1:kraken","海妖克拉肯","kraken","legendaryActions","lightning-storm-costs-2-actions","闪电风暴（消耗 2 动作）","other","complex","headless","headless","verified-full","","src/rulesets/dnd5e/monsterCombatActionCoverageBatch.test.ts"
"srd-5.1:kraken","海妖克拉肯","kraken","legendaryActions","ink-cloud-costs-3-actions","墨汁云（消耗 3 动作）","other","complex","headless","headless","verified-full","","src/rulesets/dnd5e/monsterPersistentAreas.test.ts"
"srd-5.1:lamia","拉弥亚","lamia","actions","multiattack","多重攻击","multiattack","complex","headless","headless","verified-full","","src/rulesets/dnd5e/monsterCatalogMultiattackBatch.test.ts | src/rulesets/dnd5e/monsterCurseVariantMultiattack.test.ts"
"srd-5.1:lamia","拉弥亚","lamia","actions","claws","双爪","weapon-attack","simple-attack","headless","headless","verified-full","","src/rulesets/dnd5e/monsterCatalogMultiattackBatch.test.ts | src/rulesets/dnd5e/monsterCurseVariantMultiattack.test.ts | src/store/characterTokenPresentation.test.ts"
"srd-5.1:lamia","拉弥亚","lamia","actions","dagger","匕首","weapon-attack","simple-attack","headless","headless","verified-full","","src/rulesets/dnd5e/monsterCatalogMultiattackBatch.test.ts"
"srd-5.1:lamia","拉弥亚","lamia","actions","intoxicating-touch","迷醉之触","weapon-attack","complex","headless","headless","verified-full","","src/rulesets/dnd5e/monsterCatalogMultiattackBatch.test.ts | src/rulesets/dnd5e/monsterCurseVariantMultiattack.test.ts"
"srd-5.1:lamia","拉弥亚","lamia","actions","multiattack-claws-and-intoxicating-touch","多重攻击：双爪 ×2","multiattack","complex","headless","headless","verified-full","","src/rulesets/dnd5e/monsterCatalogMultiattackBatch.test.ts | src/rulesets/dnd5e/monsterCurseVariantMultiattack.test.ts"
"srd-5.1:lemure","劣魔","lemure","actions","fist","拳击","weapon-attack","simple-attack","headless","headless","verified-full","","src/store/characterTokenPresentation.test.ts"
"srd-5.1:lich","巫妖","lich","actions","paralyzing-touch","麻痹之触","weapon-attack","complex","headless","headless","verified-full","","src/rulesets/dnd5e/monsterCatalogOnHitBatch.test.ts | src/rulesets/dnd5e/monsterResourceActions.test.ts | src/rulesets/dnd5e/monsters.test.ts | src/store/characterTokenPresentation.test.ts"
"srd-5.1:lich","巫妖","lich","legendaryActions","cantrip","戏法","other","complex","dm-adjudication","dm-adjudication","manual","",""
"srd-5.1:lich","巫妖","lich","legendaryActions","paralyzing-touch-costs-2-actions","麻痹之触（消耗 2 动作）","other","complex","headless","headless","verified-full","","src/rulesets/dnd5e/monsterResourceActions.test.ts | src/rulesets/dnd5e/monsters.test.ts"
"srd-5.1:lich","巫妖","lich","legendaryActions","frightening-gaze-costs-2-actions","恐惧凝视（消耗 2 动作）","other","complex","headless","headless","verified-full","","src/rulesets/dnd5e/monsterStructuredSpecialActionBatch.test.ts"
"srd-5.1:lich","巫妖","lich","legendaryActions","disrupt-life-costs-3-actions","扰乱生命（消耗 3 动作）","other","complex","headless","headless","verified-full","","src/rulesets/dnd5e/monsterCombatActionCoverageBatch.test.ts"
"srd-5.1:lion","狮子","lion","actions","bite","啃咬","weapon-attack","simple-attack","headless","headless","verified-full","","src/rulesets/dnd5e/monsterAttackAction.test.ts | src/rulesets/dnd5e/monsterCatalogAttackTraitRuntime.test.ts | src/store/characterTokenPresentation.test.ts"
"srd-5.1:lion","狮子","lion","actions","claw","爪击","weapon-attack","simple-attack","headless","headless","verified-full","","src/rulesets/dnd5e/monsterAttackAction.test.ts | src/rulesets/dnd5e/monsterCatalogAttackTraitRuntime.test.ts | src/store/characterTokenPresentation.test.ts"
"srd-5.1:lion","狮子","lion","bonusActions","pounce-bite-bonus-action","猛扑：啃咬","weapon-attack","complex","headless","headless","verified-full","","src/rulesets/dnd5e/monsterAttackAction.test.ts | src/rulesets/dnd5e/monsterCatalogAttackTraitRuntime.test.ts"
"srd-5.1:lizard","蜥蜴","lizard","actions","bite","啃咬","weapon-attack","simple-attack","headless","headless","verified-full","","src/rulesets/dnd5e/monsters.test.ts | src/store/characterTokenPresentation.test.ts"
"srd-5.1:lizardfolk","蜥蜴人","lizardfolk","actions","multiattack","多重攻击","multiattack","complex","headless","headless","verified-full","","src/rulesets/dnd5e/monsterCatalogMultiattackBatch.test.ts"
"srd-5.1:lizardfolk","蜥蜴人","lizardfolk","actions","bite","啃咬","weapon-attack","simple-attack","headless","headless","verified-full","","src/rulesets/dnd5e/monsterCatalogMultiattackBatch.test.ts | src/store/characterTokenPresentation.test.ts"
"srd-5.1:lizardfolk","蜥蜴人","lizardfolk","actions","heavy-club","重棒","weapon-attack","simple-attack","headless","headless","verified-full","","src/rulesets/dnd5e/monsterCatalogMultiattackBatch.test.ts"
"srd-5.1:lizardfolk","蜥蜴人","lizardfolk","actions","javelin","标枪","weapon-attack","simple-attack","headless","headless","verified-full","","src/rulesets/dnd5e/monsterCatalogMultiattackBatch.test.ts | src/store/characterTokenPresentation.test.ts"
"srd-5.1:lizardfolk","蜥蜴人","lizardfolk","actions","spiked-shield","尖刺盾","weapon-attack","simple-attack","headless","headless","verified-full","","src/rulesets/dnd5e/monsterCatalogMultiattackBatch.test.ts"
"srd-5.1:lizardfolk","蜥蜴人","lizardfolk","actions","multiattack-bite-javelin","多重攻击：啃咬 ×2","multiattack","complex","headless","headless","verified-full","","src/rulesets/dnd5e/monsterCatalogMultiattackBatch.test.ts"
"srd-5.1:lizardfolk","蜥蜴人","lizardfolk","actions","multiattack-bite-spiked-shield","多重攻击：啃咬 ×2","multiattack","complex","headless","headless","verified-full","","src/rulesets/dnd5e/monsterCatalogMultiattackBatch.test.ts"
"srd-5.1:lizardfolk","蜥蜴人","lizardfolk","actions","multiattack-heavy-club-javelin","多重攻击：重棒 ×2","multiattack","complex","headless","headless","verified-full","","src/rulesets/dnd5e/monsterCatalogMultiattackBatch.test.ts"
"srd-5.1:lizardfolk","蜥蜴人","lizardfolk","actions","multiattack-heavy-club-spiked-shield","多重攻击：重棒 ×2","multiattack","complex","headless","headless","verified-full","","src/rulesets/dnd5e/monsterCatalogMultiattackBatch.test.ts"
"srd-5.1:lizardfolk","蜥蜴人","lizardfolk","actions","multiattack-javelin-spiked-shield","多重攻击：标枪 ×2","multiattack","complex","headless","headless","verified-full","","src/rulesets/dnd5e/monsterCatalogMultiattackBatch.test.ts"
"srd-5.1:mage","法师","mage","actions","dagger","匕首","weapon-attack","simple-attack","headless","headless","verified-full","","src/rulesets/dnd5e/combatSimulation.test.ts | src/rulesets/dnd5e/monsterGenericAbilities.test.ts | src/rulesets/dnd5e/monsterTurnPlanner.test.ts"
"srd-5.1:magma-mephit","岩浆魔蝠","magma-mephit","actions","claws","双爪","weapon-attack","simple-attack","headless","headless","verified-full","","src/rulesets/dnd5e/monsters.test.ts | src/store/characterTokenPresentation.test.ts"
"srd-5.1:magma-mephit","岩浆魔蝠","magma-mephit","actions","fire-breath","火焰吐息","other","complex","headless","headless","verified-full","","src/rulesets/dnd5e/monsters.test.ts"
"srd-5.1:magmin","岩浆怪","magmin","actions","touch","触碰","weapon-attack","complex","headless","headless","verified-full","","src/rulesets/dnd5e/monsterRemainingSettlementBatch.test.ts | src/store/characterTokenPresentation.test.ts"
"srd-5.1:mammoth","猛犸象","mammoth","actions","gore","顶撞","weapon-attack","simple-attack","headless","headless","verified-full","","src/rulesets/dnd5e/monsterCatalogAttackTraitRuntime.test.ts"
"srd-5.1:mammoth","猛犸象","mammoth","actions","stomp","践踏","weapon-attack","complex","headless","headless","verified-full","","src/rulesets/dnd5e/monsterCatalogAttackTraitRuntime.test.ts | src/rulesets/dnd5e/monsterPrimarySettlementBatch.test.ts | src/store/characterTokenPresentation.test.ts"
"srd-5.1:mammoth","猛犸象","mammoth","bonusActions","trampling-stomp-bonus-action","践踏冲锋：践踏","weapon-attack","complex","headless","headless","verified-full","","src/rulesets/dnd5e/monsterCatalogAttackTraitRuntime.test.ts"
"srd-5.1:manticore","蝎尾狮","manticore","actions","multiattack","多重攻击","multiattack","complex","headless","headless","verified-full","","src/rulesets/dnd5e/monsterCatalogFixedChildActions.test.ts | src/rulesets/dnd5e/monsterCatalogMultiattackBatch.test.ts | src/rulesets/dnd5e/monsterMultiattackResources.test.ts"
"srd-5.1:manticore","蝎尾狮","manticore","actions","bite","啃咬","weapon-attack","simple-attack","headless","headless","verified-full","","src/rulesets/dnd5e/monsterCatalogFixedChildActions.test.ts | src/rulesets/dnd5e/monsterCatalogMultiattackBatch.test.ts | src/store/characterTokenPresentation.test.ts"
"srd-5.1:manticore","蝎尾狮","manticore","actions","claw","爪击","weapon-attack","simple-attack","headless","headless","verified-full","","src/rulesets/dnd5e/monsterCatalogMultiattackBatch.test.ts | src/store/characterTokenPresentation.test.ts"
"srd-5.1:manticore","蝎尾狮","manticore","actions","tail-spike","尾刺","weapon-attack","simple-attack","headless","headless","verified-full","","src/rulesets/dnd5e/monsterCatalogFixedChildActions.test.ts | src/rulesets/dnd5e/monsterCatalogMultiattackBatch.test.ts | src/rulesets/dnd5e/monsterMultiattackResources.test.ts"
"srd-5.1:manticore","蝎尾狮","manticore","actions","multiattack-tail-spikes","多重攻击：尾刺 ×3","multiattack","complex","headless","headless","verified-full","","src/rulesets/dnd5e/monsterCatalogFixedChildActions.test.ts | src/rulesets/dnd5e/monsterCatalogMultiattackBatch.test.ts | src/rulesets/dnd5e/monsterMultiattackResources.test.ts"
"srd-5.1:marilith","六臂蛇魔","marilith","actions","multiattack","多重攻击","multiattack","complex","headless","headless","verified-full","","src/rulesets/dnd5e/monsterCatalogMultiattackBatch.test.ts"
"srd-5.1:marilith","六臂蛇魔","marilith","actions","longsword","长剑","weapon-attack","simple-attack","headless","headless","verified-full","","src/rulesets/dnd5e/monsterCatalogMultiattackBatch.test.ts | src/rulesets/dnd5e/monsterParryHeadless.test.ts"
"srd-5.1:marilith","六臂蛇魔","marilith","actions","tail","尾击","weapon-attack","complex","headless","headless","verified-full","","src/rulesets/dnd5e/monsterCatalogMultiattackBatch.test.ts | src/rulesets/dnd5e/monsterGenericAbilities.test.ts | src/rulesets/dnd5e/monsterSourceLinkedAutoHit.test.ts | src/store/characterTokenPresentation.test.ts"
"srd-5.1:marilith","六臂蛇魔","marilith","actions","teleport","传送","other","complex","headless","headless","verified-full","","src/rulesets/dnd5e/monsterTeleportInvisibility.test.ts | src/store/characterTokenPresentation.test.ts"
"srd-5.1:marilith","六臂蛇魔","marilith","reactions","parry","招架","other","complex","headless","headless","verified-full","","src/rulesets/dnd5e/monsterParryHeadless.test.ts"
"srd-5.1:mastiff","獒犬","mastiff","actions","bite","啃咬","weapon-attack","complex","headless","headless","verified-full","","src/rulesets/dnd5e/monsters.test.ts | src/store/characterTokenPresentation.test.ts"
"srd-5.1:medusa","美杜莎","medusa","actions","multiattack","多重攻击","multiattack","complex","headless","headless","verified-full","","src/rulesets/dnd5e/monsterCatalogMultiattackBatch.test.ts"
"srd-5.1:medusa","美杜莎","medusa","actions","snake-hair","蛇发","weapon-attack","simple-attack","headless","headless","verified-full","","src/rulesets/dnd5e/monsterCatalogMultiattackBatch.test.ts"
"srd-5.1:medusa","美杜莎","medusa","actions","shortsword","短剑","weapon-attack","simple-attack","headless","headless","verified-full","","src/rulesets/dnd5e/monsterCatalogMultiattackBatch.test.ts | src/store/characterTokenPresentation.test.ts"
"srd-5.1:medusa","美杜莎","medusa","actions","longbow","长弓","weapon-attack","simple-attack","headless","headless","verified-full","","src/rulesets/dnd5e/monsterCatalogMultiattackBatch.test.ts | src/store/characterTokenPresentation.test.ts"
"srd-5.1:medusa","美杜莎","medusa","actions","multiattack-longbow","多重攻击：长弓 ×2","multiattack","complex","headless","headless","verified-full","","src/rulesets/dnd5e/monsterCatalogMultiattackBatch.test.ts"
"srd-5.1:merfolk","人鱼","merfolk","actions","spear","长矛","weapon-attack","simple-attack","headless","headless","verified-full","","src/rulesets/dnd5e/monsters.test.ts | src/store/characterTokenPresentation.test.ts"
"srd-5.1:merrow","魔化人鱼","merrow","actions","multiattack","多重攻击","multiattack","complex","headless","headless","verified-full","","src/rulesets/dnd5e/monsterCatalogMultiattackBatch.test.ts | src/rulesets/dnd5e/monsterForcedMovementMultiattack.test.ts"
"srd-5.1:merrow","魔化人鱼","merrow","actions","bite","啃咬","weapon-attack","simple-attack","headless","headless","verified-full","","src/rulesets/dnd5e/monsterCatalogMultiattackBatch.test.ts | src/rulesets/dnd5e/monsterForcedMovementMultiattack.test.ts | src/store/characterTokenPresentation.test.ts"
"srd-5.1:merrow","魔化人鱼","merrow","actions","claws","双爪","weapon-attack","simple-attack","headless","headless","verified-full","","src/rulesets/dnd5e/monsterCatalogMultiattackBatch.test.ts | src/store/characterTokenPresentation.test.ts"
"srd-5.1:merrow","魔化人鱼","merrow","actions","harpoon","鱼叉","weapon-attack","simple-attack","headless","headless","verified-full","","src/rulesets/dnd5e/monsterCatalogMultiattackBatch.test.ts | src/rulesets/dnd5e/monsterForcedMovementMultiattack.test.ts | src/store/characterTokenPresentation.test.ts"
"srd-5.1:merrow","魔化人鱼","merrow","actions","multiattack-bite-and-harpoon","多重攻击：啃咬 ×2","multiattack","complex","headless","headless","verified-full","","src/rulesets/dnd5e/monsterCatalogMultiattackBatch.test.ts | src/rulesets/dnd5e/monsterForcedMovementMultiattack.test.ts"
"srd-5.1:mimic","拟态怪","mimic","actions","pseudopod","伪足","weapon-attack","simple-attack","headless","headless","verified-full","","src/rulesets/dnd5e/monsterRemainingSettlementBatch.test.ts | src/store/characterTokenPresentation.test.ts"
"srd-5.1:mimic","拟态怪","mimic","actions","bite","啃咬","weapon-attack","simple-attack","headless","headless","verified-full","","src/rulesets/dnd5e/monsterRemainingSettlementBatch.test.ts | src/store/characterTokenPresentation.test.ts"
"srd-5.1:mimic","拟态怪","mimic","actions","pseudopod-adhesive-object-form","伪足 (Adhesive Object Form)","weapon-attack","simple-attack","headless","headless","verified-full","","src/rulesets/dnd5e/monsterRemainingSettlementBatch.test.ts"
"srd-5.1:minotaur","牛头人","minotaur","actions","greataxe","巨斧","weapon-attack","simple-attack","headless","headless","verified-full","","src/store/characterTokenPresentation.test.ts"
"srd-5.1:minotaur","牛头人","minotaur","actions","gore","顶撞","weapon-attack","simple-attack","headless","headless","verified-full","","src/rulesets/dnd5e/monsterCatalogAttackTraitRuntime.test.ts"
"srd-5.1:minotaur-skeleton","牛头人骷髅","minotaur-skeleton","actions","greataxe","巨斧","weapon-attack","simple-attack","headless","headless","verified-full","","src/store/characterTokenPresentation.test.ts"
"srd-5.1:minotaur-skeleton","牛头人骷髅","minotaur-skeleton","actions","gore","顶撞","weapon-attack","simple-attack","headless","headless","verified-full","","src/rulesets/dnd5e/monsterCatalogAttackTraitRuntime.test.ts"
"srd-5.1:mule","骡子","mule","actions","hooves","蹄击","weapon-attack","simple-attack","headless","headless","verified-full","","src/store/characterTokenPresentation.test.ts"
"srd-5.1:mummy","木乃伊","mummy","actions","multiattack","多重攻击","multiattack","complex","headless","headless","verified-full","","src/rulesets/dnd5e/monsterCatalogMultiattackBatch.test.ts | src/rulesets/dnd5e/monsterCompositeSpecialActions.test.ts | src/rulesets/dnd5e/monsterMummyRotMultiattack.test.ts"
"srd-5.1:mummy","木乃伊","mummy","actions","rotting-fist","腐烂拳击","weapon-attack","complex","headless","headless","verified-full","","src/rulesets/dnd5e/monsterCatalogMultiattackBatch.test.ts | src/rulesets/dnd5e/monsterCombatActionCoverageBatch.test.ts | src/rulesets/dnd5e/monsterMummyRotMultiattack.test.ts | src/store/characterTokenPresentation.test.ts"
"srd-5.1:mummy","木乃伊","mummy","actions","dreadful-glare","恐怖凝视","other","complex","headless","headless","verified-full","","src/rulesets/dnd5e/monsterCatalogMultiattackBatch.test.ts | src/rulesets/dnd5e/monsterCombatActionCoverageBatch.test.ts | src/rulesets/dnd5e/monsterCompositeSpecialActions.test.ts | src/rulesets/dnd5e/monsterMummyRotMultiattack.test.ts"
"srd-5.1:mummy","木乃伊","mummy","actions","multiattack-rotting-fist-only","多重攻击: 腐烂拳击","multiattack","complex","headless","headless","verified-full","","src/rulesets/dnd5e/monsterCatalogMultiattackBatch.test.ts | src/rulesets/dnd5e/monsterMummyRotMultiattack.test.ts"
"srd-5.1:mummy-lord","木乃伊领主","mummy-lord","actions","multiattack","多重攻击","multiattack","complex","headless","headless","verified-full","","src/rulesets/dnd5e/monsterCatalogMultiattackBatch.test.ts | src/rulesets/dnd5e/monsterCompositeSpecialActions.test.ts | src/rulesets/dnd5e/monsterMummyRotMultiattack.test.ts"
"srd-5.1:mummy-lord","木乃伊领主","mummy-lord","actions","rotting-fist","腐烂拳击","weapon-attack","complex","headless","headless","verified-full","","src/rulesets/dnd5e/monsterCatalogMultiattackBatch.test.ts | src/rulesets/dnd5e/monsterCombatActionCoverageBatch.test.ts | src/rulesets/dnd5e/monsterMummyRotMultiattack.test.ts | src/store/characterTokenPresentation.test.ts"
"srd-5.1:mummy-lord","木乃伊领主","mummy-lord","actions","dreadful-glare","恐怖凝视","other","complex","headless","headless","verified-full","","src/rulesets/dnd5e/monsterCatalogMultiattackBatch.test.ts | src/rulesets/dnd5e/monsterCombatActionCoverageBatch.test.ts | src/rulesets/dnd5e/monsterCompositeSpecialActions.test.ts | src/rulesets/dnd5e/monsterMummyRotMultiattack.test.ts"
"srd-5.1:mummy-lord","木乃伊领主","mummy-lord","actions","multiattack-rotting-fist-only","多重攻击: 腐烂拳击","multiattack","complex","headless","headless","verified-full","","src/rulesets/dnd5e/monsterCatalogMultiattackBatch.test.ts | src/rulesets/dnd5e/monsterMummyRotMultiattack.test.ts"
"srd-5.1:mummy-lord","木乃伊领主","mummy-lord","legendaryActions","attack-rotting-fist","攻击","other","complex","headless","headless","verified-full","","src/rulesets/dnd5e/monsterCatalogMultiattackBatch.test.ts | src/rulesets/dnd5e/monsterCombatActionCoverageBatch.test.ts | src/rulesets/dnd5e/monsterMummyRotMultiattack.test.ts"
"srd-5.1:mummy-lord","木乃伊领主","mummy-lord","legendaryActions","attack-dreadful-glare","攻击","other","complex","headless","headless","verified-full","","src/rulesets/dnd5e/monsterCombatActionCoverageBatch.test.ts"
"srd-5.1:mummy-lord","木乃伊领主","mummy-lord","legendaryActions","blinding-dust","致盲尘土","other","complex","headless","headless","verified-full","","src/rulesets/dnd5e/monsterCombatActionCoverageBatch.test.ts"
"srd-5.1:mummy-lord","木乃伊领主","mummy-lord","legendaryActions","blasphemous-word-costs-2-actions","渎神真言（消耗 2 动作）","other","complex","headless","headless","verified-full","","src/rulesets/dnd5e/monsterCombatActionCoverageBatch.test.ts"
"srd-5.1:mummy-lord","木乃伊领主","mummy-lord","legendaryActions","channel-negative-energy-costs-2-actions","引导负能量（消耗 2 动作）","other","complex","headless","headless","verified-full","","src/rulesets/dnd5e/monsterCombatActionCoverageBatch.test.ts"
"srd-5.1:mummy-lord","木乃伊领主","mummy-lord","legendaryActions","whirlwind-of-sand-costs-2-actions","沙旋风（消耗 2 动作）","other","complex","dm-adjudication","dm-adjudication","manual","原文包含状态/擒抱附效，但无结构化附效",""
"srd-5.1:nalfeshnee","纳尔弗魔","nalfeshnee","actions","multiattack","多重攻击","multiattack","complex","headless","headless","verified-full","","src/rulesets/dnd5e/monsterCatalogMultiattackBatch.test.ts | src/rulesets/dnd5e/monsterCompositeSpecialActions.test.ts"
"srd-5.1:nalfeshnee","纳尔弗魔","nalfeshnee","actions","bite","啃咬","weapon-attack","simple-attack","headless","headless","verified-full","","src/rulesets/dnd5e/monsterCatalogMultiattackBatch.test.ts | src/rulesets/dnd5e/monsterCompositeSpecialActions.test.ts | src/store/characterTokenPresentation.test.ts"
"srd-5.1:nalfeshnee","纳尔弗魔","nalfeshnee","actions","claw","爪击","weapon-attack","simple-attack","headless","headless","verified-full","","src/rulesets/dnd5e/monsterCatalogMultiattackBatch.test.ts | src/store/characterTokenPresentation.test.ts"
"srd-5.1:nalfeshnee","纳尔弗魔","nalfeshnee","actions","horror-nimbus","恐怖光晕","other","complex","headless","headless","verified-full","","src/rulesets/dnd5e/monsterCatalogMultiattackBatch.test.ts | src/rulesets/dnd5e/monsterCompositeSpecialActions.test.ts"
"srd-5.1:nalfeshnee","纳尔弗魔","nalfeshnee","actions","teleport","传送","other","complex","headless","headless","verified-full","","src/rulesets/dnd5e/monsterTeleportInvisibility.test.ts | src/store/characterTokenPresentation.test.ts"
"srd-5.1:nalfeshnee","纳尔弗魔","nalfeshnee","actions","multiattack-weapons-only","多重攻击: 啃咬","multiattack","complex","headless","headless","verified-full","","src/rulesets/dnd5e/monsterCatalogMultiattackBatch.test.ts"
"srd-5.1:night-hag","夜鬼婆","night-hag","actions","claws-hag-form-only","双爪（仅鬼婆形态）","weapon-attack","simple-attack","headless","headless","verified-full","",""
"srd-5.1:night-hag","夜鬼婆","night-hag","actions","change-shape","改变形态","other","complex","dm-adjudication","non-combat","non-combat","",""
"srd-5.1:night-hag","夜鬼婆","night-hag","actions","etherealness","以太化","other","complex","dm-adjudication","dm-adjudication","manual","",""
"srd-5.1:night-hag","夜鬼婆","night-hag","actions","nightmare-haunting","梦魇纠缠","other","complex","dm-adjudication","non-combat","non-combat","原文骰池 1d10 未进入结构 | 原文包含生命值上限改变，但结构未声明","src/store/characterTokenPresentation.test.ts"
"srd-5.1:nightmare","梦魇兽","nightmare","actions","hooves","蹄击","weapon-attack","simple-attack","headless","headless","verified-full","","src/store/characterTokenPresentation.test.ts"
"srd-5.1:nightmare","梦魇兽","nightmare","actions","ethereal-stride","以太步行","other","complex","dm-adjudication","dm-adjudication","manual","",""
"srd-5.1:noble","贵族","noble","actions","rapier","刺剑","weapon-attack","simple-attack","headless","headless","verified-full","",""
"srd-5.1:noble","贵族","noble","reactions","parry","招架","other","complex","headless","headless","verified-full","","src/rulesets/dnd5e/monsterMechanicTriggers.test.ts | src/rulesets/dnd5e/monsterParryHeadless.test.ts"
"srd-5.1:ochre-jelly","赭冻怪","ochre-jelly","actions","pseudopod","伪足","weapon-attack","simple-attack","headless","headless","verified-full","","src/store/characterTokenPresentation.test.ts"
"srd-5.1:ochre-jelly","赭冻怪","ochre-jelly","reactions","split","分裂","other","complex","dm-adjudication","dm-adjudication","manual","",""
"srd-5.1:octopus","章鱼","octopus","actions","tentacles","触手群攻","weapon-attack","complex","headless","headless","verified-full","","src/rulesets/dnd5e/monsterCatalogCombatGapBatch.test.ts"
"srd-5.1:octopus","章鱼","octopus","actions","ink-cloud","墨汁云","other","complex","headless","headless","verified-full","","src/rulesets/dnd5e/monsterPersistentAreas.test.ts | src/store/characterTokenPresentation.test.ts"
"srd-5.1:ogre","食人魔","ogre","actions","greatclub","巨棒","weapon-attack","simple-attack","headless","headless","verified-full","","src/store/characterTokenPresentation.test.ts"
"srd-5.1:ogre","食人魔","ogre","actions","javelin","标枪","weapon-attack","simple-attack","headless","headless","verified-full","","src/rulesets/dnd5e/combatSimulation.test.ts | src/rulesets/dnd5e/headlessCombatEngine.test.ts | src/store/characterTokenPresentation.test.ts"
"srd-5.1:ogre-zombie","食人魔僵尸","ogre-zombie","actions","morningstar","晨星锤","weapon-attack","simple-attack","headless","headless","verified-full","","src/store/characterTokenPresentation.test.ts"
"srd-5.1:oni","鬼人","oni","actions","multiattack","多重攻击","multiattack","complex","headless","headless","verified-full","","src/rulesets/dnd5e/monsterCatalogFixedChildActions.test.ts | src/rulesets/dnd5e/monsterCatalogMultiattackBatch.test.ts"
"srd-5.1:oni","鬼人","oni","actions","claw-oni-form-only","爪击（仅鬼人形态）","weapon-attack","simple-attack","headless","headless","verified-full","","src/rulesets/dnd5e/monsterCatalogMultiattackBatch.test.ts"
"srd-5.1:oni","鬼人","oni","actions","glaive","长柄刀","weapon-attack","simple-attack","headless","headless","verified-full","","src/rulesets/dnd5e/monsterCatalogFixedChildActions.test.ts | src/rulesets/dnd5e/monsterCatalogMultiattackBatch.test.ts | src/store/characterTokenPresentation.test.ts"
"srd-5.1:oni","鬼人","oni","actions","change-shape","改变形态","other","complex","dm-adjudication","non-combat","non-combat","",""
"srd-5.1:oni","鬼人","oni","actions","glaive-small-or-medium","长柄刀（小型／中型形态）","weapon-attack","simple-attack","headless","headless","verified-full","","src/rulesets/dnd5e/monsterCatalogFixedChildActions.test.ts"
"srd-5.1:oni","鬼人","oni","actions","multiattack-glaive","多重攻击：长柄刀 ×2","multiattack","complex","headless","headless","verified-full","","src/rulesets/dnd5e/monsterCatalogFixedChildActions.test.ts | src/rulesets/dnd5e/monsterCatalogMultiattackBatch.test.ts"
"srd-5.1:orc","兽人","orc","actions","greataxe","巨斧","weapon-attack","simple-attack","headless","headless","verified-full","","src/store/characterTokenPresentation.test.ts"
"srd-5.1:orc","兽人","orc","actions","javelin","标枪","weapon-attack","simple-attack","headless","headless","verified-full","","src/store/characterTokenPresentation.test.ts"
"srd-5.1:otyugh","奥图克","otyugh","actions","multiattack","多重攻击","multiattack","complex","headless","headless","verified-full","","src/rulesets/dnd5e/monsterCatalogMultiattackBatch.test.ts | src/rulesets/dnd5e/monsterCatalogOnHitBatch.test.ts"
"srd-5.1:otyugh","奥图克","otyugh","actions","bite","啃咬","weapon-attack","complex","headless","headless","verified-full","","src/rulesets/dnd5e/campaignTimeRules.test.ts | src/rulesets/dnd5e/monsterCatalogMultiattackBatch.test.ts | src/rulesets/dnd5e/monsterCatalogOnHitBatch.test.ts | src/rulesets/dnd5e/monsterCombatActionCoverageBatch.test.ts | src/rulesets/dnd5e/monsterHeadlessSafetyPolicy.test.ts | src/store/characterTokenPresentation.test.ts"
"srd-5.1:otyugh","奥图克","otyugh","actions","tentacle","触手","weapon-attack","complex","headless","headless","verified-full","","src/rulesets/dnd5e/monsterCatalogMultiattackBatch.test.ts | src/rulesets/dnd5e/monsterCatalogOnHitBatch.test.ts | src/rulesets/dnd5e/monsterCombatActionCoverageBatch.test.ts | src/rulesets/dnd5e/monsterHeadlessSafetyPolicy.test.ts"
"srd-5.1:otyugh","奥图克","otyugh","actions","tentacle-slam","触手猛击","other","complex","headless","headless","verified-full","","src/rulesets/dnd5e/monsterCombatActionCoverageBatch.test.ts"
"srd-5.1:owl","猫头鹰","owl","actions","talons","利爪","weapon-attack","simple-attack","headless","headless","verified-full","","src/rulesets/dnd5e/monsters.test.ts | src/store/characterTokenPresentation.test.ts"
"srd-5.1:owlbear","枭熊","owlbear","actions","multiattack","多重攻击","multiattack","complex","headless","headless","verified-full","","src/components/map/DmMonsterControlDock.test.ts | src/lib/enemyAi.test.ts | src/lib/monsterManualControl.test.ts | src/rulesets/dnd5e/headlessCombatEngine.test.ts | src/rulesets/dnd5e/monsterAttackAction.test.ts | src/rulesets/dnd5e/monsterRelentless.test.ts | src/rulesets/dnd5e/monsters.test.ts | src/rulesets/dnd5e/monsterTurnPlanner.test.ts"
"srd-5.1:owlbear","枭熊","owlbear","actions","beak","喙击","weapon-attack","simple-attack","headless","headless","verified-full","","src/components/map/DmMonsterControlDock.test.ts | src/lib/monsterManualControl.test.ts | src/rulesets/dnd5e/damageMitigationInterrupt.test.ts | src/rulesets/dnd5e/headlessCombatEngine.test.ts | src/rulesets/dnd5e/monsterAttackAction.test.ts | src/rulesets/dnd5e/monsters.test.ts | src/store/characterTokenPresentation.test.ts"
"srd-5.1:owlbear","枭熊","owlbear","actions","claws","双爪","weapon-attack","simple-attack","headless","headless","verified-full","","src/components/map/DmMonsterControlDock.test.ts | src/lib/combatInterruptDmSettlement.test.ts | src/lib/monsterManualControl.test.ts | src/rulesets/dnd5e/monsterAttackAction.test.ts | src/rulesets/dnd5e/monsters.test.ts | src/rulesets/dnd5e/monsterTurnPlanner.test.ts | src/store/characterTokenPresentation.test.ts"
"srd-5.1:panther","黑豹","panther","actions","bite","啃咬","weapon-attack","simple-attack","headless","headless","verified-full","","src/rulesets/dnd5e/monsterCatalogAttackTraitRuntime.test.ts | src/store/characterTokenPresentation.test.ts"
"srd-5.1:panther","黑豹","panther","actions","claw","爪击","weapon-attack","simple-attack","headless","headless","verified-full","","src/rulesets/dnd5e/monsterCatalogAttackTraitRuntime.test.ts | src/store/characterTokenPresentation.test.ts"
"srd-5.1:panther","黑豹","panther","bonusActions","pounce-bite-bonus-action","猛扑：啃咬","weapon-attack","complex","headless","headless","verified-full","","src/rulesets/dnd5e/monsterCatalogAttackTraitRuntime.test.ts"
"srd-5.1:pegasus","飞马","pegasus","actions","hooves","蹄击","weapon-attack","simple-attack","headless","headless","verified-full","","src/store/characterTokenPresentation.test.ts"
"srd-5.1:phase-spider","相位蜘蛛","phase-spider","actions","bite","啃咬","weapon-attack","complex","headless","headless","verified-full","","src/rulesets/dnd5e/monsterComplexPoisonOnHit.test.ts | src/store/characterTokenPresentation.test.ts"
"srd-5.1:pit-fiend","深狱炼魔","pit-fiend","actions","multiattack","多重攻击","multiattack","complex","headless","headless","verified-full","","src/rulesets/dnd5e/monsterCatalogMultiattackBatch.test.ts | src/rulesets/dnd5e/monsters.test.ts"
"srd-5.1:pit-fiend","深狱炼魔","pit-fiend","actions","bite","啃咬","weapon-attack","complex","headless","headless","verified-full","","src/rulesets/dnd5e/monsterCatalogMultiattackBatch.test.ts | src/rulesets/dnd5e/monsterGenericAbilities.test.ts | src/rulesets/dnd5e/monsters.test.ts | src/store/characterTokenPresentation.test.ts"
"srd-5.1:pit-fiend","深狱炼魔","pit-fiend","actions","claw","爪击","weapon-attack","simple-attack","headless","headless","verified-full","","src/rulesets/dnd5e/monsterCatalogMultiattackBatch.test.ts | src/rulesets/dnd5e/monsters.test.ts | src/store/characterTokenPresentation.test.ts"
"srd-5.1:pit-fiend","深狱炼魔","pit-fiend","actions","mace","硬头锤","weapon-attack","simple-attack","headless","headless","verified-full","","src/rulesets/dnd5e/monsterCatalogMultiattackBatch.test.ts | src/rulesets/dnd5e/monsters.test.ts | src/store/characterTokenPresentation.test.ts"
"srd-5.1:pit-fiend","深狱炼魔","pit-fiend","actions","tail","尾击","weapon-attack","simple-attack","headless","headless","verified-full","","src/rulesets/dnd5e/monsterCatalogMultiattackBatch.test.ts | src/rulesets/dnd5e/monsterGenericAbilities.test.ts | src/rulesets/dnd5e/monsters.test.ts | src/store/characterTokenPresentation.test.ts"
"srd-5.1:planetar","行星神使","planetar","actions","multiattack","多重攻击","multiattack","complex","headless","headless","verified-full","","src/rulesets/dnd5e/monsterComplexActionContracts.test.ts"
"srd-5.1:planetar","行星神使","planetar","actions","greatsword","巨剑","weapon-attack","simple-attack","headless","headless","verified-full","","src/store/characterTokenPresentation.test.ts"
"srd-5.1:planetar","行星神使","planetar","actions","healing-touch","治疗之触","other","complex","headless","headless","verified-full","","src/rulesets/dnd5e/monsterHealingTouch.test.ts | src/store/characterTokenPresentation.test.ts"
"srd-5.1:plesiosaurus","蛇颈龙","plesiosaurus","actions","bite","啃咬","weapon-attack","simple-attack","headless","headless","verified-full","","src/store/characterTokenPresentation.test.ts"
"srd-5.1:poisonous-snake","毒蛇","poisonous-snake","actions","bite","啃咬","weapon-attack","complex","headless","headless","verified-full","","src/rulesets/dnd5e/monsterCatalogCombatGapBatch.test.ts | src/store/characterTokenPresentation.test.ts"
"srd-5.1:polar-bear","北极熊","polar-bear","actions","multiattack","多重攻击","multiattack","complex","headless","headless","verified-full","","src/rulesets/dnd5e/monsterComplexActionContracts.test.ts"
"srd-5.1:polar-bear","北极熊","polar-bear","actions","bite","啃咬","weapon-attack","simple-attack","headless","headless","verified-full","","src/rulesets/dnd5e/genericCombatPrimitives.test.ts | src/store/characterTokenPresentation.test.ts"
"srd-5.1:polar-bear","北极熊","polar-bear","actions","claws","双爪","weapon-attack","simple-attack","headless","headless","verified-full","","src/store/characterTokenPresentation.test.ts"
"srd-5.1:pony","矮种马","pony","actions","hooves","蹄击","weapon-attack","simple-attack","headless","headless","verified-full","","src/store/characterTokenPresentation.test.ts"
"srd-5.1:priest","祭司","priest","actions","mace","硬头锤","weapon-attack","simple-attack","headless","headless","verified-full","","src/store/characterTokenPresentation.test.ts"
"srd-5.1:pseudodragon","伪龙","pseudodragon","actions","bite","啃咬","weapon-attack","simple-attack","headless","headless","verified-full","","src/rulesets/dnd5e/monsterConditionalOnHitBatch.test.ts | src/store/characterTokenPresentation.test.ts"
"srd-5.1:pseudodragon","伪龙","pseudodragon","actions","sting","螫刺","weapon-attack","complex","headless","headless","verified-full","","src/rulesets/dnd5e/monsterConditionalOnHitBatch.test.ts | src/store/characterTokenPresentation.test.ts"
"srd-5.1:purple-worm","紫虫","purple-worm","actions","multiattack","多重攻击","multiattack","complex","dm-adjudication","dm-adjudication","manual","","src/rulesets/dnd5e/monsterCatalogMultiattackBatch.test.ts | src/rulesets/dnd5e/monsterComplexRelationMultiattacks.test.ts | src/rulesets/dnd5e/monsters.test.ts"
"srd-5.1:purple-worm","紫虫","purple-worm","actions","bite","啃咬","weapon-attack","complex","dm-adjudication","dm-adjudication","manual","命中加值与原文不一致","src/rulesets/dnd5e/monsterCatalogMultiattackBatch.test.ts | src/rulesets/dnd5e/monsterComplexRelationMultiattacks.test.ts | src/rulesets/dnd5e/monsters.test.ts | src/store/characterTokenPresentation.test.ts"
"srd-5.1:purple-worm","紫虫","purple-worm","actions","tail-stinger","尾部螫针","weapon-attack","complex","dm-adjudication","dm-adjudication","manual","命中加值与原文不一致","src/rulesets/dnd5e/monsterCatalogMultiattackBatch.test.ts | src/rulesets/dnd5e/monsters.test.ts"
"srd-5.1:quasit","夸塞魔","quasit","actions","claw-bite-in-beast-form","爪击（野兽形态为啃咬）","weapon-attack","complex","headless","headless","verified-full","","src/rulesets/dnd5e/monsterComplexPoisonOnHit.test.ts | src/rulesets/dnd5e/monsterSchema.test.ts"
"srd-5.1:quasit","夸塞魔","quasit","actions","scare","惊吓","other","complex","headless","headless","verified-full","","src/rulesets/dnd5e/monsterStructuredSpecialActionBatch.test.ts | src/store/characterTokenPresentation.test.ts"
"srd-5.1:quasit","夸塞魔","quasit","actions","invisibility","隐形","other","complex","headless","headless","verified-full","","src/rulesets/dnd5e/monsterTeleportInvisibility.test.ts | src/store/characterTokenPresentation.test.ts"
"srd-5.1:quipper","食人鱼","quipper","actions","bite","啃咬","weapon-attack","simple-attack","headless","headless","verified-full","","src/rulesets/dnd5e/monsters.test.ts | src/rulesets/dnd5e/monsterTriggeredAttackTraits.test.ts | src/store/characterTokenPresentation.test.ts"
"srd-5.1:rakshasa","罗刹","rakshasa","actions","multiattack","多重攻击","multiattack","complex","headless","headless","verified-full","","src/rulesets/dnd5e/headlessCombatEngine.test.ts | src/rulesets/dnd5e/monsterCatalogMultiattackBatch.test.ts | src/rulesets/dnd5e/monsterCurseVariantMultiattack.test.ts | src/rulesets/dnd5e/monsterHeadlessCoverage.test.ts | src/rulesets/dnd5e/monsters.test.ts | src/rulesets/dnd5e/monsterSchema.test.ts"
"srd-5.1:rakshasa","罗刹","rakshasa","actions","claw","爪击","weapon-attack","simple-attack","headless","headless","verified-full","","src/rulesets/dnd5e/headlessCombatEngine.test.ts | src/rulesets/dnd5e/monsterCatalogMultiattackBatch.test.ts | src/rulesets/dnd5e/monsterCurseVariantMultiattack.test.ts | src/rulesets/dnd5e/monsterHeadlessCoverage.test.ts | src/rulesets/dnd5e/monsters.test.ts | src/rulesets/dnd5e/monsterSchema.test.ts | src/store/characterTokenPresentation.test.ts"
"srd-5.1:rat","老鼠","rat","actions","bite","啃咬","weapon-attack","simple-attack","headless","headless","verified-full","","src/rulesets/dnd5e/monsters.test.ts | src/rulesets/dnd5e/monsterTurnPlanner.test.ts | src/store/characterTokenPresentation.test.ts"
"srd-5.1:raven","渡鸦","raven","actions","beak","喙击","weapon-attack","simple-attack","headless","headless","verified-full","","src/rulesets/dnd5e/monsters.test.ts | src/store/characterTokenPresentation.test.ts"
"srd-5.1:red-dragon-wyrmling","红龙雏龙","red-dragon-wyrmling","actions","bite","啃咬","weapon-attack","simple-attack","headless","headless","verified-full","","src/components/map/EnemyDetailPanel.test.tsx | src/rulesets/dnd5e/monsters.test.ts | src/store/characterTokenPresentation.test.ts"
"srd-5.1:red-dragon-wyrmling","红龙雏龙","red-dragon-wyrmling","actions","fire-breath","火焰吐息","other","complex","headless","headless","verified-full","","src/components/map/DmMonsterControlDock.test.ts | src/rulesets/dnd5e/monsterAreaAction.test.ts | src/rulesets/dnd5e/monsters.test.ts"
"srd-5.1:reef-shark","礁鲨","reef-shark","actions","bite","啃咬","weapon-attack","simple-attack","headless","headless","verified-full","","src/rulesets/dnd5e/monsterAttackAction.test.ts | src/store/characterTokenPresentation.test.ts"
"srd-5.1:remorhaz","寒炎虫","remorhaz","actions","bite","啃咬","weapon-attack","complex","headless","headless","verified-full","","src/rulesets/dnd5e/monsterCatalogOnHitBatch.test.ts | src/rulesets/dnd5e/monsterCombatActionCoverageBatch.test.ts | src/store/characterTokenPresentation.test.ts"
"srd-5.1:remorhaz","寒炎虫","remorhaz","actions","swallow","吞咽","weapon-attack","complex","headless","headless","verified-full","","src/rulesets/dnd5e/monsterCombatActionCoverageBatch.test.ts"
"srd-5.1:rhinoceros","犀牛","rhinoceros","actions","gore","顶撞","weapon-attack","simple-attack","headless","headless","verified-full","","src/rulesets/dnd5e/monsterCatalogAttackTraitRuntime.test.ts"
"srd-5.1:riding-horse","骑乘马","riding-horse","actions","hooves","蹄击","weapon-attack","simple-attack","headless","headless","verified-full","","src/rulesets/dnd5e/monsters.test.ts | src/store/characterTokenPresentation.test.ts"
"srd-5.1:roc","鹏鸟","roc","actions","multiattack","多重攻击","multiattack","complex","headless","headless","verified-full","","src/rulesets/dnd5e/monsterCatalogMultiattackBatch.test.ts | src/rulesets/dnd5e/monsterCatalogOnHitBatch.test.ts"
"srd-5.1:roc","鹏鸟","roc","actions","beak","喙击","weapon-attack","simple-attack","headless","headless","verified-full","","src/rulesets/dnd5e/monsterCatalogMultiattackBatch.test.ts | src/store/characterTokenPresentation.test.ts"
"srd-5.1:roc","鹏鸟","roc","actions","talons","利爪","weapon-attack","complex","headless","headless","verified-full","","src/rulesets/dnd5e/monsterCatalogMultiattackBatch.test.ts | src/rulesets/dnd5e/monsterCatalogOnHitBatch.test.ts | src/store/characterTokenPresentation.test.ts"
"srd-5.1:roper","绳索怪","roper","actions","multiattack","多重攻击","multiattack","complex","headless","headless","verified-full","","src/lib/enemyAi.test.ts | src/pages/maps/monsterOccurrenceTargets.test.ts | src/rulesets/dnd5e/monsterAttackAction.test.ts | src/rulesets/dnd5e/monsterCatalogMultiattackBatch.test.ts | src/rulesets/dnd5e/monsterComplexRelationMultiattacks.test.ts | src/rulesets/dnd5e/monsterMultiattackTargets.test.ts | src/rulesets/dnd5e/monsterRoperReelMultiattack.test.ts"
"srd-5.1:roper","绳索怪","roper","actions","bite","啃咬","weapon-attack","simple-attack","headless","headless","verified-full","","src/pages/maps/monsterOccurrenceTargets.test.ts | src/rulesets/dnd5e/monsterAttackAction.test.ts | src/rulesets/dnd5e/monsterCatalogMultiattackBatch.test.ts | src/rulesets/dnd5e/monsterComplexRelationMultiattacks.test.ts | src/rulesets/dnd5e/monsterMultiattackTargets.test.ts | src/rulesets/dnd5e/monsterRoperReelMultiattack.test.ts | src/store/characterTokenPresentation.test.ts"
"srd-5.1:roper","绳索怪","roper","actions","tendril","卷须","weapon-attack","complex","headless","headless","verified-full","","src/pages/maps/monsterOccurrenceTargets.test.ts | src/rulesets/dnd5e/monsterAttackAction.test.ts | src/rulesets/dnd5e/monsterCatalogMultiattackBatch.test.ts | src/rulesets/dnd5e/monsterComplexRelationMultiattacks.test.ts | src/rulesets/dnd5e/monsterMultiattackTargets.test.ts | src/rulesets/dnd5e/monsterRoperReelMultiattack.test.ts"
"srd-5.1:roper","绳索怪","roper","actions","reel","收线","other","complex","headless","headless","verified-full","","src/rulesets/dnd5e/monsterCatalogMultiattackBatch.test.ts | src/rulesets/dnd5e/monsterComplexRelationMultiattacks.test.ts | src/rulesets/dnd5e/monsterMultiattackTargets.test.ts | src/rulesets/dnd5e/monsterRoperReelMultiattack.test.ts"
"srd-5.1:rug-of-smothering","窒息地毯","rug-of-smothering","actions","smother","窒息包裹","weapon-attack","complex","headless","headless","verified-full","","src/rulesets/dnd5e/monsterCombatActionCoverageBatch.test.ts | src/store/characterTokenPresentation.test.ts"
"srd-5.1:rust-monster","锈蚀怪","rust-monster","actions","bite","啃咬","weapon-attack","simple-attack","headless","headless","verified-full","","src/store/characterTokenPresentation.test.ts"
"srd-5.1:rust-monster","锈蚀怪","rust-monster","actions","antennae","触须","other","complex","dm-adjudication","dm-adjudication","manual","",""
"srd-5.1:saber-toothed-tiger","剑齿虎","saber-toothed-tiger","actions","bite","啃咬","weapon-attack","simple-attack","headless","headless","verified-full","","src/rulesets/dnd5e/monsterCatalogAttackTraitRuntime.test.ts | src/store/characterTokenPresentation.test.ts"
"srd-5.1:saber-toothed-tiger","剑齿虎","saber-toothed-tiger","actions","claw","爪击","weapon-attack","simple-attack","headless","headless","verified-full","","src/rulesets/dnd5e/monsterCatalogAttackTraitRuntime.test.ts | src/store/characterTokenPresentation.test.ts"
"srd-5.1:saber-toothed-tiger","剑齿虎","saber-toothed-tiger","bonusActions","pounce-bite-bonus-action","猛扑：啃咬","weapon-attack","complex","headless","headless","verified-full","","src/rulesets/dnd5e/monsterCatalogAttackTraitRuntime.test.ts"
"srd-5.1:sahuagin","沙华鱼人","sahuagin","actions","multiattack","多重攻击","multiattack","complex","headless","headless","verified-full","","src/rulesets/dnd5e/monsterCatalogFixedChildActions.test.ts | src/rulesets/dnd5e/monsterCatalogMultiattackBatch.test.ts | src/rulesets/dnd5e/monsterTriggeredAttackTraits.test.ts"
"srd-5.1:sahuagin","沙华鱼人","sahuagin","actions","bite","啃咬","weapon-attack","simple-attack","headless","headless","verified-full","","src/rulesets/dnd5e/monsterCatalogFixedChildActions.test.ts | src/rulesets/dnd5e/monsterCatalogMultiattackBatch.test.ts | src/rulesets/dnd5e/monsterTriggeredAttackTraits.test.ts | src/store/characterTokenPresentation.test.ts"
"srd-5.1:sahuagin","沙华鱼人","sahuagin","actions","claws","双爪","weapon-attack","simple-attack","headless","headless","verified-full","","src/rulesets/dnd5e/monsterCatalogMultiattackBatch.test.ts | src/store/characterTokenPresentation.test.ts"
"srd-5.1:sahuagin","沙华鱼人","sahuagin","actions","spear","长矛","weapon-attack","simple-attack","headless","headless","verified-full","","src/rulesets/dnd5e/monsterCatalogFixedChildActions.test.ts | src/rulesets/dnd5e/monsterCatalogMultiattackBatch.test.ts | src/store/characterTokenPresentation.test.ts"
"srd-5.1:sahuagin","沙华鱼人","sahuagin","actions","spear-two-handed","长矛（双手近战）","weapon-attack","simple-attack","headless","headless","verified-full","","src/rulesets/dnd5e/monsterCatalogFixedChildActions.test.ts"
"srd-5.1:sahuagin","沙华鱼人","sahuagin","actions","multiattack-bite-and-spear","多重攻击：啃咬 ×2","multiattack","complex","headless","headless","verified-full","","src/rulesets/dnd5e/monsterCatalogFixedChildActions.test.ts | src/rulesets/dnd5e/monsterCatalogMultiattackBatch.test.ts"
"srd-5.1:salamander","火蜥蜴","salamander","actions","multiattack","多重攻击","multiattack","complex","headless","headless","verified-full","","src/rulesets/dnd5e/monsterCatalogFixedChildActions.test.ts | src/rulesets/dnd5e/monsterCatalogMultiattackBatch.test.ts"
"srd-5.1:salamander","火蜥蜴","salamander","actions","spear","长矛","weapon-attack","simple-attack","headless","headless","verified-full","","src/rulesets/dnd5e/monsterCatalogFixedChildActions.test.ts | src/rulesets/dnd5e/monsterCatalogMultiattackBatch.test.ts | src/store/characterTokenPresentation.test.ts"
"srd-5.1:salamander","火蜥蜴","salamander","actions","tail","尾击","weapon-attack","complex","headless","headless","verified-full","","src/rulesets/dnd5e/monsterCatalogFixedChildActions.test.ts | src/rulesets/dnd5e/monsterCatalogMultiattackBatch.test.ts | src/rulesets/dnd5e/monsterSourceLinkedAutoHit.test.ts | src/store/characterTokenPresentation.test.ts"
"srd-5.1:salamander","火蜥蜴","salamander","actions","spear-two-handed","长矛（双手近战）","weapon-attack","simple-attack","headless","headless","verified-full","","src/rulesets/dnd5e/monsterCatalogFixedChildActions.test.ts"
"srd-5.1:satyr","萨堤尔","satyr","actions","ram","冲撞","weapon-attack","simple-attack","headless","headless","verified-full","","src/store/characterTokenPresentation.test.ts"
"srd-5.1:satyr","萨堤尔","satyr","actions","shortsword","短剑","weapon-attack","simple-attack","headless","headless","verified-full","","src/store/characterTokenPresentation.test.ts"
"srd-5.1:satyr","萨堤尔","satyr","actions","shortbow","短弓","weapon-attack","simple-attack","headless","headless","verified-full","","src/store/characterTokenPresentation.test.ts"
"srd-5.1:scorpion","蝎子","scorpion","actions","sting","螫刺","weapon-attack","complex","headless","headless","verified-full","","src/rulesets/dnd5e/headlessCombatEngine.test.ts | src/rulesets/dnd5e/monsterCatalogCombatGapBatch.test.ts | src/store/characterTokenPresentation.test.ts"
"srd-5.1:scout","斥候","scout","actions","multiattack","多重攻击","multiattack","complex","headless","headless","verified-full","","src/rulesets/dnd5e/monsterCatalogMultiattackBatch.test.ts"
"srd-5.1:scout","斥候","scout","actions","shortsword","短剑","weapon-attack","simple-attack","headless","headless","verified-full","","src/rulesets/dnd5e/monsterCatalogMultiattackBatch.test.ts | src/store/characterTokenPresentation.test.ts"
"srd-5.1:scout","斥候","scout","actions","longbow","长弓","weapon-attack","simple-attack","headless","headless","verified-full","","src/rulesets/dnd5e/monsterCatalogMultiattackBatch.test.ts | src/store/characterTokenPresentation.test.ts"
"srd-5.1:scout","斥候","scout","actions","multiattack-longbow","多重攻击：长弓 ×2","multiattack","complex","headless","headless","verified-full","","src/rulesets/dnd5e/monsterCatalogMultiattackBatch.test.ts"
"srd-5.1:sea-hag","海鬼婆","sea-hag","actions","claws","双爪","weapon-attack","simple-attack","headless","headless","verified-full","","src/store/characterTokenPresentation.test.ts"
"srd-5.1:sea-hag","海鬼婆","sea-hag","actions","death-glare","死亡瞪视","other","complex","headless","headless","verified-full","","src/rulesets/dnd5e/monsterCombatActionCoverageBatch.test.ts | src/store/characterTokenPresentation.test.ts"
"srd-5.1:sea-hag","海鬼婆","sea-hag","actions","illusory-appearance","幻象外貌","other","complex","dm-adjudication","non-combat","non-combat","",""
"srd-5.1:shadow","幽影","shadow","actions","strength-drain","力量吸取","weapon-attack","simple-attack","headless","headless","verified-full","","src/rulesets/dnd5e/monsterRemainingSettlementBatch.test.ts"
"srd-5.1:shambling-mound","蔓生怪","shambling-mound","actions","multiattack","多重攻击","multiattack","complex","headless","headless","verified-full","","src/rulesets/dnd5e/monsterCatalogMultiattackBatch.test.ts | src/rulesets/dnd5e/monsterComplexRelationMultiattacks.test.ts | src/rulesets/dnd5e/monsterShamblingMoundEngulf.test.ts"
"srd-5.1:shambling-mound","蔓生怪","shambling-mound","actions","slam","猛击","weapon-attack","simple-attack","headless","headless","verified-full","","src/rulesets/dnd5e/monsterCatalogMultiattackBatch.test.ts | src/rulesets/dnd5e/monsterComplexRelationMultiattacks.test.ts | src/rulesets/dnd5e/monsterShamblingMoundEngulf.test.ts | src/store/characterTokenPresentation.test.ts"
"srd-5.1:shambling-mound","蔓生怪","shambling-mound","actions","engulf","吞没","other","complex","headless","headless","verified-full","","src/rulesets/dnd5e/monsterCatalogMultiattackBatch.test.ts | src/rulesets/dnd5e/monsterComplexRelationMultiattacks.test.ts | src/rulesets/dnd5e/monsterMoveAction.test.ts | src/rulesets/dnd5e/monsterShamblingMoundEngulf.test.ts | src/store/characterTokenPresentation.test.ts"
"srd-5.1:shield-guardian","盾卫者","shield-guardian","actions","multiattack","多重攻击","multiattack","complex","headless","headless","verified-full","","src/rulesets/dnd5e/monsterComplexActionContracts.test.ts"
"srd-5.1:shield-guardian","盾卫者","shield-guardian","actions","fist","拳击","weapon-attack","simple-attack","headless","headless","verified-full","","src/store/characterTokenPresentation.test.ts"
"srd-5.1:shield-guardian","盾卫者","shield-guardian","reactions","shield","盾牌","other","complex","dm-adjudication","dm-adjudication","manual","","src/store/characterTokenPresentation.test.ts"
"srd-5.1:shrieker","尖叫蕈","shrieker","reactions","shriek","尖啸","other","complex","dm-adjudication","non-combat","non-combat","原文骰池 1d4 未进入结构","src/store/characterTokenPresentation.test.ts"
"srd-5.1:silver-dragon-wyrmling","银龙雏龙","silver-dragon-wyrmling","actions","bite","啃咬","weapon-attack","simple-attack","headless","headless","verified-full","","src/rulesets/dnd5e/monsters.test.ts | src/store/characterTokenPresentation.test.ts"
"srd-5.1:silver-dragon-wyrmling","银龙雏龙","silver-dragon-wyrmling","actions","breath-weapons","吐息武器","other","complex","headless","headless","verified-full","","src/rulesets/dnd5e/monsters.test.ts"
"srd-5.1:skeleton","骷髅","skeleton","actions","shortsword","短剑","weapon-attack","simple-attack","headless","headless","verified-full","","src/rulesets/dnd5e/equipmentAttackAction.test.ts | src/rulesets/dnd5e/headlessCombatEngine.test.ts | src/rulesets/dnd5e/monsters.test.ts | src/store/characterTokenPresentation.test.ts"
"srd-5.1:skeleton","骷髅","skeleton","actions","shortbow","短弓","weapon-attack","simple-attack","headless","headless","verified-full","","src/store/characterTokenPresentation.test.ts"
"srd-5.1:solar","太阳神使","solar","actions","multiattack","多重攻击","multiattack","complex","headless","headless","verified-full","","src/rulesets/dnd5e/monsterComplexActionContracts.test.ts"
"srd-5.1:solar","太阳神使","solar","actions","greatsword","巨剑","weapon-attack","simple-attack","headless","headless","verified-full","","src/store/characterTokenPresentation.test.ts"
"srd-5.1:solar","太阳神使","solar","actions","slaying-longbow","屠戮长弓","weapon-attack","complex","headless","headless","verified-full","","src/rulesets/dnd5e/monsterRemainingSettlementBatch.test.ts"
"srd-5.1:solar","太阳神使","solar","actions","flying-sword","飞剑","other","complex","dm-adjudication","dm-adjudication","manual","","src/store/characterTokenPresentation.test.ts"
"srd-5.1:solar","太阳神使","solar","actions","healing-touch","治疗之触","other","complex","headless","headless","verified-full","","src/rulesets/dnd5e/monsterHealingTouch.test.ts | src/store/characterTokenPresentation.test.ts"
"srd-5.1:solar","太阳神使","solar","legendaryActions","teleport","传送","other","complex","headless","headless","verified-full","","src/rulesets/dnd5e/monsterTeleportInvisibility.test.ts | src/store/characterTokenPresentation.test.ts"
"srd-5.1:solar","太阳神使","solar","legendaryActions","searing-burst-costs-2-actions","灼热爆发（消耗 2 动作）","other","complex","headless","headless","verified-full","","src/rulesets/dnd5e/monsterCombatActionCoverageBatch.test.ts"
"srd-5.1:solar","太阳神使","solar","legendaryActions","blinding-gaze-costs-3-actions","致盲凝视（消耗 3 动作）","other","complex","headless","headless","verified-full","","src/rulesets/dnd5e/monsterStructuredSpecialActionBatch.test.ts"
"srd-5.1:specter","幽魂","specter","actions","life-drain","生命吸取","weapon-attack","complex","headless","headless","verified-full","","src/rulesets/dnd5e/monsterPrimarySettlementBatch.test.ts | src/store/characterTokenPresentation.test.ts"
"srd-5.1:spider","蜘蛛","spider","actions","bite","啃咬","weapon-attack","complex","headless","headless","verified-full","","src/rulesets/dnd5e/activeEffects.test.ts | src/rulesets/dnd5e/combatSimulation.test.ts | src/rulesets/dnd5e/mapBridge.test.ts | src/rulesets/dnd5e/monsterCatalogCombatGapBatch.test.ts | src/rulesets/dnd5e/monsterComplexPoisonOnHit.test.ts | src/store/characterTokenPresentation.test.ts"
"srd-5.1:spirit-naga","邪灵纳迦","spirit-naga","actions","bite","啃咬","weapon-attack","complex","headless","headless","verified-full","","src/rulesets/dnd5e/monsters.test.ts | src/store/characterTokenPresentation.test.ts"
"srd-5.1:sprite","小妖精","sprite","actions","longsword","长剑","weapon-attack","simple-attack","headless","headless","verified-full","","src/rulesets/dnd5e/monsterCatalogCombatGapBatch.test.ts"
"srd-5.1:sprite","小妖精","sprite","actions","shortbow","短弓","weapon-attack","complex","headless","headless","verified-full","","src/rulesets/dnd5e/monsterCatalogCombatGapBatch.test.ts | src/store/characterTokenPresentation.test.ts"
"srd-5.1:sprite","小妖精","sprite","actions","heart-sight","洞察心灵","other","complex","dm-adjudication","non-combat","non-combat","","src/store/characterTokenPresentation.test.ts"
"srd-5.1:sprite","小妖精","sprite","actions","invisibility","隐形","other","complex","headless","headless","verified-full","","src/rulesets/dnd5e/monsterTeleportInvisibility.test.ts | src/store/characterTokenPresentation.test.ts"
"srd-5.1:spy","间谍","spy","actions","multiattack","多重攻击","multiattack","complex","headless","headless","verified-full","","src/rulesets/dnd5e/headlessCombatEngine.test.ts | src/rulesets/dnd5e/monsterCatalogAttackTraitRuntime.test.ts | src/rulesets/dnd5e/monsters.test.ts | src/rulesets/dnd5e/monsterSchema.test.ts"
"srd-5.1:spy","间谍","spy","actions","shortsword","短剑","weapon-attack","simple-attack","headless","headless","verified-full","","src/rulesets/dnd5e/headlessCombatEngine.test.ts | src/rulesets/dnd5e/monsterCatalogAttackTraitRuntime.test.ts | src/rulesets/dnd5e/monsters.test.ts | src/rulesets/dnd5e/monsterSchema.test.ts | src/store/characterTokenPresentation.test.ts"
"srd-5.1:spy","间谍","spy","actions","hand-crossbow","手弩","weapon-attack","simple-attack","headless","headless","verified-full","","src/rulesets/dnd5e/headlessCombatEngine.test.ts | src/rulesets/dnd5e/monsters.test.ts | src/rulesets/dnd5e/monsterSchema.test.ts"
"srd-5.1:steam-mephit","蒸汽魔蝠","steam-mephit","actions","claws","双爪","weapon-attack","simple-attack","headless","headless","verified-full","","src/store/characterTokenPresentation.test.ts"
"srd-5.1:steam-mephit","蒸汽魔蝠","steam-mephit","actions","steam-breath","蒸汽吐息","other","complex","headless","headless","verified-full","","src/rulesets/dnd5e/monsterCatalogCombatGapBatch.test.ts"
"srd-5.1:stirge","吸血飞虫","stirge","actions","blood-drain","吸血","weapon-attack","simple-attack","headless","headless","verified-full","","src/rulesets/dnd5e/monsterRemainingSettlementBatch.test.ts"
"srd-5.1:stone-giant","石巨人","stone-giant","actions","multiattack","多重攻击","multiattack","complex","headless","headless","verified-full","","src/rulesets/dnd5e/monsters.test.ts"
"srd-5.1:stone-giant","石巨人","stone-giant","actions","greatclub","巨棒","weapon-attack","simple-attack","headless","headless","verified-full","","src/store/characterTokenPresentation.test.ts"
"srd-5.1:stone-giant","石巨人","stone-giant","actions","rock","投石","weapon-attack","complex","headless","headless","verified-full","","src/rulesets/dnd5e/monsters.test.ts | src/store/characterTokenPresentation.test.ts"
"srd-5.1:stone-giant","石巨人","stone-giant","reactions","rock-catching","接石","other","complex","dm-adjudication","dm-adjudication","manual","",""
"srd-5.1:stone-golem","石魔像","stone-golem","actions","multiattack","多重攻击","multiattack","complex","headless","headless","verified-full","","src/rulesets/dnd5e/monsterComplexActionContracts.test.ts"
"srd-5.1:stone-golem","石魔像","stone-golem","actions","slam","猛击","weapon-attack","simple-attack","headless","headless","verified-full","","src/store/characterTokenPresentation.test.ts"
"srd-5.1:stone-golem","石魔像","stone-golem","actions","slow","缓慢","other","complex","headless","headless","verified-full","","src/rulesets/dnd5e/monsterStructuredSpecialActionBatch.test.ts | src/store/characterTokenPresentation.test.ts"
"srd-5.1:storm-giant","风暴巨人","storm-giant","actions","multiattack","多重攻击","multiattack","complex","headless","headless","verified-full","","src/rulesets/dnd5e/monsterComplexActionContracts.test.ts"
"srd-5.1:storm-giant","风暴巨人","storm-giant","actions","greatsword","巨剑","weapon-attack","simple-attack","headless","headless","verified-full","","src/store/characterTokenPresentation.test.ts"
"srd-5.1:storm-giant","风暴巨人","storm-giant","actions","rock","投石","weapon-attack","simple-attack","headless","headless","verified-full","","src/rulesets/dnd5e/monsterStructuredSpecialActionBatch.test.ts | src/store/characterTokenPresentation.test.ts"
"srd-5.1:storm-giant","风暴巨人","storm-giant","actions","lightning-strike","闪电打击","other","complex","headless","headless","verified-full","","src/rulesets/dnd5e/monsterStructuredSpecialActionBatch.test.ts"
"srd-5.1:succubus-incubus","魅魔／梦魔","succubus-incubus","actions","claw-fiend-form-only","爪击（仅邪魔形态）","weapon-attack","simple-attack","headless","headless","verified-full","",""
"srd-5.1:succubus-incubus","魅魔／梦魔","succubus-incubus","actions","charm","魅惑","other","complex","headless","headless","verified-full","","src/rulesets/dnd5e/monsterCombatActionCoverageBatch.test.ts | src/store/characterTokenPresentation.test.ts"
"srd-5.1:succubus-incubus","魅魔／梦魔","succubus-incubus","actions","draining-kiss","吸能之吻","other","complex","dm-adjudication","dm-adjudication","manual","原文骰池 5d10+5 未进入结构 | 原文包含豁免，但动作无结构化豁免 | 原文要求成功半伤，但结构未声明半伤 | 原文包含状态/擒抱附效，但无结构化附效 | 原文包含生命值上限改变，但结构未声明",""
"srd-5.1:succubus-incubus","魅魔／梦魔","succubus-incubus","actions","etherealness","以太化","other","complex","dm-adjudication","dm-adjudication","manual","",""
"srd-5.1:swarm-of-bats","蝙蝠群","swarm-of-bats","actions","bites","群体啃咬","weapon-attack","complex","headless","headless","verified-full","","src/rulesets/dnd5e/monsterComplexActionContracts.test.ts"
"srd-5.1:swarm-of-beetles","甲虫群","swarm-of-beetles","actions","bites","群体啃咬","weapon-attack","complex","headless","headless","verified-full","","src/rulesets/dnd5e/monsterComplexActionContracts.test.ts"
"srd-5.1:swarm-of-centipedes","蜈蚣群","swarm-of-centipedes","actions","bites","群体啃咬","weapon-attack","complex","headless","headless","verified-full","","src/rulesets/dnd5e/monsterRemainingSettlementBatch.test.ts"
"srd-5.1:swarm-of-insects","昆虫群","swarm-of-insects","actions","bites","群体啃咬","weapon-attack","complex","headless","headless","verified-full","","src/rulesets/dnd5e/monsterComplexActionContracts.test.ts"
"srd-5.1:swarm-of-poisonous-snakes","毒蛇群","swarm-of-poisonous-snakes","actions","bites","群体啃咬","weapon-attack","complex","headless","headless","verified-full","","src/rulesets/dnd5e/monsters.test.ts"
"srd-5.1:swarm-of-quippers","食人鱼群","swarm-of-quippers","actions","bites","群体啃咬","weapon-attack","complex","headless","headless","verified-full","","src/rulesets/dnd5e/monsterComplexActionContracts.test.ts"
"srd-5.1:swarm-of-rats","鼠群","swarm-of-rats","actions","bites","群体啃咬","weapon-attack","complex","headless","headless","verified-full","","src/rulesets/dnd5e/monsterGenericAbilities.test.ts"
"srd-5.1:swarm-of-ravens","渡鸦群","swarm-of-ravens","actions","beaks","群喙啄击","weapon-attack","complex","headless","headless","verified-full","","src/rulesets/dnd5e/monsterComplexActionContracts.test.ts"
"srd-5.1:swarm-of-spiders","蜘蛛群","swarm-of-spiders","actions","bites","群体啃咬","weapon-attack","complex","headless","headless","verified-full","","src/rulesets/dnd5e/monsterComplexActionContracts.test.ts"
"srd-5.1:swarm-of-wasps","蜂群","swarm-of-wasps","actions","bites","群体啃咬","weapon-attack","complex","headless","headless","verified-full","","src/rulesets/dnd5e/monsterComplexActionContracts.test.ts"
"srd-5.1:tarrasque","塔拉斯克","tarrasque","actions","multiattack","多重攻击","multiattack","complex","headless","headless","verified-full","","src/rulesets/dnd5e/monsterCatalogMultiattackBatch.test.ts | src/rulesets/dnd5e/monsterCatalogOnHitBatch.test.ts | src/rulesets/dnd5e/monsterComplexRelationMultiattacks.test.ts | src/rulesets/dnd5e/monsterCompositeSpecialActions.test.ts | src/rulesets/dnd5e/monsterConditionalCompositeChildren.test.ts | src/rulesets/dnd5e/monsterMultiattackConstraints.test.ts | src/rulesets/dnd5e/monsters.test.ts"
"srd-5.1:tarrasque","塔拉斯克","tarrasque","actions","bite","啃咬","weapon-attack","complex","headless","headless","verified-full","","src/rulesets/dnd5e/monsterCatalogMultiattackBatch.test.ts | src/rulesets/dnd5e/monsterCatalogOnHitBatch.test.ts | src/rulesets/dnd5e/monsterCombatActionCoverageBatch.test.ts | src/rulesets/dnd5e/monsterComplexRelationMultiattacks.test.ts | src/rulesets/dnd5e/monsterCompositeSpecialActions.test.ts | src/rulesets/dnd5e/monsterConditionalCompositeChildren.test.ts | src/rulesets/dnd5e/monsterMultiattackConstraints.test.ts | src/rulesets/dnd5e/monsters.test.ts | src/store/characterTokenPresentation.test.ts"
"srd-5.1:tarrasque","塔拉斯克","tarrasque","actions","claw","爪击","weapon-attack","simple-attack","headless","headless","verified-full","","src/rulesets/dnd5e/monsterCatalogMultiattackBatch.test.ts | src/rulesets/dnd5e/monsterCatalogOnHitBatch.test.ts | src/rulesets/dnd5e/monsterComplexRelationMultiattacks.test.ts | src/rulesets/dnd5e/monsterConditionalCompositeChildren.test.ts | src/rulesets/dnd5e/monsterMultiattackConstraints.test.ts | src/rulesets/dnd5e/monsters.test.ts | src/store/characterTokenPresentation.test.ts"
"srd-5.1:tarrasque","塔拉斯克","tarrasque","actions","horns","双角","weapon-attack","simple-attack","headless","headless","verified-full","","src/rulesets/dnd5e/monsterCatalogMultiattackBatch.test.ts | src/rulesets/dnd5e/monsterComplexRelationMultiattacks.test.ts | src/rulesets/dnd5e/monsterConditionalCompositeChildren.test.ts | src/rulesets/dnd5e/monsters.test.ts"
"srd-5.1:tarrasque","塔拉斯克","tarrasque","actions","tail","尾击","weapon-attack","complex","headless","headless","verified-full","","src/rulesets/dnd5e/monsterCatalogMultiattackBatch.test.ts | src/rulesets/dnd5e/monsterComplexRelationMultiattacks.test.ts | src/rulesets/dnd5e/monsterConditionalCompositeChildren.test.ts | src/rulesets/dnd5e/monsterMultiattackConstraints.test.ts | src/rulesets/dnd5e/monsters.test.ts | src/store/characterTokenPresentation.test.ts"
"srd-5.1:tarrasque","塔拉斯克","tarrasque","actions","frightful-presence","骇人威仪","other","complex","headless","headless","verified-full","","src/rulesets/dnd5e/monsterCatalogMultiattackBatch.test.ts | src/rulesets/dnd5e/monsterCompositeSpecialActions.test.ts | src/rulesets/dnd5e/monsters.test.ts"
"srd-5.1:tarrasque","塔拉斯克","tarrasque","actions","swallow","吞咽","weapon-attack","complex","headless","headless","verified-full","","src/rulesets/dnd5e/monsterCatalogMultiattackBatch.test.ts | src/rulesets/dnd5e/monsterCombatActionCoverageBatch.test.ts | src/rulesets/dnd5e/monsterComplexRelationMultiattacks.test.ts | src/rulesets/dnd5e/monsterConditionalCompositeChildren.test.ts | src/rulesets/dnd5e/monsterMultiattackConstraints.test.ts"
"srd-5.1:tarrasque","塔拉斯克","tarrasque","actions","multiattack-swallow","多重攻击：吞咽 ×5","multiattack","complex","headless","headless","verified-full","","src/rulesets/dnd5e/monsterCatalogMultiattackBatch.test.ts | src/rulesets/dnd5e/monsterComplexRelationMultiattacks.test.ts | src/rulesets/dnd5e/monsterConditionalCompositeChildren.test.ts | src/rulesets/dnd5e/monsterMultiattackConstraints.test.ts"
"srd-5.1:tarrasque","塔拉斯克","tarrasque","actions","multiattack-frightful-presence","多重攻击：骇人威仪 ×6","multiattack","complex","headless","headless","verified-full","","src/rulesets/dnd5e/monsterCatalogMultiattackBatch.test.ts"
"srd-5.1:tarrasque","塔拉斯克","tarrasque","actions","multiattack-frightful-presence-and-swallow","多重攻击：骇人威仪 ×6","multiattack","complex","headless","headless","verified-full","","src/rulesets/dnd5e/monsterCatalogMultiattackBatch.test.ts"
"srd-5.1:tarrasque","塔拉斯克","tarrasque","legendaryActions","attack","攻击","weapon-attack","simple-attack","headless","headless","verified-full","","src/rulesets/dnd5e/monsterCatalogMultiattackBatch.test.ts | src/rulesets/dnd5e/monsterCatalogOnHitBatch.test.ts | src/rulesets/dnd5e/monsterCombatActionCoverageBatch.test.ts | src/rulesets/dnd5e/monsterComplexRelationMultiattacks.test.ts | src/rulesets/dnd5e/monsterCompositeSpecialActions.test.ts | src/rulesets/dnd5e/monsterConditionalCompositeChildren.test.ts | src/rulesets/dnd5e/monsterMultiattackConstraints.test.ts | src/rulesets/dnd5e/monsters.test.ts"
"srd-5.1:tarrasque","塔拉斯克","tarrasque","legendaryActions","move","移动","other","complex","headless","headless","verified-full","","src/rulesets/dnd5e/monsterCatalogOnHitBatch.test.ts | src/rulesets/dnd5e/monsterCombatActionCoverageBatch.test.ts | src/rulesets/dnd5e/monsterComplexRelationMultiattacks.test.ts | src/rulesets/dnd5e/monsters.test.ts"
"srd-5.1:tarrasque","塔拉斯克","tarrasque","legendaryActions","chomp-bite-costs-2-actions","猛咬（消耗 2 动作）","other","complex","headless","headless","verified-full","","src/rulesets/dnd5e/monsterCombatActionCoverageBatch.test.ts"
"srd-5.1:tarrasque","塔拉斯克","tarrasque","legendaryActions","chomp-swallow-costs-2-actions","猛咬（消耗 2 动作）","other","complex","headless","headless","verified-full","","src/rulesets/dnd5e/monsterCombatActionCoverageBatch.test.ts"
"srd-5.1:thug","暴徒","thug","actions","multiattack","多重攻击","multiattack","complex","headless","headless","verified-full","","src/rulesets/dnd5e/monsterComplexActionContracts.test.ts"
"srd-5.1:thug","暴徒","thug","actions","mace","硬头锤","weapon-attack","simple-attack","headless","headless","verified-full","","src/store/characterTokenPresentation.test.ts"
"srd-5.1:thug","暴徒","thug","actions","heavy-crossbow","重弩","weapon-attack","simple-attack","headless","headless","verified-full","","src/store/characterTokenPresentation.test.ts"
"srd-5.1:tiger","老虎","tiger","actions","bite","啃咬","weapon-attack","simple-attack","headless","headless","verified-full","","src/rulesets/dnd5e/monsterCatalogAttackTraitRuntime.test.ts | src/store/characterTokenPresentation.test.ts"
"srd-5.1:tiger","老虎","tiger","actions","claw","爪击","weapon-attack","simple-attack","headless","headless","verified-full","","src/rulesets/dnd5e/monsterCatalogAttackTraitRuntime.test.ts | src/store/characterTokenPresentation.test.ts"
"srd-5.1:tiger","老虎","tiger","bonusActions","pounce-bite-bonus-action","猛扑：啃咬","weapon-attack","complex","headless","headless","verified-full","","src/rulesets/dnd5e/monsterCatalogAttackTraitRuntime.test.ts"
"srd-5.1:treant","树人","treant","actions","multiattack","多重攻击","multiattack","complex","headless","headless","verified-full","","src/rulesets/dnd5e/monsterComplexActionContracts.test.ts"
"srd-5.1:treant","树人","treant","actions","slam","猛击","weapon-attack","simple-attack","headless","headless","verified-full","","src/store/characterTokenPresentation.test.ts"
"srd-5.1:treant","树人","treant","actions","rock","投石","weapon-attack","simple-attack","headless","headless","verified-full","","src/store/characterTokenPresentation.test.ts"
"srd-5.1:treant","树人","treant","actions","animate-trees","活化树木","other","complex","dm-adjudication","dm-adjudication","manual","","src/store/characterTokenPresentation.test.ts"
"srd-5.1:tribal-warrior","部落战士","tribal-warrior","actions","spear","长矛","weapon-attack","simple-attack","dm-adjudication","dm-adjudication","manual","原文骰池 1d8+1 未进入结构","src/rulesets/dnd5e/monsters.test.ts | src/store/characterTokenPresentation.test.ts"
"srd-5.1:triceratops","三角龙","triceratops","actions","gore","顶撞","weapon-attack","simple-attack","headless","headless","verified-full","","src/rulesets/dnd5e/monsterCatalogAttackTraitRuntime.test.ts"
"srd-5.1:triceratops","三角龙","triceratops","actions","stomp","践踏","weapon-attack","complex","headless","headless","verified-full","","src/rulesets/dnd5e/monsterCatalogAttackTraitRuntime.test.ts | src/rulesets/dnd5e/monsterPrimarySettlementBatch.test.ts | src/store/characterTokenPresentation.test.ts"
"srd-5.1:triceratops","三角龙","triceratops","bonusActions","trampling-stomp-bonus-action","践踏冲锋：践踏","weapon-attack","complex","headless","headless","verified-full","","src/rulesets/dnd5e/monsterCatalogAttackTraitRuntime.test.ts"
"srd-5.1:troll","巨魔","troll","actions","multiattack","多重攻击","multiattack","complex","headless","headless","verified-full","","src/rulesets/dnd5e/monsterComplexActionContracts.test.ts"
"srd-5.1:troll","巨魔","troll","actions","bite","啃咬","weapon-attack","simple-attack","headless","headless","verified-full","","src/rulesets/dnd5e/monsterGenericAbilities.test.ts | src/store/characterTokenPresentation.test.ts"
"srd-5.1:troll","巨魔","troll","actions","claw","爪击","weapon-attack","simple-attack","headless","headless","verified-full","","src/rulesets/dnd5e/endTurnAction.test.ts | src/store/characterTokenPresentation.test.ts"
"srd-5.1:tyrannosaurus-rex","霸王龙","tyrannosaurus-rex","actions","multiattack","多重攻击","multiattack","complex","headless","headless","verified-full","","src/pages/maps/monsterOccurrenceTargets.test.ts | src/rulesets/dnd5e/combatSimulationMultiattackTargets.test.ts | src/rulesets/dnd5e/monsterAttackAction.test.ts | src/rulesets/dnd5e/monsterCatalogMultiattackBatch.test.ts | src/rulesets/dnd5e/monsterCatalogOnHitBatch.test.ts | src/rulesets/dnd5e/monsterMultiattackConstraints.test.ts | src/rulesets/dnd5e/monsterMultiattackTargets.test.ts | src/rulesets/dnd5e/monsterTurnPlanner.test.ts"
"srd-5.1:tyrannosaurus-rex","霸王龙","tyrannosaurus-rex","actions","bite","啃咬","weapon-attack","complex","headless","headless","verified-full","","src/pages/maps/monsterOccurrenceTargets.test.ts | src/rulesets/dnd5e/monsterAttackAction.test.ts | src/rulesets/dnd5e/monsterCatalogMultiattackBatch.test.ts | src/rulesets/dnd5e/monsterCatalogOnHitBatch.test.ts | src/rulesets/dnd5e/monsterMultiattackConstraints.test.ts | src/rulesets/dnd5e/monsterMultiattackTargets.test.ts | src/rulesets/dnd5e/monsterTurnPlanner.test.ts | src/store/characterTokenPresentation.test.ts"
"srd-5.1:tyrannosaurus-rex","霸王龙","tyrannosaurus-rex","actions","tail","尾击","weapon-attack","simple-attack","headless","headless","verified-full","","src/pages/maps/monsterOccurrenceTargets.test.ts | src/rulesets/dnd5e/monsterAttackAction.test.ts | src/rulesets/dnd5e/monsterCatalogMultiattackBatch.test.ts | src/rulesets/dnd5e/monsterMultiattackConstraints.test.ts | src/rulesets/dnd5e/monsterMultiattackTargets.test.ts | src/rulesets/dnd5e/monsterTurnPlanner.test.ts | src/store/characterTokenPresentation.test.ts"
"srd-5.1:unicorn","独角兽","unicorn","actions","multiattack","多重攻击","multiattack","complex","headless","headless","verified-full","","src/rulesets/dnd5e/monsterCatalogAttackTraitRuntime.test.ts | src/rulesets/dnd5e/monsters.test.ts"
"srd-5.1:unicorn","独角兽","unicorn","actions","hooves","蹄击","weapon-attack","simple-attack","headless","headless","verified-full","","src/rulesets/dnd5e/monsterCatalogAttackTraitRuntime.test.ts | src/rulesets/dnd5e/monsters.test.ts | src/store/characterTokenPresentation.test.ts"
"srd-5.1:unicorn","独角兽","unicorn","actions","horn","角撞","weapon-attack","simple-attack","headless","headless","verified-full","","src/rulesets/dnd5e/monsterCatalogAttackTraitRuntime.test.ts | src/rulesets/dnd5e/monsters.test.ts | src/store/characterTokenPresentation.test.ts"
"srd-5.1:unicorn","独角兽","unicorn","actions","healing-touch","治疗之触","other","complex","headless","headless","verified-full","","src/rulesets/dnd5e/monsterHealingTouch.test.ts | src/store/characterTokenPresentation.test.ts"
"srd-5.1:unicorn","独角兽","unicorn","actions","teleport","传送","other","complex","dm-adjudication","dm-adjudication","manual","","src/rulesets/dnd5e/monsterTeleportInvisibility.test.ts | src/store/characterTokenPresentation.test.ts"
"srd-5.1:unicorn","独角兽","unicorn","legendaryActions","legendary-hooves","蹄击","other","complex","headless","headless","verified-full","","src/rulesets/dnd5e/monsters.test.ts"
"srd-5.1:unicorn","独角兽","unicorn","legendaryActions","shimmering-shield-costs-2-actions","闪烁护盾（消耗 2 动作）","other","complex","headless","headless","verified-full","","src/rulesets/dnd5e/monsterCombatActionCoverageBatch.test.ts"
"srd-5.1:unicorn","独角兽","unicorn","legendaryActions","heal-self-costs-3-actions","自我治疗（消耗 3 动作）","other","complex","headless","headless","verified-full","","src/rulesets/dnd5e/monsterCombatActionCoverageBatch.test.ts"
"srd-5.1:vampire-spawn","吸血鬼衍体","vampire-spawn","actions","multiattack","多重攻击","multiattack","complex","headless","headless","verified-full","","src/rulesets/dnd5e/monsterCatalogMultiattackBatch.test.ts | src/rulesets/dnd5e/monsterCurseVariantMultiattack.test.ts | src/rulesets/dnd5e/monsterVampireBiteEligibility.test.ts"
"srd-5.1:vampire-spawn","吸血鬼衍体","vampire-spawn","actions","bite","啃咬","weapon-attack","complex","headless","headless","verified-full","","src/rulesets/dnd5e/monsterCatalogMultiattackBatch.test.ts | src/rulesets/dnd5e/monsterCurseVariantMultiattack.test.ts | src/rulesets/dnd5e/monsterHitPointMaximumReduction.test.ts | src/rulesets/dnd5e/monsterVampireBiteEligibility.test.ts | src/store/characterTokenPresentation.test.ts"
"srd-5.1:vampire-spawn","吸血鬼衍体","vampire-spawn","actions","claws","双爪","weapon-attack","complex","headless","headless","verified-full","","src/rulesets/dnd5e/monsterCatalogMultiattackBatch.test.ts | src/rulesets/dnd5e/monsterCurseVariantMultiattack.test.ts | src/rulesets/dnd5e/monsterVampireBiteEligibility.test.ts | src/store/characterTokenPresentation.test.ts"
"srd-5.1:vampire-spawn","吸血鬼衍体","vampire-spawn","actions","claws-grapple","双爪 (Grapple)","weapon-attack","complex","headless","headless","verified-full","","src/rulesets/dnd5e/monsterVampireBiteEligibility.test.ts"
"srd-5.1:vampire-spawn","吸血鬼衍体","vampire-spawn","actions","multiattack-claws-and-bite","多重攻击：双爪 ×2","multiattack","complex","headless","headless","verified-full","","src/rulesets/dnd5e/monsterCatalogMultiattackBatch.test.ts | src/rulesets/dnd5e/monsterVampireBiteEligibility.test.ts"
"srd-5.1:vampire-spawn","吸血鬼衍体","vampire-spawn","actions","multiattack-claws-and-grapple","多重攻击：双爪 ×2","multiattack","complex","headless","headless","verified-full","","src/rulesets/dnd5e/monsterComplexActionContracts.test.ts"
"srd-5.1:vampire-spawn","吸血鬼衍体","vampire-spawn","actions","multiattack-grapple-and-claws","多重攻击：claws-grapple ×2","multiattack","complex","headless","headless","verified-full","","src/rulesets/dnd5e/monsterComplexActionContracts.test.ts"
"srd-5.1:vampire-spawn","吸血鬼衍体","vampire-spawn","actions","multiattack-grapples","多重攻击：claws-grapple ×2","multiattack","complex","headless","headless","verified-full","","src/rulesets/dnd5e/monsterComplexActionContracts.test.ts"
"srd-5.1:vampire-spawn","吸血鬼衍体","vampire-spawn","actions","multiattack-grapple-and-bite","多重攻击：claws-grapple ×2","multiattack","complex","headless","headless","verified-full","","src/rulesets/dnd5e/monsterVampireBiteEligibility.test.ts"
"srd-5.1:vampire-bat","吸血鬼（蝙蝠形态）","vampire-bat","actions","bite","啃咬","weapon-attack","complex","headless","headless","verified-full","","src/rulesets/dnd5e/monsterCombatActionCoverageBatch.test.ts | src/rulesets/dnd5e/monsterRemainingSettlementBatch.test.ts | src/rulesets/dnd5e/monsterResourceActions.test.ts | src/store/characterTokenPresentation.test.ts"
"srd-5.1:vampire-bat","吸血鬼（蝙蝠形态）","vampire-bat","actions","charm","魅惑","other","complex","headless","headless","verified-full","","src/rulesets/dnd5e/monsterCombatActionCoverageBatch.test.ts | src/rulesets/dnd5e/monsterResourceActions.test.ts | src/store/characterTokenPresentation.test.ts"
"srd-5.1:vampire-bat","吸血鬼（蝙蝠形态）","vampire-bat","actions","children-of-the-night","夜之子嗣","other","complex","dm-adjudication","dm-adjudication","manual","原文骰池 2d4 未进入结构 | 原文骰池 3d6 未进入结构 | 原文骰池 1d4 未进入结构",""
"srd-5.1:vampire-bat","吸血鬼（蝙蝠形态）","vampire-bat","legendaryActions","move","移动","other","complex","headless","headless","verified-full","","src/rulesets/dnd5e/monsterCombatActionCoverageBatch.test.ts | src/rulesets/dnd5e/monsterResourceActions.test.ts"
"srd-5.1:vampire-bat","吸血鬼（蝙蝠形态）","vampire-bat","legendaryActions","legendary-unarmed-strike","徒手打击","weapon-attack","simple-attack","headless","headless","verified-full","","src/rulesets/dnd5e/monsterCombatActionCoverageBatch.test.ts"
"srd-5.1:vampire-bat","吸血鬼（蝙蝠形态）","vampire-bat","legendaryActions","legendary-bite-costs-2-actions","啃咬（消耗 2 动作）","other","complex","headless","headless","verified-full","","src/rulesets/dnd5e/monsterCombatActionCoverageBatch.test.ts | src/rulesets/dnd5e/monsterResourceActions.test.ts"
"srd-5.1:vampire-mist","吸血鬼（雾化形态）","vampire-mist","legendaryActions","move","移动","other","complex","headless","headless","verified-full","","src/rulesets/dnd5e/monsterCombatActionCoverageBatch.test.ts"
"srd-5.1:vampire-mist","吸血鬼（雾化形态）","vampire-mist","legendaryActions","legendary-unarmed-strike","徒手打击","weapon-attack","simple-attack","headless","headless","verified-full","","src/rulesets/dnd5e/monsterCombatActionCoverageBatch.test.ts"
"srd-5.1:vampire-mist","吸血鬼（雾化形态）","vampire-mist","legendaryActions","legendary-bite-costs-2-actions","啃咬（消耗 2 动作）","weapon-attack","simple-attack","headless","headless","verified-full","","src/rulesets/dnd5e/monsterCombatActionCoverageBatch.test.ts"
"srd-5.1:vampire-vampire","吸血鬼（本体形态）","vampire-vampire","actions","multiattack","多重攻击","multiattack","complex","headless","headless","verified-full","","src/rulesets/dnd5e/monsterCatalogMultiattackBatch.test.ts | src/rulesets/dnd5e/monsterCurseVariantMultiattack.test.ts | src/rulesets/dnd5e/monsterResourceActions.test.ts | src/rulesets/dnd5e/monsters.test.ts | src/rulesets/dnd5e/monsterVampireBiteEligibility.test.ts"
"srd-5.1:vampire-vampire","吸血鬼（本体形态）","vampire-vampire","actions","unarmed-strike","徒手打击","weapon-attack","complex","headless","headless","verified-full","","src/rulesets/dnd5e/monsterCatalogMultiattackBatch.test.ts | src/rulesets/dnd5e/monsterCombatActionCoverageBatch.test.ts | src/rulesets/dnd5e/monsterCurseVariantMultiattack.test.ts | src/rulesets/dnd5e/monsters.test.ts | src/rulesets/dnd5e/monsterVampireBiteEligibility.test.ts"
"srd-5.1:vampire-vampire","吸血鬼（本体形态）","vampire-vampire","actions","bite","啃咬","weapon-attack","complex","headless","headless","verified-full","","src/rulesets/dnd5e/monsterCatalogMultiattackBatch.test.ts | src/rulesets/dnd5e/monsterCombatActionCoverageBatch.test.ts | src/rulesets/dnd5e/monsterCurseVariantMultiattack.test.ts | src/rulesets/dnd5e/monsterHitPointMaximumReduction.test.ts | src/rulesets/dnd5e/monsterResourceActions.test.ts | src/rulesets/dnd5e/monsters.test.ts | src/rulesets/dnd5e/monsterVampireBiteEligibility.test.ts | src/store/characterTokenPresentation.test.ts"
"srd-5.1:vampire-vampire","吸血鬼（本体形态）","vampire-vampire","actions","charm","魅惑","other","complex","headless","headless","verified-full","","src/rulesets/dnd5e/monsterCombatActionCoverageBatch.test.ts | src/rulesets/dnd5e/monsterResourceActions.test.ts | src/store/characterTokenPresentation.test.ts"
"srd-5.1:vampire-vampire","吸血鬼（本体形态）","vampire-vampire","actions","children-of-the-night","夜之子嗣","other","complex","dm-adjudication","dm-adjudication","manual","原文骰池 2d4 未进入结构 | 原文骰池 3d6 未进入结构 | 原文骰池 1d4 未进入结构",""
"srd-5.1:vampire-vampire","吸血鬼（本体形态）","vampire-vampire","actions","unarmed-strike-grapple","徒手打击 (Grapple)","weapon-attack","complex","headless","headless","verified-full","","src/rulesets/dnd5e/monsterVampireBiteEligibility.test.ts"
"srd-5.1:vampire-vampire","吸血鬼（本体形态）","vampire-vampire","actions","multiattack-unarmed-strike-and-bite","多重攻击：徒手打击 ×2","multiattack","complex","headless","headless","verified-full","","src/rulesets/dnd5e/monsterCatalogMultiattackBatch.test.ts | src/rulesets/dnd5e/monsterVampireBiteEligibility.test.ts"
"srd-5.1:vampire-vampire","吸血鬼（本体形态）","vampire-vampire","actions","multiattack-unarmed-strike-and-grapple","多重攻击：徒手打击 ×2","multiattack","complex","headless","headless","verified-full","","src/rulesets/dnd5e/monsterComplexActionContracts.test.ts"
"srd-5.1:vampire-vampire","吸血鬼（本体形态）","vampire-vampire","actions","multiattack-grapple-and-unarmed-strike","多重攻击：unarmed-strike-grapple ×2","multiattack","complex","headless","headless","verified-full","","src/rulesets/dnd5e/monsterComplexActionContracts.test.ts"
"srd-5.1:vampire-vampire","吸血鬼（本体形态）","vampire-vampire","actions","multiattack-unarmed-grapples","多重攻击：unarmed-strike-grapple ×2","multiattack","complex","headless","headless","verified-full","","src/rulesets/dnd5e/monsterComplexActionContracts.test.ts"
"srd-5.1:vampire-vampire","吸血鬼（本体形态）","vampire-vampire","actions","multiattack-unarmed-grapple-and-bite","多重攻击：unarmed-strike-grapple ×2","multiattack","complex","headless","headless","verified-full","","src/rulesets/dnd5e/monsterVampireBiteEligibility.test.ts"
"srd-5.1:vampire-vampire","吸血鬼（本体形态）","vampire-vampire","legendaryActions","move","移动","other","complex","headless","headless","verified-full","","src/rulesets/dnd5e/monsterCombatActionCoverageBatch.test.ts | src/rulesets/dnd5e/monsterResourceActions.test.ts | src/rulesets/dnd5e/monsters.test.ts"
"srd-5.1:vampire-vampire","吸血鬼（本体形态）","vampire-vampire","legendaryActions","legendary-unarmed-strike","徒手打击","other","complex","headless","headless","verified-full","","src/rulesets/dnd5e/monsterCombatActionCoverageBatch.test.ts | src/rulesets/dnd5e/monsters.test.ts"
"srd-5.1:vampire-vampire","吸血鬼（本体形态）","vampire-vampire","legendaryActions","legendary-bite-costs-2-actions","啃咬（消耗 2 动作）","other","complex","headless","headless","verified-full","","src/rulesets/dnd5e/monsterCombatActionCoverageBatch.test.ts | src/rulesets/dnd5e/monsterResourceActions.test.ts | src/rulesets/dnd5e/monsters.test.ts"
"srd-5.1:veteran","老兵","veteran","actions","multiattack","多重攻击","multiattack","complex","dm-adjudication","dm-adjudication","manual","","src/rulesets/dnd5e/monsterCatalogMultiattackBatch.test.ts | src/rulesets/dnd5e/monsters.test.ts"
"srd-5.1:veteran","老兵","veteran","actions","longsword","长剑","weapon-attack","simple-attack","dm-adjudication","dm-adjudication","manual","原文骰池 1d10+3 未进入结构","src/rulesets/dnd5e/monsterCatalogMultiattackBatch.test.ts | src/rulesets/dnd5e/monsters.test.ts"
"srd-5.1:veteran","老兵","veteran","actions","shortsword","短剑","weapon-attack","simple-attack","headless","headless","verified-full","","src/rulesets/dnd5e/monsterCatalogMultiattackBatch.test.ts | src/rulesets/dnd5e/monsters.test.ts | src/store/characterTokenPresentation.test.ts"
"srd-5.1:veteran","老兵","veteran","actions","heavy-crossbow","重弩","weapon-attack","simple-attack","headless","headless","verified-full","","src/store/characterTokenPresentation.test.ts"
"srd-5.1:violet-fungus","紫罗兰蕈","violet-fungus","actions","multiattack","多重攻击","multiattack","complex","headless","headless","verified-full","","src/lib/enemyAi.test.ts | src/rulesets/dnd5e/monsterAttackAction.test.ts | src/rulesets/dnd5e/monsterRandomRepeatMultiattack.test.ts"
"srd-5.1:violet-fungus","紫罗兰蕈","violet-fungus","actions","rotting-touch","腐烂之触","weapon-attack","simple-attack","headless","headless","verified-full","","src/rulesets/dnd5e/monsterRandomRepeatMultiattack.test.ts | src/store/characterTokenPresentation.test.ts"
"srd-5.1:vrock","弗洛魔","vrock","actions","multiattack","多重攻击","multiattack","complex","headless","headless","verified-full","","src/rulesets/dnd5e/monsterComplexActionContracts.test.ts"
"srd-5.1:vrock","弗洛魔","vrock","actions","beak","喙击","weapon-attack","simple-attack","headless","headless","verified-full","","src/store/characterTokenPresentation.test.ts"
"srd-5.1:vrock","弗洛魔","vrock","actions","talons","利爪","weapon-attack","simple-attack","headless","headless","verified-full","","src/store/characterTokenPresentation.test.ts"
"srd-5.1:vrock","弗洛魔","vrock","actions","spores","孢子","other","complex","headless","headless","verified-full","","src/rulesets/dnd5e/monsterCombatActionCoverageBatch.test.ts"
"srd-5.1:vrock","弗洛魔","vrock","actions","stunning-screech","震慑尖啸","other","complex","headless","headless","verified-full","","src/rulesets/dnd5e/monsterStructuredSpecialActionBatch.test.ts"
"srd-5.1:vulture","秃鹫","vulture","actions","beak","喙击","weapon-attack","simple-attack","headless","headless","verified-full","","src/store/characterTokenPresentation.test.ts"
"srd-5.1:warhorse","战马","warhorse","actions","hooves","蹄击","weapon-attack","simple-attack","headless","headless","verified-full","","src/rulesets/dnd5e/monsterCatalogAttackTraitRuntime.test.ts | src/store/characterTokenPresentation.test.ts"
"srd-5.1:warhorse","战马","warhorse","bonusActions","trampling-hooves-bonus-action","践踏冲锋：蹄击","weapon-attack","complex","headless","headless","verified-full","","src/rulesets/dnd5e/monsterCatalogAttackTraitRuntime.test.ts"
"srd-5.1:warhorse-skeleton","战马骷髅","warhorse-skeleton","actions","hooves","蹄击","weapon-attack","simple-attack","headless","headless","verified-full","","src/store/characterTokenPresentation.test.ts"
"srd-5.1:water-elemental","水元素","water-elemental","actions","multiattack","多重攻击","multiattack","complex","headless","headless","verified-full","","src/rulesets/dnd5e/monsterComplexActionContracts.test.ts"
"srd-5.1:water-elemental","水元素","water-elemental","actions","slam","猛击","weapon-attack","simple-attack","headless","headless","verified-full","","src/store/characterTokenPresentation.test.ts"
"srd-5.1:water-elemental","水元素","water-elemental","actions","whelm","压倒","other","complex","dm-adjudication","dm-adjudication","manual","原文骰池 2d8+4 未进入结构 | 原文包含豁免，但动作无结构化豁免 | 原文包含状态/擒抱附效，但无结构化附效 | 原文包含逃脱 DC，但结构未声明逃脱","src/store/characterTokenPresentation.test.ts"
"srd-5.1:weasel","鼬","weasel","actions","bite","啃咬","weapon-attack","simple-attack","headless","headless","verified-full","","src/rulesets/dnd5e/monsters.test.ts | src/store/characterTokenPresentation.test.ts"
"srd-5.1:werebear-bear","熊人（熊形态）","werebear-bear","actions","multiattack","多重攻击","multiattack","complex","headless","headless","verified-full","","src/rulesets/dnd5e/monsterCatalogMultiattackBatch.test.ts | src/rulesets/dnd5e/monsterHeadlessCoverage.test.ts"
"srd-5.1:werebear-bear","熊人（熊形态）","werebear-bear","actions","bite","啃咬","weapon-attack","complex","headless","headless","verified-full","","src/rulesets/dnd5e/monsterCatalogMultiattackBatch.test.ts | src/rulesets/dnd5e/monsterPrimarySettlementBatch.test.ts | src/store/characterTokenPresentation.test.ts"
"srd-5.1:werebear-bear","熊人（熊形态）","werebear-bear","actions","claw","爪击","weapon-attack","simple-attack","headless","headless","verified-full","","src/rulesets/dnd5e/monsterCatalogMultiattackBatch.test.ts | src/rulesets/dnd5e/monsterHeadlessCoverage.test.ts | src/rulesets/dnd5e/monsterPrimarySettlementBatch.test.ts | src/store/characterTokenPresentation.test.ts"
"srd-5.1:werebear-human","熊人（人类形态）","werebear-human","actions","multiattack","多重攻击","multiattack","complex","headless","headless","verified-full","","src/rulesets/dnd5e/monsterCatalogMultiattackBatch.test.ts | src/rulesets/dnd5e/monsterHeadlessCoverage.test.ts"
"srd-5.1:werebear-human","熊人（人类形态）","werebear-human","actions","greataxe","巨斧","weapon-attack","simple-attack","headless","headless","verified-full","","src/rulesets/dnd5e/monsterCatalogMultiattackBatch.test.ts | src/store/characterTokenPresentation.test.ts"
"srd-5.1:werebear-hybrid","熊人（混合形态）","werebear-hybrid","actions","multiattack","多重攻击","multiattack","complex","headless","headless","verified-full","","src/rulesets/dnd5e/monsterCatalogMultiattackBatch.test.ts | src/rulesets/dnd5e/monsterHeadlessCoverage.test.ts"
"srd-5.1:werebear-hybrid","熊人（混合形态）","werebear-hybrid","actions","bite","啃咬","weapon-attack","complex","headless","headless","verified-full","","src/rulesets/dnd5e/monsterCatalogMultiattackBatch.test.ts | src/rulesets/dnd5e/monsterPrimarySettlementBatch.test.ts | src/store/characterTokenPresentation.test.ts"
"srd-5.1:werebear-hybrid","熊人（混合形态）","werebear-hybrid","actions","claw","爪击","weapon-attack","simple-attack","headless","headless","verified-full","","src/rulesets/dnd5e/monsterCatalogMultiattackBatch.test.ts | src/rulesets/dnd5e/monsterHeadlessCoverage.test.ts | src/rulesets/dnd5e/monsterPrimarySettlementBatch.test.ts | src/store/characterTokenPresentation.test.ts"
"srd-5.1:werebear-hybrid","熊人（混合形态）","werebear-hybrid","actions","greataxe","巨斧","weapon-attack","simple-attack","headless","headless","verified-full","","src/rulesets/dnd5e/monsterCatalogMultiattackBatch.test.ts | src/store/characterTokenPresentation.test.ts"
"srd-5.1:werebear-hybrid","熊人（混合形态）","werebear-hybrid","actions","multiattack-greataxe","多重攻击：巨斧 ×2","multiattack","complex","headless","headless","verified-full","","src/rulesets/dnd5e/monsterCatalogMultiattackBatch.test.ts"
"srd-5.1:wereboar-boar","野猪人（野猪形态）","wereboar-boar","actions","tusks","双獠牙","weapon-attack","complex","headless","headless","verified-full","","src/rulesets/dnd5e/monsterPrimarySettlementBatch.test.ts"
"srd-5.1:wereboar-human","野猪人（人类形态）","wereboar-human","actions","multiattack","多重攻击","multiattack","complex","headless","headless","verified-full","","src/rulesets/dnd5e/monsterCatalogMultiattackBatch.test.ts | src/rulesets/dnd5e/monsterHeadlessCoverage.test.ts | src/rulesets/dnd5e/monsterRelentless.test.ts"
"srd-5.1:wereboar-human","野猪人（人类形态）","wereboar-human","actions","maul","巨锤","weapon-attack","simple-attack","headless","headless","verified-full","","src/rulesets/dnd5e/monsterCatalogMultiattackBatch.test.ts | src/store/characterTokenPresentation.test.ts"
"srd-5.1:wereboar-hybrid","野猪人（混合形态）","wereboar-hybrid","actions","multiattack","多重攻击","multiattack","complex","headless","headless","verified-full","","src/rulesets/dnd5e/monsterCatalogMultiattackBatch.test.ts | src/rulesets/dnd5e/monsterCurseVariantMultiattack.test.ts | src/rulesets/dnd5e/monsterHeadlessCoverage.test.ts | src/rulesets/dnd5e/monsterRelentless.test.ts"
"srd-5.1:wereboar-hybrid","野猪人（混合形态）","wereboar-hybrid","actions","maul","巨锤","weapon-attack","simple-attack","headless","headless","verified-full","","src/rulesets/dnd5e/monsterCatalogMultiattackBatch.test.ts | src/rulesets/dnd5e/monsterCurseVariantMultiattack.test.ts | src/store/characterTokenPresentation.test.ts"
"srd-5.1:wereboar-hybrid","野猪人（混合形态）","wereboar-hybrid","actions","tusks","双獠牙","weapon-attack","complex","headless","headless","verified-full","","src/rulesets/dnd5e/monsterCatalogMultiattackBatch.test.ts | src/rulesets/dnd5e/monsterCurseVariantMultiattack.test.ts"
"srd-5.1:wereboar-hybrid","野猪人（混合形态）","wereboar-hybrid","actions","multiattack-maul-and-tusks","多重攻击：巨锤 ×2","multiattack","complex","headless","headless","verified-full","","src/rulesets/dnd5e/monsterCatalogMultiattackBatch.test.ts | src/rulesets/dnd5e/monsterCurseVariantMultiattack.test.ts"
"srd-5.1:wererat-human","鼠人（人类形态）","wererat-human","actions","multiattack","多重攻击","multiattack","complex","headless","headless","verified-full","","src/rulesets/dnd5e/monsterCatalogMultiattackBatch.test.ts | src/rulesets/dnd5e/monsterHeadlessCoverage.test.ts"
"srd-5.1:wererat-human","鼠人（人类形态）","wererat-human","actions","shortsword","短剑","weapon-attack","simple-attack","headless","headless","verified-full","","src/rulesets/dnd5e/monsterCatalogMultiattackBatch.test.ts | src/store/characterTokenPresentation.test.ts"
"srd-5.1:wererat-human","鼠人（人类形态）","wererat-human","actions","hand-crossbow","手弩","weapon-attack","simple-attack","headless","headless","verified-full","","src/rulesets/dnd5e/monsterCatalogMultiattackBatch.test.ts"
"srd-5.1:wererat-human","鼠人（人类形态）","wererat-human","actions","multiattack-hand-crossbow","多重攻击：手弩 ×2","multiattack","complex","headless","headless","verified-full","","src/rulesets/dnd5e/monsterCatalogMultiattackBatch.test.ts"
"srd-5.1:wererat-hybrid","鼠人（混合形态）","wererat-hybrid","actions","multiattack","多重攻击","multiattack","complex","headless","headless","verified-full","","src/rulesets/dnd5e/monsterCatalogMultiattackBatch.test.ts | src/rulesets/dnd5e/monsterCurseVariantMultiattack.test.ts | src/rulesets/dnd5e/monsterHeadlessCoverage.test.ts"
"srd-5.1:wererat-hybrid","鼠人（混合形态）","wererat-hybrid","actions","bite","啃咬","weapon-attack","complex","headless","headless","verified-full","","src/rulesets/dnd5e/monsterCatalogMultiattackBatch.test.ts | src/rulesets/dnd5e/monsterCurseVariantMultiattack.test.ts | src/store/characterTokenPresentation.test.ts"
"srd-5.1:wererat-hybrid","鼠人（混合形态）","wererat-hybrid","actions","shortsword","短剑","weapon-attack","simple-attack","headless","headless","verified-full","","src/rulesets/dnd5e/monsterCatalogMultiattackBatch.test.ts | src/rulesets/dnd5e/monsterCurseVariantMultiattack.test.ts | src/store/characterTokenPresentation.test.ts"
"srd-5.1:wererat-hybrid","鼠人（混合形态）","wererat-hybrid","actions","hand-crossbow","手弩","weapon-attack","simple-attack","headless","headless","verified-full","","src/rulesets/dnd5e/monsterCatalogMultiattackBatch.test.ts"
"srd-5.1:wererat-hybrid","鼠人（混合形态）","wererat-hybrid","actions","multiattack-hand-crossbow","多重攻击：手弩 ×2","multiattack","complex","headless","headless","verified-full","","src/rulesets/dnd5e/monsterCatalogMultiattackBatch.test.ts"
"srd-5.1:wererat-hybrid","鼠人（混合形态）","wererat-hybrid","actions","multiattack-shortsword-and-hand-crossbow","多重攻击：短剑 ×2","multiattack","complex","headless","headless","verified-full","","src/rulesets/dnd5e/monsterCatalogMultiattackBatch.test.ts"
"srd-5.1:wererat-hybrid","鼠人（混合形态）","wererat-hybrid","actions","multiattack-shortsword-and-bite","多重攻击：短剑 ×2","multiattack","complex","headless","headless","verified-full","","src/rulesets/dnd5e/monsterCatalogMultiattackBatch.test.ts | src/rulesets/dnd5e/monsterCurseVariantMultiattack.test.ts"
"srd-5.1:wererat-hybrid","鼠人（混合形态）","wererat-hybrid","actions","multiattack-hand-crossbow-and-bite","多重攻击：手弩 ×2","multiattack","complex","headless","headless","verified-full","","src/rulesets/dnd5e/monsterCatalogMultiattackBatch.test.ts"
"srd-5.1:wererat-rat","鼠人（巨鼠形态）","wererat-rat","actions","bite","啃咬","weapon-attack","complex","headless","headless","verified-full","","src/rulesets/dnd5e/monsterPrimarySettlementBatch.test.ts | src/store/characterTokenPresentation.test.ts"
"srd-5.1:weretiger-human","虎人（人类形态）","weretiger-human","actions","multiattack","多重攻击","multiattack","complex","headless","headless","verified-full","","src/rulesets/dnd5e/monsterCatalogMultiattackBatch.test.ts | src/rulesets/dnd5e/monsterHeadlessCoverage.test.ts"
"srd-5.1:weretiger-human","虎人（人类形态）","weretiger-human","actions","scimitar","弯刀","weapon-attack","simple-attack","headless","headless","verified-full","","src/rulesets/dnd5e/monsterCatalogMultiattackBatch.test.ts | src/store/characterTokenPresentation.test.ts"
"srd-5.1:weretiger-human","虎人（人类形态）","weretiger-human","actions","longbow","长弓","weapon-attack","simple-attack","headless","headless","verified-full","","src/rulesets/dnd5e/monsterCatalogMultiattackBatch.test.ts | src/store/characterTokenPresentation.test.ts"
"srd-5.1:weretiger-human","虎人（人类形态）","weretiger-human","actions","multiattack-longbow","多重攻击：长弓 ×2","multiattack","complex","headless","headless","verified-full","","src/rulesets/dnd5e/monsterCatalogMultiattackBatch.test.ts"
"srd-5.1:weretiger-hybrid","虎人（混合形态）","weretiger-hybrid","actions","multiattack","多重攻击","multiattack","complex","headless","headless","verified-full","","src/rulesets/dnd5e/monsterCatalogAttackTraitRuntime.test.ts | src/rulesets/dnd5e/monsterCatalogMultiattackBatch.test.ts | src/rulesets/dnd5e/monsterHeadlessCoverage.test.ts"
"srd-5.1:weretiger-hybrid","虎人（混合形态）","weretiger-hybrid","actions","bite","啃咬","weapon-attack","complex","headless","headless","verified-full","","src/rulesets/dnd5e/monsterCatalogAttackTraitRuntime.test.ts | src/rulesets/dnd5e/monsterCatalogMultiattackBatch.test.ts | src/rulesets/dnd5e/monsterPrimarySettlementBatch.test.ts | src/store/characterTokenPresentation.test.ts"
"srd-5.1:weretiger-hybrid","虎人（混合形态）","weretiger-hybrid","actions","claw","爪击","weapon-attack","simple-attack","headless","headless","verified-full","","src/rulesets/dnd5e/monsterCatalogAttackTraitRuntime.test.ts | src/rulesets/dnd5e/monsterCatalogMultiattackBatch.test.ts | src/rulesets/dnd5e/monsterHeadlessCoverage.test.ts | src/rulesets/dnd5e/monsterPrimarySettlementBatch.test.ts | src/store/characterTokenPresentation.test.ts"
"srd-5.1:weretiger-hybrid","虎人（混合形态）","weretiger-hybrid","actions","scimitar","弯刀","weapon-attack","simple-attack","headless","headless","verified-full","","src/rulesets/dnd5e/monsterCatalogMultiattackBatch.test.ts | src/store/characterTokenPresentation.test.ts"
"srd-5.1:weretiger-hybrid","虎人（混合形态）","weretiger-hybrid","actions","longbow","长弓","weapon-attack","simple-attack","headless","headless","verified-full","","src/rulesets/dnd5e/monsterCatalogMultiattackBatch.test.ts | src/store/characterTokenPresentation.test.ts"
"srd-5.1:weretiger-hybrid","虎人（混合形态）","weretiger-hybrid","actions","multiattack-scimitar","多重攻击：弯刀 ×2","multiattack","complex","headless","headless","verified-full","","src/rulesets/dnd5e/monsterCatalogMultiattackBatch.test.ts"
"srd-5.1:weretiger-hybrid","虎人（混合形态）","weretiger-hybrid","actions","multiattack-longbow","多重攻击：长弓 ×2","multiattack","complex","headless","headless","verified-full","","src/rulesets/dnd5e/monsterCatalogMultiattackBatch.test.ts"
"srd-5.1:weretiger-hybrid","虎人（混合形态）","weretiger-hybrid","bonusActions","pounce-bite-bonus-action","猛扑：啃咬","weapon-attack","complex","headless","headless","verified-full","","src/rulesets/dnd5e/monsterCatalogAttackTraitRuntime.test.ts"
"srd-5.1:weretiger-tiger","虎人（虎形态）","weretiger-tiger","actions","bite","啃咬","weapon-attack","complex","headless","headless","verified-full","","src/rulesets/dnd5e/monsterCatalogAttackTraitRuntime.test.ts | src/rulesets/dnd5e/monsterPrimarySettlementBatch.test.ts | src/store/characterTokenPresentation.test.ts"
"srd-5.1:weretiger-tiger","虎人（虎形态）","weretiger-tiger","actions","claw","爪击","weapon-attack","simple-attack","headless","headless","verified-full","","src/rulesets/dnd5e/monsterCatalogAttackTraitRuntime.test.ts | src/rulesets/dnd5e/monsterHeadlessCoverage.test.ts | src/rulesets/dnd5e/monsterPrimarySettlementBatch.test.ts | src/store/characterTokenPresentation.test.ts"
"srd-5.1:weretiger-tiger","虎人（虎形态）","weretiger-tiger","bonusActions","pounce-bite-bonus-action","猛扑：啃咬","weapon-attack","complex","headless","headless","verified-full","","src/rulesets/dnd5e/monsterCatalogAttackTraitRuntime.test.ts"
"srd-5.1:werewolf-human","狼人（人类形态）","werewolf-human","actions","multiattack","多重攻击","multiattack","complex","headless","headless","verified-full","","src/rulesets/dnd5e/monsterCatalogFixedChildActions.test.ts | src/rulesets/dnd5e/monsterCatalogMultiattackBatch.test.ts | src/rulesets/dnd5e/monsterHeadlessCoverage.test.ts"
"srd-5.1:werewolf-human","狼人（人类形态）","werewolf-human","actions","spear","长矛","weapon-attack","simple-attack","headless","headless","verified-full","","src/rulesets/dnd5e/monsterCatalogFixedChildActions.test.ts | src/rulesets/dnd5e/monsterCatalogMultiattackBatch.test.ts | src/store/characterTokenPresentation.test.ts"
"srd-5.1:werewolf-human","狼人（人类形态）","werewolf-human","actions","spear-two-handed","长矛（双手近战）","weapon-attack","simple-attack","headless","headless","verified-full","","src/rulesets/dnd5e/monsterCatalogFixedChildActions.test.ts"
"srd-5.1:werewolf-human","狼人（人类形态）","werewolf-human","actions","multiattack-spears-ranged","多重攻击：长矛 ×2","multiattack","complex","headless","headless","verified-full","","src/rulesets/dnd5e/monsterCatalogFixedChildActions.test.ts | src/rulesets/dnd5e/monsterCatalogMultiattackBatch.test.ts"
"srd-5.1:werewolf-hybrid","狼人（混合形态）","werewolf-hybrid","actions","multiattack","多重攻击","multiattack","complex","headless","headless","verified-full","","src/rulesets/dnd5e/monsterCatalogMultiattackBatch.test.ts | src/rulesets/dnd5e/monsterCurseVariantMultiattack.test.ts | src/rulesets/dnd5e/monsterHeadlessCoverage.test.ts | src/rulesets/dnd5e/monsterTurnPlanner.test.ts"
"srd-5.1:werewolf-hybrid","狼人（混合形态）","werewolf-hybrid","actions","bite","啃咬","weapon-attack","complex","headless","headless","verified-full","","src/rulesets/dnd5e/monsterCatalogMultiattackBatch.test.ts | src/rulesets/dnd5e/monsterCurseVariantMultiattack.test.ts | src/rulesets/dnd5e/monsterTurnPlanner.test.ts | src/store/characterTokenPresentation.test.ts"
"srd-5.1:werewolf-hybrid","狼人（混合形态）","werewolf-hybrid","actions","claws","双爪","weapon-attack","simple-attack","headless","headless","verified-full","","src/rulesets/dnd5e/monsterCatalogMultiattackBatch.test.ts | src/rulesets/dnd5e/monsterCurseVariantMultiattack.test.ts | src/rulesets/dnd5e/monsterTurnPlanner.test.ts | src/store/characterTokenPresentation.test.ts"
"srd-5.1:werewolf-wolf","狼人（狼形态）","werewolf-wolf","actions","bite","啃咬","weapon-attack","complex","headless","headless","verified-full","","src/rulesets/dnd5e/monsterPrimarySettlementBatch.test.ts | src/store/characterTokenPresentation.test.ts"
"srd-5.1:white-dragon-wyrmling","白龙雏龙","white-dragon-wyrmling","actions","bite","啃咬","weapon-attack","simple-attack","headless","headless","verified-full","","src/rulesets/dnd5e/monsters.test.ts | src/store/characterTokenPresentation.test.ts"
"srd-5.1:white-dragon-wyrmling","白龙雏龙","white-dragon-wyrmling","actions","cold-breath","寒冰吐息","other","complex","headless","headless","verified-full","","src/rulesets/dnd5e/monsters.test.ts | src/store/characterTokenPresentation.test.ts"
"srd-5.1:wight","尸鬼","wight","actions","multiattack","多重攻击","multiattack","complex","headless","headless","verified-full","","src/rulesets/dnd5e/monsterCatalogFixedChildActions.test.ts | src/rulesets/dnd5e/monsterCatalogMultiattackBatch.test.ts | src/rulesets/dnd5e/monsterHeadlessCoverage.test.ts"
"srd-5.1:wight","尸鬼","wight","actions","life-drain","生命吸取","weapon-attack","complex","headless","headless","verified-full","","src/rulesets/dnd5e/monsterCatalogFixedChildActions.test.ts | src/rulesets/dnd5e/monsterCatalogMultiattackBatch.test.ts | src/rulesets/dnd5e/monsterHitPointMaximumReduction.test.ts | src/store/characterTokenPresentation.test.ts"
"srd-5.1:wight","尸鬼","wight","actions","longsword","长剑","weapon-attack","simple-attack","headless","headless","verified-full","","src/rulesets/dnd5e/monsterCatalogFixedChildActions.test.ts | src/rulesets/dnd5e/monsterCatalogMultiattackBatch.test.ts"
"srd-5.1:wight","尸鬼","wight","actions","longbow","长弓","weapon-attack","simple-attack","headless","headless","verified-full","","src/rulesets/dnd5e/monsterCatalogFixedChildActions.test.ts | src/rulesets/dnd5e/monsterCatalogMultiattackBatch.test.ts | src/store/characterTokenPresentation.test.ts"
"srd-5.1:wight","尸鬼","wight","actions","longsword-two-handed","长剑（双手）","weapon-attack","simple-attack","headless","headless","verified-full","","src/rulesets/dnd5e/monsterCatalogFixedChildActions.test.ts"
"srd-5.1:wight","尸鬼","wight","actions","multiattack-longsword","多重攻击：长剑 ×2","multiattack","complex","headless","headless","verified-full","","src/rulesets/dnd5e/monsterCatalogFixedChildActions.test.ts | src/rulesets/dnd5e/monsterCatalogMultiattackBatch.test.ts"
"srd-5.1:wight","尸鬼","wight","actions","multiattack-life-drain-and-longsword","多重攻击：生命吸取 ×2","multiattack","complex","headless","headless","verified-full","","src/rulesets/dnd5e/monsterCatalogFixedChildActions.test.ts | src/rulesets/dnd5e/monsterCatalogMultiattackBatch.test.ts"
"srd-5.1:will-o-wisp","鬼火","will-o-wisp","actions","shock","电击","weapon-attack","simple-attack","headless","headless","verified-full","",""
"srd-5.1:will-o-wisp","鬼火","will-o-wisp","actions","invisibility","隐形","other","complex","headless","headless","verified-full","","src/rulesets/dnd5e/monsterCombatActionCoverageBatch.test.ts | src/rulesets/dnd5e/monsterTeleportInvisibility.test.ts | src/store/characterTokenPresentation.test.ts"
"srd-5.1:will-o-wisp","鬼火","will-o-wisp","actions","consume-life","Consume Life","other","complex","headless","headless","verified-full","","src/rulesets/dnd5e/monsterCombatActionCoverageBatch.test.ts | src/rulesets/dnd5e/monsterTeleportInvisibility.test.ts"
"srd-5.1:winter-wolf","冬狼","winter-wolf","actions","bite","啃咬","weapon-attack","complex","headless","headless","verified-full","","src/rulesets/dnd5e/monsterResourceActions.test.ts | src/rulesets/dnd5e/monsters.test.ts | src/rulesets/dnd5e/monsterTurnPlanner.test.ts | src/store/characterTokenPresentation.test.ts"
"srd-5.1:winter-wolf","冬狼","winter-wolf","actions","cold-breath","寒冰吐息","other","complex","headless","headless","verified-full","","src/rulesets/dnd5e/monsterResourceActions.test.ts | src/rulesets/dnd5e/monsters.test.ts | src/rulesets/dnd5e/monsterTurnPlanner.test.ts | src/store/characterTokenPresentation.test.ts"
"srd-5.1:wolf","狼","wolf","actions","bite","啃咬","weapon-attack","complex","headless","headless","verified-full","","src/lib/combatPresentation.test.ts | src/rulesets/dnd5e/activities/dnd5eActivityHeadlessAuthorityBridge.test.ts | src/rulesets/dnd5e/combatSimulation.test.ts | src/rulesets/dnd5e/genericCombatPrimitives.test.ts | src/rulesets/dnd5e/headlessCombatEngine.test.ts | src/rulesets/dnd5e/mapBridge.test.ts | src/rulesets/dnd5e/monsterAttackAction.test.ts | src/rulesets/dnd5e/monsterComplexPoisonOnHit.test.ts | src/rulesets/dnd5e/monsterGenericAbilities.test.ts | src/rulesets/dnd5e/monsterResourceActions.test.ts | src/rulesets/dnd5e/monsters.test.ts | src/rulesets/dnd5e/monsterTurnPlanner.test.ts | src/store/characterTokenPresentation.test.ts"
"srd-5.1:worg","座狼","worg","actions","bite","啃咬","weapon-attack","complex","headless","headless","verified-full","","src/rulesets/dnd5e/monsters.test.ts | src/store/characterTokenPresentation.test.ts"
"srd-5.1:wraith","缚灵","wraith","actions","life-drain","生命吸取","weapon-attack","complex","headless","headless","verified-full","","src/rulesets/dnd5e/monsterPrimarySettlementBatch.test.ts | src/store/characterTokenPresentation.test.ts"
"srd-5.1:wraith","缚灵","wraith","actions","create-specter","创造幽魂","other","complex","dm-adjudication","dm-adjudication","manual","",""
"srd-5.1:wyvern","双足飞龙","wyvern","actions","multiattack","多重攻击","multiattack","complex","headless","headless","verified-full","","src/rulesets/dnd5e/monsterCatalogMultiattackBatch.test.ts | src/rulesets/dnd5e/monsterMultiattackConstraints.test.ts | src/rulesets/dnd5e/monsters.test.ts"
"srd-5.1:wyvern","双足飞龙","wyvern","actions","bite","啃咬","weapon-attack","simple-attack","headless","headless","verified-full","","src/rulesets/dnd5e/monsterCatalogMultiattackBatch.test.ts | src/rulesets/dnd5e/monsterMultiattackConstraints.test.ts | src/rulesets/dnd5e/monsters.test.ts | src/store/characterTokenPresentation.test.ts"
"srd-5.1:wyvern","双足飞龙","wyvern","actions","claws","双爪","weapon-attack","simple-attack","headless","headless","verified-full","","src/rulesets/dnd5e/monsterCatalogMultiattackBatch.test.ts | src/rulesets/dnd5e/monsterMultiattackConstraints.test.ts | src/rulesets/dnd5e/monsters.test.ts | src/store/characterTokenPresentation.test.ts"
"srd-5.1:wyvern","双足飞龙","wyvern","actions","stinger","尾针","weapon-attack","complex","headless","headless","verified-full","","src/rulesets/dnd5e/monsterCatalogMultiattackBatch.test.ts | src/rulesets/dnd5e/monsters.test.ts"
"srd-5.1:wyvern","双足飞龙","wyvern","actions","multiattack-claws-and-stinger","多重攻击：双爪 ×2","multiattack","complex","headless","headless","verified-full","","src/rulesets/dnd5e/monsterCatalogMultiattackBatch.test.ts"
"srd-5.1:wyvern","双足飞龙","wyvern","actions","multiattack-bite-and-claws","多重攻击：啃咬 ×2","multiattack","complex","headless","headless","verified-full","","src/rulesets/dnd5e/monsterCatalogMultiattackBatch.test.ts | src/rulesets/dnd5e/monsterMultiattackConstraints.test.ts"
"srd-5.1:xorn","索尔石怪","xorn","actions","multiattack","多重攻击","multiattack","complex","headless","headless","verified-full","","src/rulesets/dnd5e/monsterComplexActionContracts.test.ts"
"srd-5.1:xorn","索尔石怪","xorn","actions","bite","啃咬","weapon-attack","simple-attack","headless","headless","verified-full","","src/store/characterTokenPresentation.test.ts"
"srd-5.1:xorn","索尔石怪","xorn","actions","claw","爪击","weapon-attack","simple-attack","headless","headless","verified-full","","src/store/characterTokenPresentation.test.ts"
"srd-5.1:young-black-dragon","青年黑龙","young-black-dragon","actions","multiattack","多重攻击","multiattack","complex","headless","headless","verified-full","","src/rulesets/dnd5e/monsters.test.ts"
"srd-5.1:young-black-dragon","青年黑龙","young-black-dragon","actions","bite","啃咬","weapon-attack","simple-attack","headless","headless","verified-full","","src/rulesets/dnd5e/monsters.test.ts | src/store/characterTokenPresentation.test.ts"
"srd-5.1:young-black-dragon","青年黑龙","young-black-dragon","actions","claw","爪击","weapon-attack","simple-attack","headless","headless","verified-full","","src/rulesets/dnd5e/monsters.test.ts | src/store/characterTokenPresentation.test.ts"
"srd-5.1:young-black-dragon","青年黑龙","young-black-dragon","actions","acid-breath","强酸吐息","other","complex","headless","headless","verified-full","","src/rulesets/dnd5e/monsters.test.ts"
"srd-5.1:young-blue-dragon","青年蓝龙","young-blue-dragon","actions","multiattack","多重攻击","multiattack","complex","headless","headless","verified-full","","src/rulesets/dnd5e/monsters.test.ts | src/rulesets/dnd5e/monsterTurnPlanner.test.ts"
"srd-5.1:young-blue-dragon","青年蓝龙","young-blue-dragon","actions","bite","啃咬","weapon-attack","simple-attack","headless","headless","verified-full","","src/rulesets/dnd5e/monsters.test.ts | src/rulesets/dnd5e/monsterTurnPlanner.test.ts | src/store/characterTokenPresentation.test.ts"
"srd-5.1:young-blue-dragon","青年蓝龙","young-blue-dragon","actions","claw","爪击","weapon-attack","simple-attack","headless","headless","verified-full","","src/rulesets/dnd5e/monsters.test.ts | src/rulesets/dnd5e/monsterTurnPlanner.test.ts | src/store/characterTokenPresentation.test.ts"
"srd-5.1:young-blue-dragon","青年蓝龙","young-blue-dragon","actions","lightning-breath","闪电吐息","other","complex","headless","headless","verified-full","","src/rulesets/dnd5e/monsters.test.ts | src/rulesets/dnd5e/monsterTurnPlanner.test.ts"
"srd-5.1:young-brass-dragon","青年黄铜龙","young-brass-dragon","actions","multiattack","多重攻击","multiattack","complex","headless","headless","verified-full","","src/rulesets/dnd5e/monsters.test.ts"
"srd-5.1:young-brass-dragon","青年黄铜龙","young-brass-dragon","actions","bite","啃咬","weapon-attack","simple-attack","headless","headless","verified-full","","src/rulesets/dnd5e/monsters.test.ts | src/store/characterTokenPresentation.test.ts"
"srd-5.1:young-brass-dragon","青年黄铜龙","young-brass-dragon","actions","claw","爪击","weapon-attack","simple-attack","headless","headless","verified-full","","src/rulesets/dnd5e/monsters.test.ts | src/store/characterTokenPresentation.test.ts"
"srd-5.1:young-brass-dragon","青年黄铜龙","young-brass-dragon","actions","breath-weapons","吐息武器","other","complex","headless","headless","verified-full","","src/rulesets/dnd5e/monsters.test.ts"
"srd-5.1:young-bronze-dragon","青年青铜龙","young-bronze-dragon","actions","multiattack","多重攻击","multiattack","complex","headless","headless","verified-full","","src/rulesets/dnd5e/monsterHeadlessCoverage.test.ts | src/rulesets/dnd5e/monsters.test.ts"
"srd-5.1:young-bronze-dragon","青年青铜龙","young-bronze-dragon","actions","bite","啃咬","weapon-attack","simple-attack","headless","headless","verified-full","","src/rulesets/dnd5e/monsters.test.ts | src/store/characterTokenPresentation.test.ts"
"srd-5.1:young-bronze-dragon","青年青铜龙","young-bronze-dragon","actions","claw","爪击","weapon-attack","simple-attack","headless","headless","verified-full","","src/rulesets/dnd5e/monsterHeadlessCoverage.test.ts | src/rulesets/dnd5e/monsters.test.ts | src/store/characterTokenPresentation.test.ts"
"srd-5.1:young-bronze-dragon","青年青铜龙","young-bronze-dragon","actions","breath-weapons","吐息武器","other","complex","headless","headless","verified-full","","src/rulesets/dnd5e/monsterHeadlessCoverage.test.ts | src/rulesets/dnd5e/monsters.test.ts"
"srd-5.1:young-copper-dragon","青年赤铜龙","young-copper-dragon","actions","multiattack","多重攻击","multiattack","complex","headless","headless","verified-full","","src/rulesets/dnd5e/monsterHeadlessCoverage.test.ts | src/rulesets/dnd5e/monsters.test.ts"
"srd-5.1:young-copper-dragon","青年赤铜龙","young-copper-dragon","actions","bite","啃咬","weapon-attack","simple-attack","headless","headless","verified-full","","src/rulesets/dnd5e/monsters.test.ts | src/store/characterTokenPresentation.test.ts"
"srd-5.1:young-copper-dragon","青年赤铜龙","young-copper-dragon","actions","claw","爪击","weapon-attack","simple-attack","headless","headless","verified-full","","src/rulesets/dnd5e/monsterHeadlessCoverage.test.ts | src/rulesets/dnd5e/monsters.test.ts | src/store/characterTokenPresentation.test.ts"
"srd-5.1:young-copper-dragon","青年赤铜龙","young-copper-dragon","actions","breath-weapons","吐息武器","other","complex","headless","headless","verified-full","","src/rulesets/dnd5e/monsterHeadlessCoverage.test.ts | src/rulesets/dnd5e/monsters.test.ts"
"srd-5.1:young-gold-dragon","青年金龙","young-gold-dragon","actions","multiattack","多重攻击","multiattack","complex","headless","headless","verified-full","","src/rulesets/dnd5e/monsterHeadlessCoverage.test.ts | src/rulesets/dnd5e/monsters.test.ts"
"srd-5.1:young-gold-dragon","青年金龙","young-gold-dragon","actions","bite","啃咬","weapon-attack","simple-attack","headless","headless","verified-full","","src/rulesets/dnd5e/monsters.test.ts | src/store/characterTokenPresentation.test.ts"
"srd-5.1:young-gold-dragon","青年金龙","young-gold-dragon","actions","claw","爪击","weapon-attack","simple-attack","headless","headless","verified-full","","src/rulesets/dnd5e/monsterHeadlessCoverage.test.ts | src/rulesets/dnd5e/monsters.test.ts | src/store/characterTokenPresentation.test.ts"
"srd-5.1:young-gold-dragon","青年金龙","young-gold-dragon","actions","breath-weapons","吐息武器","other","complex","headless","headless","verified-full","","src/rulesets/dnd5e/monsterHeadlessCoverage.test.ts | src/rulesets/dnd5e/monsters.test.ts"
"srd-5.1:young-green-dragon","青年绿龙","young-green-dragon","actions","multiattack","多重攻击","multiattack","complex","headless","headless","verified-full","","src/rulesets/dnd5e/monsters.test.ts"
"srd-5.1:young-green-dragon","青年绿龙","young-green-dragon","actions","bite","啃咬","weapon-attack","simple-attack","headless","headless","verified-full","","src/rulesets/dnd5e/monsters.test.ts | src/store/characterTokenPresentation.test.ts"
"srd-5.1:young-green-dragon","青年绿龙","young-green-dragon","actions","claw","爪击","weapon-attack","simple-attack","headless","headless","verified-full","","src/rulesets/dnd5e/monsters.test.ts | src/store/characterTokenPresentation.test.ts"
"srd-5.1:young-green-dragon","青年绿龙","young-green-dragon","actions","poison-breath","毒气吐息","other","complex","headless","headless","verified-full","","src/rulesets/dnd5e/monsters.test.ts | src/store/characterTokenPresentation.test.ts"
"srd-5.1:young-red-dragon","青年红龙","young-red-dragon","actions","multiattack","多重攻击","multiattack","complex","headless","headless","verified-full","","src/rulesets/dnd5e/monsters.test.ts"
"srd-5.1:young-red-dragon","青年红龙","young-red-dragon","actions","bite","啃咬","weapon-attack","simple-attack","headless","headless","verified-full","","src/rulesets/dnd5e/monsters.test.ts | src/store/characterTokenPresentation.test.ts"
"srd-5.1:young-red-dragon","青年红龙","young-red-dragon","actions","claw","爪击","weapon-attack","simple-attack","headless","headless","verified-full","","src/rulesets/dnd5e/monsters.test.ts | src/store/characterTokenPresentation.test.ts"
"srd-5.1:young-red-dragon","青年红龙","young-red-dragon","actions","fire-breath","火焰吐息","other","complex","headless","headless","verified-full","","src/rulesets/dnd5e/monsters.test.ts"
"srd-5.1:young-silver-dragon","青年银龙","young-silver-dragon","actions","multiattack","多重攻击","multiattack","complex","headless","headless","verified-full","","src/rulesets/dnd5e/monsters.test.ts"
"srd-5.1:young-silver-dragon","青年银龙","young-silver-dragon","actions","bite","啃咬","weapon-attack","simple-attack","headless","headless","verified-full","","src/rulesets/dnd5e/monsters.test.ts | src/store/characterTokenPresentation.test.ts"
"srd-5.1:young-silver-dragon","青年银龙","young-silver-dragon","actions","claw","爪击","weapon-attack","simple-attack","headless","headless","verified-full","","src/rulesets/dnd5e/monsters.test.ts | src/store/characterTokenPresentation.test.ts"
"srd-5.1:young-silver-dragon","青年银龙","young-silver-dragon","actions","breath-weapons","吐息武器","other","complex","headless","headless","verified-full","","src/rulesets/dnd5e/monsters.test.ts"
"srd-5.1:young-white-dragon","青年白龙","young-white-dragon","actions","multiattack","多重攻击","multiattack","complex","headless","headless","verified-full","","src/rulesets/dnd5e/monsters.test.ts"
"srd-5.1:young-white-dragon","青年白龙","young-white-dragon","actions","bite","啃咬","weapon-attack","simple-attack","headless","headless","verified-full","","src/rulesets/dnd5e/monsters.test.ts | src/store/characterTokenPresentation.test.ts"
"srd-5.1:young-white-dragon","青年白龙","young-white-dragon","actions","claw","爪击","weapon-attack","simple-attack","headless","headless","verified-full","","src/rulesets/dnd5e/monsters.test.ts | src/store/characterTokenPresentation.test.ts"
"srd-5.1:young-white-dragon","青年白龙","young-white-dragon","actions","cold-breath","寒冰吐息","other","complex","headless","headless","verified-full","","src/rulesets/dnd5e/monsters.test.ts | src/store/characterTokenPresentation.test.ts"
"srd-5.1:zombie","僵尸","zombie","actions","slam","猛击","weapon-attack","simple-attack","headless","headless","verified-full","","src/store/characterTokenPresentation.test.ts"
