id,name,englishName,level,implementation,declaredTarget,status,expectedSemantics,expectedCapabilities,semanticGaps,unprovenCapabilities,runtimeSpecializations,runtimeReferences,directTests
"acid-arrow","强酸箭","Acid Arrow","2","core-transaction","full","verified-full","spell-attack | damage | turn-trigger | slot-scaling","","","","","src/pages/maps/spellSettlementCoordinator.ts | src/rulesets/dnd5e/headlessCombatEngine.ts","src/lib/dnd5eActionIcons.test.ts | src/pages/maps/spellSettlementCoordinator.test.ts | src/rulesets/dnd5e/spellAction.test.ts"
"acid-splash","酸液飞溅","Acid Splash","0","core-transaction","full","verified-full","saving-throw | damage","","","","","src/pages/maps/spellSettlementCoordinator.ts","src/lib/combatPresentation.test.ts | src/lib/dnd5eActionIcons.test.ts | src/lib/sharedServerCore.test.ts | src/pages/maps/spellSettlementCoordinator.test.ts | src/rulesets/dnd5e/eldritchKnight.test.ts | src/rulesets/dnd5e/spellAction.test.ts"
"aid","援助术","Aid","2","audited-activity","full","verified-full","slot-scaling","max-hit-points | slot-scaling","","","","","src/rulesets/dnd5e/pluginSpellTransaction.test.ts"
"alarm","警报术","Alarm","1","audited-activity","full","verified-full","area | turn-trigger","persistent-area | event-trigger | notification","","","","","src/components/dm/dmCampaignStoryModel.test.ts | src/rulesets/dnd5e/activities/dnd5eCoreSpellActivities.test.ts | src/rulesets/dnd5e/pluginAreas.test.ts | src/rulesets/dnd5e/racialAutomation.test.ts"
"alter-self","变身术","Alter Self","2","audited-activity","partial","partial","damage | concentration | movement","mode-choice | stat-transform | illusory-content","原文要求 concentration，Activity 及专用运行时均无完整证据 | 原文要求 movement，Activity 及专用运行时均无完整证据","mode-choice","","","src/lib/dnd5eActionIcons.test.ts"
"animal-friendship","化兽为友","Animal Friendship","1","audited-activity","full","verified-full","saving-throw | condition","saving-throw | typed-target | condition-lifecycle","","","","src/rulesets/dnd5e/spellVisibility.ts","src/lib/dnd5eActionIcons.test.ts"
"animal-messenger","动物信使","Animal Messenger","2","audited-activity","partial","partial","slot-scaling","timed-delivery | semantic-destination | npc-response","","","slot-scaling","src/rulesets/dnd5e/spellVisibility.ts","src/lib/dnd5eActionIcons.test.ts"
"animal-shapes","动物形态","Animal Shapes","8","audited-activity","full","verified-full","healing | concentration","stat-transform | form-catalog | hit-point-handoff","","","form-catalog | hit-point-handoff","src/rulesets/dnd5e/activities/dnd5eActivityContracts.ts | src/rulesets/dnd5e/activities/dnd5eActivityExecutor.ts | src/rulesets/dnd5e/activities/dnd5eActivityValidation.ts | src/rulesets/dnd5e/headlessCombatEngine.ts | src/rulesets/dnd5e/spellVisibility.ts","src/rulesets/dnd5e/activities/dnd5eActivityHeadlessAuthorityBridge.test.ts"
"animate-dead","操纵死尸","Animate Dead","3","audited-activity","partial","partial","sustained-control | slot-scaling","summon-companion | material-targeting | dm-creature-choice","原文要求 sustained-control，Activity 及专用运行时均无完整证据 | 原文要求 slot-scaling，Activity 及专用运行时均无完整证据","","","","src/lib/dnd5eActionIcons.test.ts"
"animate-objects","活化物件","Animate Objects","5","audited-activity","partial","partial","concentration | movement | slot-scaling","summon-companion | world-object | dm-damage-type","原文要求 concentration，Activity 及专用运行时均无完整证据 | 原文要求 movement，Activity 及专用运行时均无完整证据 | 原文要求 slot-scaling，Activity 及专用运行时均无完整证据","world-object","","",""
"antilife-shell","防活物护罩","Antilife Shell","5","audited-activity","full","verified-full","concentration | area","persistent-area | typed-target | movement-blocking","","","","","src/lib/mapGeometry.test.ts | src/rulesets/dnd5e/activities/dnd5eCoreSpellActivities.test.ts | src/rulesets/dnd5e/pluginAreas.test.ts"
"antimagic-field","反魔法力场","Antimagic Field","8","audited-activity","partial","partial","concentration | area | condition | movement","persistent-area | magic-suppression | source-anchoring | movement-gap","原文要求 condition，Activity 及专用运行时均无完整证据","","","","src/rulesets/dnd5e/activeEffects.test.ts | src/rulesets/dnd5e/mapBridge.test.ts"
"antipathy-sympathy","嫌恶/关怀术","Antipathy/Sympathy","8","audited-activity","partial","partial","saving-throw | area | condition | turn-trigger","persistent-area | typed-target | semantic-creature-category","原文要求 condition，Activity 及专用运行时均无完整证据 | 原文要求 turn-trigger，Activity 及专用运行时均无完整证据","","","",""
"arcane-eye","秘法眼","Arcane Eye","4","audited-activity","full","verified-full","concentration | condition | movement","sensor-vision | entity-movement | darkvision","","","","","src/lib/dnd5eActionIcons.test.ts | src/lib/playerVision.test.ts | src/rulesets/dnd5e/activities/dnd5eActivityMapInteraction.test.ts | src/rulesets/dnd5e/activities/dnd5eCoreSpellActivities.test.ts"
"arcane-hand","奥术之手","Arcane Hand","5","audited-activity","full","verified-full","spell-attack | damage | concentration | condition | movement | sustained-control | slot-scaling","summon-companion | granted-activity | contested-check","","","summon-companion | contested-check","src/rulesets/dnd5e/spellVisibility.ts","src/rulesets/dnd5e/adjudicatedSpellAction.test.ts | src/rulesets/dnd5e/spellbook.test.ts | src/rulesets/dnd5e/spellCatalog.test.ts"
"arcane-lock","秘法锁","Arcane Lock","2","audited-activity","full","verified-full","","door-state | password-state | dispel-state","","","door-state | password-state | dispel-state","src/rulesets/dnd5e/activities/dnd5eActivityContracts.ts | src/rulesets/dnd5e/activities/dnd5eActivityExecutor.ts | src/rulesets/dnd5e/activities/dnd5eActivityMapInteraction.ts | src/rulesets/dnd5e/activities/dnd5eActivityValidation.ts | src/rulesets/dnd5e/spellMaterials.ts","src/lib/dnd5eActionIcons.test.ts | src/rulesets/dnd5e/activities/dnd5eActivityMapInteraction.test.ts | src/rulesets/dnd5e/activities/dnd5eCoreSpellActivities.test.ts | src/rulesets/dnd5e/mapInteraction.test.ts | src/rulesets/dnd5e/mapObjectState.test.ts"
"arcane-sword","奥术之剑","Arcane Sword","7","audited-activity","full","verified-full","spell-attack | damage | concentration | movement | sustained-control","summon-companion | granted-activity | spell-attack","","","summon-companion","src/rulesets/dnd5e/spellMaterials.ts | src/rulesets/dnd5e/spellVisibility.ts","src/rulesets/dnd5e/activities/dnd5eCoreSpellActivities.test.ts"
"arcanists-magic-aura","奥法师魔法灵光","Arcanist’s Magic Aura","2","audited-activity","partial","partial","","metadata-override | semantic-detection | long-term-state","","long-term-state","","","src/lib/dnd5eActionIcons.test.ts"
"astral-projection","星界投影","Astral Projection","9","audited-activity","partial","partial","condition | movement","planar-state | cross-scene | death-handoff","原文要求 condition，Activity 及专用运行时均无完整证据 | 原文要求 movement，Activity 及专用运行时均无完整证据","planar-state | death-handoff","","",""
"augury","卜筮术","Augury","2","none","manual","manual","","dm-response | future-information","","","","","src/rulesets/dnd5e/activities/dnd5eActivityExecutor.test.ts"
"awaken","启蒙术","Awaken","5","audited-activity","partial","partial","condition","ability-override | condition-lifecycle | npc-personality","","","","","src/rulesets/dnd5e/monsterSchema.test.ts"
"bane","灾祸术","Bane","1","core-transaction","full","verified-full","saving-throw | concentration | slot-scaling","","","","","src/pages/maps/dnd5eRollInterruptPipeline.ts | src/pages/maps/spellSettlementCoordinator.ts | src/rulesets/dnd5e/beginTurnAction.ts | src/rulesets/dnd5e/classFeatureAction.ts | src/rulesets/dnd5e/combatSimulation.ts | src/rulesets/dnd5e/endTurnAction.ts | src/rulesets/dnd5e/equipmentAttackAction.ts | src/rulesets/dnd5e/headlessCombatEngine.ts | src/rulesets/dnd5e/hunterMultiattackAction.ts | src/rulesets/dnd5e/monsterAttackAction.ts | src/rulesets/dnd5e/opportunityAttackAction.ts | src/rulesets/dnd5e/playerMoveAction.ts | src/rulesets/dnd5e/pluginAreaTransactions.ts | src/rulesets/dnd5e/spellAction.ts | src/rulesets/dnd5e/spellVisibility.ts","src/pages/maps/spellSettlementCoordinator.test.ts | src/rulesets/dnd5e/headlessCombatEngine.test.ts | src/rulesets/dnd5e/spellAction.test.ts"
"banishment","放逐术","Banishment","4","core-transaction","full","verified-full","saving-throw | concentration | condition | slot-scaling","","","","","src/pages/maps/spellSettlementCoordinator.ts | src/rulesets/dnd5e/headlessCombatEngine.ts | src/rulesets/dnd5e/monsterAdvancedAbilities.ts | src/rulesets/dnd5e/monsterTurnPlanner.ts | src/rulesets/dnd5e/spellVisibility.ts","src/pages/maps/spellSettlementCoordinator.test.ts | src/rulesets/dnd5e/activities/dnd5eCoreSpellActivities.test.ts | src/rulesets/dnd5e/headlessCombatEngine.test.ts | src/rulesets/dnd5e/monsterAdvancedAbilities.test.ts | src/rulesets/dnd5e/monsterCoreSpellAction.test.ts"
"barkskin","树肤术","Barkskin","2","core-transaction","full","verified-full","concentration","","","","","src/pages/maps/spellSettlementCoordinator.ts | src/rulesets/dnd5e/headlessCombatEngine.ts | src/rulesets/dnd5e/monsterAdvancedAbilities.ts | src/rulesets/dnd5e/monsterSupportCandidateGenerators.ts","src/lib/combatPresentation.test.ts | src/lib/sharedServerCore.test.ts | src/pages/maps/spellSettlementCoordinator.test.ts | src/rulesets/dnd5e/headlessCombatEngine.test.ts | src/rulesets/dnd5e/monsterAdvancedAbilities.test.ts | src/rulesets/dnd5e/monsterCoreSpellAction.test.ts"
"beacon-of-hope","希望信标","Beacon of Hope","3","audited-activity","full","verified-full","healing | concentration","saving-throw-modifier | maximum-healing | condition-immunity","","","condition-immunity","src/rulesets/dnd5e/activities/dnd5eActivityHeadlessCompiler.ts | src/rulesets/dnd5e/headlessCombatEngine.ts","src/lib/dnd5eActionIcons.test.ts | src/rulesets/dnd5e/headlessCombatEngine.test.ts"
"bestow-curse","降咒","Bestow Curse","3","audited-activity","partial","partial","saving-throw | damage | concentration | turn-trigger | slot-scaling","mode-choice | effect-modifier | open-ended-option","原文要求 concentration，Activity 及专用运行时均无完整证据 | 原文要求 turn-trigger，Activity 及专用运行时均无完整证据 | 原文要求 slot-scaling，Activity 及专用运行时均无完整证据","mode-choice","","","src/lib/dnd5eActionIcons.test.ts"
"black-tentacles","黑触手","Black Tentacles","4","core-transaction","full","verified-full","saving-throw | damage | concentration | condition","","","","saving-throw | damage | condition","src/rulesets/dnd5e/coreSpellAreas.ts | src/rulesets/dnd5e/coreSpellAreaVisuals.ts | src/rulesets/dnd5e/persistentAreaTypes.ts | src/rulesets/dnd5e/spellVisibility.ts | src/rulesets/dnd5e/verticalCombatGeometry.ts","src/lib/combatPresentation.test.ts | src/lib/dnd5eActionIcons.test.ts | src/pages/maps/spellSettlementCoordinator.test.ts | src/rulesets/dnd5e/coreSpellAreas.test.ts | src/rulesets/dnd5e/localContentCollection.test.ts | src/rulesets/dnd5e/spellAction.test.ts"
"blade-barrier","剑刃护壁","Blade Barrier","6","core-transaction","full","verified-full","saving-throw | half-on-save | damage | concentration | turn-trigger","","","","","src/pages/maps/spellSettlementCoordinator.ts | src/pages/maps/wallOfFireTargeting.ts | src/pages/maps/WallOfFireTargetingControls.tsx | src/rulesets/dnd5e/coreSpellAreas.ts | src/rulesets/dnd5e/coreSpellAreaVisuals.ts | src/rulesets/dnd5e/monsterAdvancedAbilities.ts | src/rulesets/dnd5e/monsterCoreSpellAction.ts | src/rulesets/dnd5e/persistentAreaPresentation.ts | src/rulesets/dnd5e/persistentAreaTypes.ts | src/rulesets/dnd5e/spellAction.ts | src/rulesets/dnd5e/spellbook.ts","src/lib/sharedServerCore.test.ts | src/pages/maps/spellSettlementCoordinator.test.ts | src/rulesets/dnd5e/combatPersistentSpellBatch.test.ts | src/rulesets/dnd5e/coreSpellAreas.test.ts | src/rulesets/dnd5e/persistentAreaPresentation.test.ts | src/rulesets/dnd5e/persistentAreaTypes.test.ts"
"bless","祝福术","Bless","1","core-transaction","full","verified-full","concentration | slot-scaling","","","","","src/pages/maps/dnd5eRollInterruptPipeline.ts | src/pages/maps/spellSettlementCoordinator.ts | src/rulesets/dnd5e/beginTurnAction.ts | src/rulesets/dnd5e/classFeatureAction.ts | src/rulesets/dnd5e/combatSimulation.ts | src/rulesets/dnd5e/endTurnAction.ts | src/rulesets/dnd5e/equipmentAttackAction.ts | src/rulesets/dnd5e/headlessCombatEngine.ts | src/rulesets/dnd5e/hunterMultiattackAction.ts | src/rulesets/dnd5e/monsterAttackAction.ts | src/rulesets/dnd5e/opportunityAttackAction.ts | src/rulesets/dnd5e/playerMoveAction.ts | src/rulesets/dnd5e/pluginAreaTransactions.ts | src/rulesets/dnd5e/spellAction.ts","src/lib/sharedServerCore.test.ts | src/pages/maps/combatStartTokenMarks.test.ts | src/pages/maps/dmWallOfFireRemoval.test.ts | src/pages/maps/flamingSphereConcentration.test.ts | src/pages/maps/spellSettlementCoordinator.test.ts | src/rulesets/dnd5e/activeEffectsHeadless.test.ts | src/rulesets/dnd5e/activities/dnd5eActivityExecutor.test.ts | src/rulesets/dnd5e/activities/dnd5eActivityHeadlessAuthorityBridge.test.ts | src/rulesets/dnd5e/classFeatureAction.test.ts | src/rulesets/dnd5e/headlessCombatEngine.test.ts | src/rulesets/dnd5e/monsterAdvancedAbilities.test.ts | src/rulesets/dnd5e/spellAction.test.ts"
"blight","枯萎术","Blight","4","core-transaction","full","verified-full","saving-throw | half-on-save | damage | slot-scaling","","","","","src/pages/maps/spellSettlementCoordinator.ts | src/rulesets/dnd5e/headlessCombatEngine.ts | src/rulesets/dnd5e/monsterAdvancedAbilities.ts | src/rulesets/dnd5e/spellAction.ts | src/rulesets/dnd5e/spellVisibility.ts","src/lib/combatPresentation.test.ts | src/pages/maps/spellSettlementCoordinator.test.ts | src/rulesets/dnd5e/headlessCombatEngine.test.ts | src/rulesets/dnd5e/monsterAdvancedAbilities.test.ts | src/rulesets/dnd5e/monsterHeadlessCoverage.test.ts"
"blindness-deafness","目盲/耳聋术","Blindness/Deafness","2","core-transaction","full","verified-full","saving-throw | condition | turn-trigger | slot-scaling","","","","turn-trigger","src/pages/maps/spellSettlementCoordinator.ts | src/rulesets/dnd5e/headlessCombatEngine.ts | src/rulesets/dnd5e/spellVisibility.ts","src/lib/combatPresentation.test.ts | src/lib/dnd5eActionIcons.test.ts | src/lib/sharedServerCore.test.ts | src/pages/maps/spellSettlementCoordinator.test.ts | src/rulesets/dnd5e/headlessCombatEngine.test.ts"
"blink","闪现术","Blink","3","audited-activity","full","verified-full","turn-trigger","random-table | planar-state | turn-trigger","","","random-table","src/rulesets/dnd5e/spellVisibility.ts","src/rulesets/dnd5e/activities/dnd5eActivityHeadlessAuthorityBridge.test.ts | src/rulesets/dnd5e/endTurnAction.test.ts"
"blur","朦胧术","Blur","2","core-transaction","full","verified-full","concentration","","","","","src/pages/maps/spellSettlementCoordinator.ts | src/rulesets/dnd5e/headlessCombatEngine.ts | src/rulesets/dnd5e/monsterAdvancedAbilities.ts | src/rulesets/dnd5e/monsterSupportCandidateGenerators.ts | src/rulesets/dnd5e/spellAction.ts","src/components/character/Dnd5eSpellbookPanel.test.tsx | src/components/map/Dnd5eActionIcon.test.tsx | src/components/map/tokenBorderFlow.test.ts | src/lib/combatPresentation.test.ts | src/lib/sharedServerCore.test.ts | src/pages/maps/spellSettlementCoordinator.test.ts | src/rulesets/dnd5e/equipmentAttackAction.test.ts | src/rulesets/dnd5e/monsterAdvancedAbilities.test.ts | src/rulesets/dnd5e/monsterCoreSpellAction.test.ts | src/rulesets/dnd5e/spellAction.test.ts"
"branding-smite","印记斩","Branding Smite","2","audited-activity","full","verified-full","damage | concentration | condition | slot-scaling","on-hit-rider | damage-scaling | visibility-effect","","","","","src/lib/dnd5eActionIcons.test.ts | src/presentation/maps/MapViewportLayer.test.ts | src/rulesets/dnd5e/activeEffects.test.ts | src/rulesets/dnd5e/pluginSpellTransaction.test.ts"
"burning-hands","燃烧之手","Burning Hands","1","core-transaction","full","verified-full","saving-throw | half-on-save | damage | area | slot-scaling","","","","","","src/components/map/combatSpellDamagePresentation.test.ts | src/lib/combatLogDetails.test.ts | src/lib/dnd5eActionIcons.test.ts | src/lib/sharedServerCore.test.ts | src/lib/vfxSequence.test.ts | src/pages/maps/aoeTargetingSession.test.ts | src/pages/maps/spellSettlementCoordinator.test.ts | src/rulesets/dnd5e/eldritchKnight.test.ts | src/rulesets/dnd5e/spellAction.test.ts | src/rulesets/dnd5e/spellbook.test.ts | src/rulesets/dnd5e/verticalCombatGeometry.test.ts"
"call-lightning","召雷术","Call Lightning","3","core-transaction","full","verified-full","saving-throw | half-on-save | damage | concentration | area | sustained-control | slot-scaling","","","","","src/rulesets/dnd5e/coreSpellAreas.ts | src/rulesets/dnd5e/coreSpellAreaVisuals.ts | src/rulesets/dnd5e/persistentAreaTypes.ts | src/rulesets/dnd5e/spellAction.ts | src/rulesets/dnd5e/spellbook.ts | src/rulesets/dnd5e/spellVisibility.ts | src/rulesets/dnd5e/sustainedSpellControls.ts","src/components/map/PlayerMapSpellHotbar.test.ts | src/lib/dnd5eActionIcons.test.ts | src/pages/maps/spellSettlementCoordinator.test.ts | src/rulesets/dnd5e/headlessCombatEngine.test.ts | src/rulesets/dnd5e/monsterParryHeadless.test.ts | src/rulesets/dnd5e/spellAction.test.ts | src/rulesets/dnd5e/spellbook.test.ts | src/rulesets/dnd5e/spellCatalog.test.ts | src/rulesets/dnd5e/spellPresentationCoverage.test.ts"
"calm-emotions","安定心神","Calm Emotions","2","audited-activity","partial","partial","saving-throw | concentration | area | condition","saving-throw | condition-suppression | semantic-hostility","原文要求 concentration，Activity 及专用运行时均无完整证据 | 原文要求 area，Activity 及专用运行时均无完整证据","","","","src/lib/dnd5eActionIcons.test.ts | src/pages/mapsPageHelpers.test.ts"
"chain-lightning","连锁闪电","Chain Lightning","6","core-transaction","full","verified-full","saving-throw | half-on-save | damage | slot-scaling","","","","","src/pages/maps/spellSettlementCoordinator.ts | src/rulesets/dnd5e/spellVisibility.ts","src/lib/combatPresentation.test.ts | src/pages/maps/spellSettlementCoordinator.test.ts | src/rulesets/dnd5e/spellAction.test.ts"
"charm-person","魅惑人类","Charm Person","1","core-transaction","full","verified-full","saving-throw | condition | slot-scaling","","","","","src/pages/maps/spellSettlementCoordinator.ts | src/rulesets/dnd5e/headlessCombatEngine.ts | src/rulesets/dnd5e/monsterAdvancedAbilities.ts | src/rulesets/dnd5e/monsterTurnPlanner.ts | src/rulesets/dnd5e/spellVisibility.ts","src/lib/combatPresentation.test.ts | src/lib/dnd5eActionIcons.test.ts | src/lib/sharedServerCore.test.ts | src/pages/maps/spellSettlementCoordinator.test.ts | src/rulesets/dnd5e/activeEffects.test.ts | src/rulesets/dnd5e/activeEffectsHeadless.test.ts | src/rulesets/dnd5e/airborneFallActionResolution.test.ts | src/rulesets/dnd5e/headlessCombatEngine.test.ts | src/rulesets/dnd5e/monsterCoreSpellAction.test.ts | src/rulesets/dnd5e/spellAction.test.ts"
"chill-touch","冻寒之触","Chill Touch","0","core-transaction","full","verified-full","spell-attack | damage | turn-trigger","","","","turn-trigger","src/pages/maps/spellSettlementCoordinator.ts | src/rulesets/dnd5e/headlessCombatEngine.ts","src/lib/combatPresentation.test.ts | src/lib/dnd5eActionIcons.test.ts | src/lib/vfxSequence.test.ts | src/pages/maps/spellSettlementCoordinator.test.ts | src/rulesets/dnd5e/headlessCombatEngine.test.ts | src/rulesets/dnd5e/spellPresentationCoverage.test.ts"
"circle-of-death","死亡法阵","Circle of Death","6","core-transaction","full","verified-full","saving-throw | half-on-save | damage | area | slot-scaling","","","","","src/rulesets/dnd5e/spellMaterials.ts","src/lib/combatPresentation.test.ts | src/pages/maps/spellSettlementCoordinator.test.ts | src/rulesets/dnd5e/spellAction.test.ts | src/rulesets/dnd5e/spellCatalog.test.ts"
"clairvoyance","鹰眼术","Clairvoyance","3","audited-activity","partial","partial","concentration | condition","sensor-vision | cross-scene | semantic-location","原文要求 concentration，Activity 及专用运行时均无完整证据 | 原文要求 condition，Activity 及专用运行时均无完整证据","","","",""
"clone","克隆术","Clone","8","audited-activity","full","verified-full","","long-term-state | death-handoff | body-snapshot","","","","","src/lib/aiJobProtocol.test.ts | src/lib/dnd5eMonsterTurnPlannerWorker.test.ts | src/lib/sharedServerCore.test.ts | src/pages/maps/settleDnd5eCombatResult.test.ts | src/rulesets/dnd5e/activeEffects.test.ts | src/rulesets/dnd5e/activities/dnd5eActivityMapInteraction.test.ts | src/rulesets/dnd5e/airborneFallActionResolution.test.ts | src/rulesets/dnd5e/declarativeSubclassAbility.test.ts | src/rulesets/dnd5e/equipment.test.ts | src/rulesets/dnd5e/equipmentAttackAction.test.ts | src/rulesets/dnd5e/headlessCombatEngine.test.ts | src/rulesets/dnd5e/mapBridge.test.ts | src/rulesets/dnd5e/mapInteraction.test.ts | src/rulesets/dnd5e/monsterComplexRelationMultiattacks.test.ts | src/rulesets/dnd5e/monsterConditionalCompositeChildren.test.ts | src/rulesets/dnd5e/monsterConditionalOnHitBatch.test.ts | src/rulesets/dnd5e/monsterDeathAreaRuntime.test.ts | src/rulesets/dnd5e/monsterHeadlessCoverage.test.ts | src/rulesets/dnd5e/monsterHealingTouch.test.ts | src/rulesets/dnd5e/monsterKrakenFling.test.ts | src/rulesets/dnd5e/monsterMummyRotMultiattack.test.ts | src/rulesets/dnd5e/monsterRelentless.test.ts | src/rulesets/dnd5e/monsterResourceActions.test.ts | src/rulesets/dnd5e/monsterSchema.test.ts | src/rulesets/dnd5e/monsterTeleportInvisibility.test.ts | src/rulesets/dnd5e/monsterVampireBiteEligibility.test.ts | src/rulesets/dnd5e/optionalBonusDieSpells.test.ts | src/rulesets/dnd5e/pluginSpellTransaction.test.ts | src/rulesets/dnd5e/spellAction.test.ts | src/rulesets/dnd5e/spellAdvancement.test.ts"
"cloudkill","死云术","Cloudkill","5","core-transaction","full","verified-full","saving-throw | half-on-save | damage | concentration | area | turn-trigger | slot-scaling","","","","","src/rulesets/dnd5e/coreSpellAreas.ts | src/rulesets/dnd5e/coreSpellAreaVisuals.ts | src/rulesets/dnd5e/monsterAdvancedAbilities.ts | src/rulesets/dnd5e/persistentAreaPresentation.ts | src/rulesets/dnd5e/persistentAreaTypes.ts","src/components/map/flamingSphereHandoff.test.ts | src/components/map/MapPersistentAreaLayers.test.ts | src/lib/combatPresentation.test.ts | src/lib/vfxSequence.test.ts | src/rulesets/dnd5e/combatPersistentSpellBatch.test.ts | src/rulesets/dnd5e/monsterAdvancedAbilities.test.ts | src/rulesets/dnd5e/monsterCoreSpellAction.test.ts"
"color-spray","七彩喷射","Color Spray","1","core-transaction","full","verified-full","area | condition | slot-scaling","","","","condition","src/rulesets/dnd5e/headlessCombatEngine.ts","src/lib/combatPresentation.test.ts | src/lib/dnd5eActionIcons.test.ts | src/pages/maps/spellSettlementCoordinator.test.ts | src/rulesets/dnd5e/headlessCombatEngine.test.ts | src/rulesets/dnd5e/spellAction.test.ts"
"command","命令术","Command","1","audited-activity","partial","partial","saving-throw | condition | slot-scaling","saving-throw | semantic-command | dm-interpretation","","","condition | slot-scaling","src/rulesets/dnd5e/declarativeSubclassAbility.ts | src/rulesets/dnd5e/spellVisibility.ts","src/application/commands/commandOutcome.test.ts | src/components/map/dnd5eMonsterPortraitPrompt.test.ts | src/components/map/PlayerCombatHotbar.test.ts | src/lib/combatCommandApi.test.ts | src/lib/pendingCombatCommandStore.test.ts | src/lib/roomCommandBus.test.ts | src/lib/roomCommunications.test.ts | src/lib/sharedServerCombatTransactions.test.ts | src/lib/sharedServerCore.test.ts | src/rulesets/dnd5e/activities/dnd5eActivityCommand.test.ts | src/rulesets/dnd5e/activities/dnd5eActivityExecutor.test.ts | src/rulesets/dnd5e/activities/dnd5eActivityHeadlessAuthorityBridge.test.ts | src/rulesets/dnd5e/activities/dnd5eCoreSpellActivities.test.ts | src/rulesets/dnd5e/activities/dnd5eLongLivedSpellActivities.test.ts | src/rulesets/dnd5e/battleMasterHeadless.test.ts | src/rulesets/dnd5e/genericCombatPrimitives.test.ts | src/rulesets/dnd5e/inventoryHeadlessEffectAuthority.test.ts | src/rulesets/dnd5e/monsterContentDeepAnalysis.test.ts | src/rulesets/dnd5e/monsterStatBlockPaste.test.ts | src/rulesets/dnd5e/spellbook.test.ts | src/store/roomCommands.test.ts"
"commune","通神术","Commune","5","none","manual","manual","","dm-response | future-information","","","","",""
"commune-with-nature","问道自然","Commune with Nature","5","none","manual","manual","","dm-response | world-information","","","","",""
"comprehend-languages","通晓语言","Comprehend Languages","1","audited-activity","full","verified-full","","language-capability | duration","","","","","src/lib/dnd5eActionIcons.test.ts | src/rulesets/dnd5e/activeEffects.test.ts | src/rulesets/dnd5e/activities/dnd5eCoreSpellActivities.test.ts | src/rulesets/dnd5e/spellPresentationCoverage.test.ts"
"compulsion","强迫术","Compulsion","4","audited-activity","full","verified-full","saving-throw | concentration | condition | sustained-control","saving-throw | forced-movement | turn-trigger","","","","src/rulesets/dnd5e/spellVisibility.ts","src/rulesets/dnd5e/activities/dnd5eCoreSpellActivities.test.ts"
"cone-of-cold","寒冰锥","Cone of Cold","5","core-transaction","full","verified-full","saving-throw | half-on-save | damage | area | slot-scaling","","","","","src/rulesets/dnd5e/spellbook.ts","src/lib/combatPresentation.test.ts | src/pages/maps/spellSettlementCoordinator.test.ts | src/rulesets/dnd5e/spellbook.test.ts"
"confusion","困惑术","Confusion","4","audited-activity","partial","partial","saving-throw | concentration | area | turn-trigger | slot-scaling","saving-throw | random-table | save-ends | area-and-slot-scaling-gap","原文要求 concentration，Activity 及专用运行时均无完整证据 | 原文要求 turn-trigger，Activity 及专用运行时均无完整证据","random-table","","","src/rulesets/dnd5e/headlessCombatEngine.test.ts"
"conjure-animals","召唤动物","Conjure Animals","3","audited-activity","partial","partial","concentration | slot-scaling","summon-companion | count-choice | dm-creature-choice","","","concentration | slot-scaling","src/rulesets/dnd5e/spellVisibility.ts","src/lib/dnd5eActionIcons.test.ts"
"conjure-celestial","召唤天界生物","Conjure Celestial","7","audited-activity","partial","partial","concentration | slot-scaling","summon-companion | slot-scaling | dm-creature-choice","原文要求 concentration，Activity 及专用运行时均无完整证据","","","src/rulesets/dnd5e/spellVisibility.ts",""
"conjure-elemental","召唤元素生物","Conjure Elemental","5","audited-activity","partial","partial","concentration | area | slot-scaling","summon-companion | material-targeting | dm-creature-choice","原文要求 concentration，Activity 及专用运行时均无完整证据 | 原文要求 area，Activity 及专用运行时均无完整证据 | 原文要求 slot-scaling，Activity 及专用运行时均无完整证据","","","",""
"conjure-fey","召唤精类生物","Conjure Fey","6","audited-activity","partial","partial","concentration | slot-scaling","summon-companion | slot-scaling | dm-creature-choice","原文要求 concentration，Activity 及专用运行时均无完整证据","","","src/rulesets/dnd5e/spellVisibility.ts",""
"conjure-minor-elementals","召唤次级元素生物","Conjure Minor Elementals","4","audited-activity","partial","partial","concentration | slot-scaling","summon-companion | count-choice | dm-creature-choice","","","concentration | slot-scaling","src/rulesets/dnd5e/spellVisibility.ts","src/lib/dnd5eActionIcons.test.ts"
"conjure-woodland-beings","召唤林地之精","Conjure Woodland Beings","4","audited-activity","partial","partial","concentration | slot-scaling","summon-companion | count-choice | dm-creature-choice","","","concentration | slot-scaling","src/rulesets/dnd5e/spellVisibility.ts","src/lib/dnd5eActionIcons.test.ts"
"contact-other-plane","异界探知","Contact Other Plane","5","audited-activity","partial","partial","saving-throw | damage","dm-response | saving-throw | random-damage","","","","",""
"contagion","疫病术","Contagion","5","audited-activity","full","verified-full","saving-throw | spell-attack | condition | turn-trigger","spell-attack | multi-save-counter | mode-choice","","","","","src/rulesets/dnd5e/activities/dnd5eCoreSpellActivities.test.ts"
"contingency","触发术","Contingency","6","audited-activity","partial","partial","","invoke-activity | open-text-trigger | spell-storage","","","","",""
"continual-flame","不灭明焰","Continual Flame","2","audited-activity","full","verified-full","","light-source | object-enchantment | dispel-state","","","light-source | object-enchantment | dispel-state","src/rulesets/dnd5e/spellMaterials.ts","src/lib/dnd5eActionIcons.test.ts | src/rulesets/dnd5e/activities/dnd5eActivityMapInteraction.test.ts | src/rulesets/dnd5e/activities/dnd5eCoreSpellActivities.test.ts"
"control-water","操控水体","Control Water","4","audited-activity","partial","partial","saving-throw | half-on-save | damage | concentration | area | turn-trigger | movement","mode-choice | terrain-geometry | environment-state","原文要求 half-on-save，Activity 及专用运行时均无完整证据 | 原文要求 concentration，Activity 及专用运行时均无完整证据 | 原文要求 area，Activity 及专用运行时均无完整证据 | 原文要求 turn-trigger，Activity 及专用运行时均无完整证据 | 原文要求 movement，Activity 及专用运行时均无完整证据","mode-choice | terrain-geometry","","","src/lib/dnd5eActionIcons.test.ts"
"control-weather","操控天气","Control Weather","8","audited-activity","partial","partial","concentration","mode-choice | environment-state | dm-initial-state","原文要求 concentration，Activity 及专用运行时均无完整证据","mode-choice","","",""
"counterspell","法术反制","Counterspell","3","core-transaction","full","verified-full","slot-scaling","","","","slot-scaling","src/rulesets/dnd5e/headlessCombatEngine.ts | src/rulesets/dnd5e/inventoryReactionSpells.ts | src/rulesets/dnd5e/spellVisibility.ts","src/lib/combatPresentation.test.ts | src/pages/maps/ReactionInterruptPanels.test.ts | src/rulesets/dnd5e/headlessCombatEngine.test.ts | src/rulesets/dnd5e/inventoryReactionSpells.test.ts | src/rulesets/dnd5e/magicItems.test.ts | src/rulesets/dnd5e/monsterAdvancedAbilities.test.ts | src/rulesets/dnd5e/monsterResourceActions.test.ts | src/rulesets/dnd5e/monsters.test.ts | src/rulesets/dnd5e/pluginApi.test.ts | src/rulesets/dnd5e/postSpellRandomTable.test.ts | src/rulesets/dnd5e/spellAction.test.ts | src/rulesets/dnd5e/spellCatalog.test.ts"
"create-food-and-water","造粮术","Create Food and Water","3","audited-activity","full","verified-full","","item-generation | inventory-effect","","","","","src/lib/dnd5eActionIcons.test.ts | src/rulesets/dnd5e/activities/dnd5eActivityHeadlessAuthorityBridge.test.ts"
"create-undead","唤起死灵","Create Undead","6","audited-activity","partial","partial","sustained-control | slot-scaling","summon-companion | material-targeting | dm-creature-choice","原文要求 sustained-control，Activity 及专用运行时均无完整证据 | 原文要求 slot-scaling，Activity 及专用运行时均无完整证据","","","",""
"create-or-destroy-water","造水/枯水术","Create or Destroy Water","1","audited-activity","partial","partial","area | slot-scaling","mode-choice | world-object | terrain-geometry","原文要求 area，Activity 及专用运行时均无完整证据 | 原文要求 slot-scaling，Activity 及专用运行时均无完整证据","mode-choice | world-object | terrain-geometry","","","src/lib/dnd5eActionIcons.test.ts"
"creation","造物术","Creation","5","audited-activity","partial","partial","area | slot-scaling","object-creation | open-ended-object | duration-by-material","原文要求 area，Activity 及专用运行时均无完整证据 | 原文要求 slot-scaling，Activity 及专用运行时均无完整证据","","","","src/rulesets/dnd5e/pluginApi.test.ts | src/rulesets/dnd5e/pluginSpellTransaction.test.ts | src/store/syncMerge.test.ts"
"cure-wounds","疗伤术","Cure Wounds","1","core-transaction","full","verified-full","healing | slot-scaling","","","","","src/pages/maps/spellSettlementCoordinator.ts | src/rulesets/dnd5e/magicItems.ts","src/lib/combatStatistics.test.ts | src/lib/dnd5eActionIcons.test.ts | src/pages/maps/spellSettlementCoordinator.test.ts | src/rulesets/dnd5e/headlessCombatEngine.test.ts | src/rulesets/dnd5e/magicItems.test.ts | src/rulesets/dnd5e/monsterCoreSpellAction.test.ts | src/rulesets/dnd5e/monsterHitPointMaximumReduction.test.ts | src/rulesets/dnd5e/plugins/pluginItemHeadlessProtocol.test.ts | src/rulesets/dnd5e/spellAction.test.ts | src/rulesets/dnd5e/spellCatalog.test.ts"
"dancing-lights","舞光术","Dancing Lights","0","core-transaction","full","verified-full","concentration | movement | sustained-control","","","","movement","src/pages/maps/spellSettlementCoordinator.ts | src/rulesets/dnd5e/coreSpellAreas.ts | src/rulesets/dnd5e/coreSpellAreaVisuals.ts | src/rulesets/dnd5e/persistentAreaTypes.ts | src/rulesets/dnd5e/spellAction.ts","src/application/combat/spells/SpellTargetingCoordinator.test.ts | src/components/map/PlayerCombatHotbar.test.ts | src/components/map/PlayerMapSpellHotbar.test.ts | src/lib/classResources.test.ts | src/lib/dnd5eActionIcons.test.ts | src/lib/explorationSpellInitiative.test.ts | src/lib/playerActionAuthorityRouter.test.ts | src/lib/vfxSequence.test.ts | src/rulesets/dnd5e/coreSpellAreas.test.ts | src/rulesets/dnd5e/racialAutomation.test.ts | src/rulesets/dnd5e/spellbook.test.ts"
"darkness","黑暗术","Darkness","2","core-transaction","full","verified-full","concentration | area","","","","","src/rulesets/dnd5e/activities/dnd5eActivityContracts.ts | src/rulesets/dnd5e/activities/dnd5eActivityExecutor.ts | src/rulesets/dnd5e/activities/dnd5eActivityMapInteraction.ts | src/rulesets/dnd5e/activities/dnd5eActivityValidation.ts | src/rulesets/dnd5e/activities/dnd5eEffectContracts.ts | src/rulesets/dnd5e/coreSpellAreas.ts | src/rulesets/dnd5e/coreSpellAreaVisuals.ts | src/rulesets/dnd5e/declarativeSubclassAbility.ts | src/rulesets/dnd5e/headlessCombatEngine.ts | src/rulesets/dnd5e/monsterAdvancedAbilities.ts | src/rulesets/dnd5e/monsters.ts | src/rulesets/dnd5e/persistentAreaTypes.ts | src/rulesets/dnd5e/racialAutomation.ts","src/components/map/mapLightingPresentation.test.ts | src/components/map/MapPersistentAreaLayers.test.ts | src/lib/classResources.test.ts | src/lib/combatPresentation.test.ts | src/lib/mapGeometry.test.ts | src/lib/sharedServerCore.test.ts | src/pages/maps/dmWallOfFireRemoval.test.ts | src/pages/maps/spellSettlementCoordinator.test.ts | src/rulesets/dnd5e/activities/dnd5eActivityExecutor.test.ts | src/rulesets/dnd5e/activities/dnd5eActivityMapInteraction.test.ts | src/rulesets/dnd5e/coreSpellAreas.test.ts | src/rulesets/dnd5e/effectiveVision.test.ts | src/rulesets/dnd5e/headlessCombatEngine.test.ts | src/rulesets/dnd5e/mapBridge.test.ts | src/rulesets/dnd5e/monsterAdvancedAbilities.test.ts | src/rulesets/dnd5e/racialAutomation.test.ts | src/rulesets/dnd5e/spellAction.test.ts | src/rulesets/dnd5e/spellbook.test.ts | src/store/characterTokenPresentation.test.ts | src/store/mapsMigrate.test.ts"
"darkvision","黑暗视觉","Darkvision","2","core-transaction","full","verified-full","","","","","","src/pages/maps/spellSettlementCoordinator.ts | src/rulesets/dnd5e/activities/dnd5eActivityExecutor.ts | src/rulesets/dnd5e/activities/dnd5eActivityValidation.ts | src/rulesets/dnd5e/activities/dnd5eContentDefinitionProjection.ts | src/rulesets/dnd5e/activities/dnd5eEffectContracts.ts | src/rulesets/dnd5e/activities/dnd5ePermanentContentEffects.ts | src/rulesets/dnd5e/headlessCombatEngine.ts | src/rulesets/dnd5e/monsterAdvancedAbilities.ts | src/rulesets/dnd5e/plugins/pluginMechanicsRegistry.ts","src/components/map/combatSpellDamagePresentation.test.ts | src/components/map/mapLightingPresentation.test.ts | src/lib/combatPresentation.test.ts | src/lib/sharedServerCore.test.ts | src/pages/maps/spellSettlementCoordinator.test.ts | src/rulesets/dnd5e/activeEffects.test.ts | src/rulesets/dnd5e/activities/dnd5eActivityExecutor.test.ts | src/rulesets/dnd5e/customMonsterWorkshop.test.ts | src/rulesets/dnd5e/effectiveVision.test.ts | src/rulesets/dnd5e/headlessCombatEngine.test.ts | src/rulesets/dnd5e/mapBridge.test.ts | src/rulesets/dnd5e/monsterAdvancedAbilities.test.ts | src/rulesets/dnd5e/monsterStatBlockPaste.test.ts | src/rulesets/dnd5e/specialSenses.test.ts | src/rulesets/dnd5e/spellAction.test.ts | src/store/characterTokenPresentation.test.ts"
"daylight","昼明术","Daylight","3","core-transaction","full","verified-full","area","","","","","src/rulesets/dnd5e/coreSpellAreas.ts | src/rulesets/dnd5e/coreSpellAreaVisuals.ts | src/rulesets/dnd5e/persistentAreaTypes.ts","src/components/map/MapPersistentAreaLayers.test.ts | src/lib/combatPresentation.test.ts | src/lib/mapGeometry.test.ts | src/pages/maps/spellSettlementCoordinator.test.ts | src/rulesets/dnd5e/coreSpellAreas.test.ts | src/rulesets/dnd5e/spellAction.test.ts | src/rulesets/dnd5e/spellbook.test.ts"
"death-ward","防死结界","Death Ward","4","core-transaction","full","verified-full","","","","","","src/pages/maps/spellSettlementCoordinator.ts | src/rulesets/dnd5e/headlessCombatEngine.ts","src/lib/combatPresentation.test.ts | src/lib/dnd5eActionIcons.test.ts | src/lib/sharedServerCore.test.ts | src/pages/maps/spellSettlementCoordinator.test.ts | src/rulesets/dnd5e/headlessCombatEngine.test.ts | src/rulesets/dnd5e/monsterComplexPoisonOnHit.test.ts"
"delayed-blast-fireball","延迟爆裂火球","Delayed Blast Fireball","7","audited-activity","partial","partial","saving-throw | half-on-save | concentration | area | turn-trigger | slot-scaling","persistent-area | damage-accumulator | event-trigger | slot-scaling-gap","原文要求 half-on-save，Activity 及专用运行时均无完整证据","","","",""
"demiplane","创造半位面","Demiplane","8","audited-activity","partial","partial","","cross-scene | door-state | semantic-destination","","","","src/rulesets/dnd5e/spellVisibility.ts",""
"detect-evil-and-good","侦测善恶","Detect Evil and Good","1","audited-activity","full","verified-full","concentration","persistent-sense | typed-target | effect-detection","","","concentration | effect-detection","src/rulesets/dnd5e/headlessCombatEngine.ts","src/lib/dnd5eActionIcons.test.ts | src/rulesets/dnd5e/activities/dnd5eActivityHeadlessAuthorityBridge.test.ts"
"detect-magic","侦测魔法","Detect Magic","1","audited-activity","full","verified-full","concentration","persistent-sense | effect-detection | metadata-visibility","","","concentration | effect-detection | metadata-visibility","src/rulesets/dnd5e/headlessCombatEngine.ts | src/rulesets/dnd5e/spellVisibility.ts","src/lib/dnd5eActionIcons.test.ts | src/lib/sharedServerCore.test.ts | src/rulesets/dnd5e/activities/dnd5eActivityHeadlessAuthorityBridge.test.ts"
"detect-poison-and-disease","侦测毒性和疾病","Detect Poison and Disease","1","audited-activity","full","verified-full","concentration","persistent-sense | effect-detection | typed-target","","","concentration | effect-detection","src/rulesets/dnd5e/headlessCombatEngine.ts","src/lib/dnd5eActionIcons.test.ts | src/rulesets/dnd5e/activities/dnd5eActivityHeadlessAuthorityBridge.test.ts"
"detect-thoughts","侦测思想","Detect Thoughts","2","audited-activity","partial","partial","saving-throw | concentration | sustained-control","saving-throw | sensor-information | dm-response","","","concentration","src/rulesets/dnd5e/spellVisibility.ts","src/lib/dnd5eActionIcons.test.ts | src/rulesets/dnd5e/headlessCombatEngine.test.ts | src/rulesets/dnd5e/spellCatalog.test.ts"
"dimension-door","任意门","Dimension Door","4","audited-activity","partial","partial","damage | movement","teleport | passenger-movement | off-map-destination","","","","","src/lib/dnd5eActionIcons.test.ts"
"disguise-self","易容术","Disguise Self","1","audited-activity","partial","partial","saving-throw","illusory-content | ability-check | dm-interpretation","","","","","src/lib/dnd5eActionIcons.test.ts"
"disintegrate","解离术","Disintegrate","6","core-transaction","full","verified-full","saving-throw | damage | area | slot-scaling","","","","area","src/pages/maps/spellSettlementCoordinator.ts | src/rulesets/dnd5e/headlessCombatEngine.ts | src/rulesets/dnd5e/monsterAdvancedAbilities.ts | src/rulesets/dnd5e/spellVisibility.ts","src/lib/combatPresentation.test.ts | src/pages/maps/spellSettlementCoordinator.test.ts | src/rulesets/dnd5e/headlessCombatEngine.test.ts | src/rulesets/dnd5e/monsterAdvancedAbilities.test.ts"
"dispel-evil-and-good","反制善恶","Dispel Evil and Good","5","audited-activity","full","verified-full","saving-throw | spell-attack | concentration | condition","mode-choice | effect-removal | planar-state","","","","","src/rulesets/dnd5e/activities/dnd5eActivityHeadlessAuthorityBridge.test.ts | src/rulesets/dnd5e/activities/dnd5eCoreSpellActivities.test.ts"
"dispel-magic","解除魔法","Dispel Magic","3","core-transaction","full","verified-full","slot-scaling","","","","slot-scaling","src/pages/maps/spellSettlementCoordinator.ts | src/rulesets/dnd5e/combatSimulation.ts | src/rulesets/dnd5e/headlessCombatEngine.ts | src/rulesets/dnd5e/monsterAdvancedAbilities.ts | src/rulesets/dnd5e/monsterTurnPlanner.ts | src/rulesets/dnd5e/spellAction.ts","src/lib/combatPresentation.test.ts | src/lib/dnd5eActionIcons.test.ts | src/pages/maps/spellSettlementCoordinator.test.ts | src/rulesets/dnd5e/headlessCombatEngine.test.ts | src/rulesets/dnd5e/mapObjectState.test.ts | src/rulesets/dnd5e/monsterAdvancedAbilities.test.ts | src/rulesets/dnd5e/monsterCoreSpellAction.test.ts | src/rulesets/dnd5e/pluginApi.test.ts | src/rulesets/dnd5e/spellAction.test.ts | src/rulesets/dnd5e/spellCatalog.test.ts"
"divination","预言术","Divination","4","none","manual","manual","","dm-response | future-information","","","","src/rulesets/dnd5e/activeEffects.ts | src/rulesets/dnd5e/activities/dnd5eActivityInvocation.ts | src/rulesets/dnd5e/activities/dnd5eActivityValidation.ts | src/rulesets/dnd5e/declarativeSubclassAbility.ts | src/rulesets/dnd5e/headlessCombatEngine.ts | src/rulesets/dnd5e/spellbook.ts | src/rulesets/dnd5e/spellModifierIntents.ts | src/rulesets/dnd5e/subclassSpellcasting.ts","src/rulesets/dnd5e/activities/dnd5eActivityExecutor.test.ts | src/rulesets/dnd5e/activities/dnd5eCoreSpellActivities.test.ts | src/rulesets/dnd5e/headlessCombatEngine.test.ts"
"divine-favor","神恩","Divine Favor","1","core-transaction","full","verified-full","damage | concentration","","","","damage","src/pages/maps/spellSettlementCoordinator.ts | src/rulesets/dnd5e/headlessCombatEngine.ts | src/rulesets/dnd5e/spellAction.ts","src/lib/combatPresentation.test.ts | src/lib/dnd5eActionIcons.test.ts | src/lib/sharedServerCore.test.ts | src/pages/maps/spellSettlementCoordinator.test.ts | src/rulesets/dnd5e/headlessCombatEngine.test.ts | src/rulesets/dnd5e/opportunityAttackAction.test.ts"
"divine-word","圣言术","Divine Word","7","audited-activity","full","verified-full","saving-throw | condition","hit-point-threshold | condition-lifecycle | planar-state","","","hit-point-threshold","src/rulesets/dnd5e/spellVisibility.ts","src/rulesets/dnd5e/activities/dnd5eActivityHeadlessAuthorityBridge.test.ts"
"dominate-beast","支配野兽","Dominate Beast","4","audited-activity","partial","partial","saving-throw | concentration | condition | turn-trigger | slot-scaling","saving-throw | actor-control | semantic-command","","","turn-trigger | slot-scaling","src/rulesets/dnd5e/spellVisibility.ts","src/lib/dnd5eActionIcons.test.ts | src/rulesets/dnd5e/activities/dnd5eCoreSpellActivities.test.ts"
"dominate-monster","支配怪物","Dominate Monster","8","audited-activity","partial","partial","saving-throw | concentration | condition | turn-trigger | slot-scaling","saving-throw | actor-control | semantic-command","","","turn-trigger | slot-scaling","src/rulesets/dnd5e/spellVisibility.ts","src/rulesets/dnd5e/activities/dnd5eCoreSpellActivities.test.ts | src/rulesets/dnd5e/spellCatalog.test.ts"
"dominate-person","支配人类","Dominate Person","5","audited-activity","partial","partial","saving-throw | concentration | condition | turn-trigger | slot-scaling","saving-throw | actor-control | semantic-command","","","turn-trigger | slot-scaling","src/rulesets/dnd5e/spellVisibility.ts","src/rulesets/dnd5e/activities/dnd5eActivityHeadlessAuthorityBridge.test.ts | src/rulesets/dnd5e/activities/dnd5eCoreSpellActivities.test.ts"
"dream","托梦术","Dream","5","audited-activity","partial","partial","saving-throw | damage","communication | saving-throw | dm-narrative","","communication","","",""
"druidcraft","德鲁伊伎俩","Druidcraft","0","audited-activity","partial","partial","area","mode-choice | minor-world-effect | dm-weather","原文要求 area，Activity 及专用运行时均无完整证据","mode-choice","","",""
"earthquake","地震术","Earthquake","8","audited-activity","partial","partial","saving-throw | half-on-save | damage | concentration | area | condition | turn-trigger","persistent-area | terrain-geometry | structure-damage","","","half-on-save | condition | turn-trigger | terrain-geometry","src/rulesets/dnd5e/spellVisibility.ts","src/rulesets/dnd5e/spellCatalog.test.ts"
"eldritch-blast","魔能爆","Eldritch Blast","0","core-transaction","full","verified-full","spell-attack | damage","","","","","src/pages/maps/spellSettlementCoordinator.ts | src/rulesets/dnd5e/classes.ts | src/rulesets/dnd5e/headlessCombatEngine.ts | src/rulesets/dnd5e/spellAction.ts | src/rulesets/dnd5e/spellModifierIntents.ts","src/lib/combatPresentation.test.ts | src/lib/dnd5eActionIcons.test.ts | src/pages/maps/spellSettlementCoordinator.test.ts | src/rulesets/dnd5e/classes.test.ts | src/rulesets/dnd5e/spellAction.test.ts | src/rulesets/dnd5e/spellAdvancement.test.ts | src/rulesets/dnd5e/spellCatalog.test.ts"
"enhance-ability","强化属性","Enhance Ability","2","core-transaction","full","verified-full","concentration | condition | slot-scaling","","","","","src/pages/maps/spellSettlementCoordinator.ts | src/rulesets/dnd5e/headlessCombatEngine.ts | src/rulesets/dnd5e/spellAction.ts","src/lib/combatPresentation.test.ts | src/lib/dnd5eActionIcons.test.ts | src/lib/sharedServerCore.test.ts | src/pages/maps/spellSettlementCoordinator.test.ts | src/rulesets/dnd5e/activeEffects.test.ts | src/rulesets/dnd5e/headlessCombatEngine.test.ts | src/rulesets/dnd5e/items.test.ts"
"enlarge-reduce","变巨/缩小术","Enlarge/Reduce","2","core-transaction","full","verified-full","saving-throw | damage | concentration","","","","damage","src/pages/maps/spellSettlementCoordinator.ts | src/rulesets/dnd5e/headlessCombatEngine.ts | src/rulesets/dnd5e/spellbook.ts | src/rulesets/dnd5e/spellVisibility.ts","src/lib/combatPresentation.test.ts | src/lib/dnd5eActionIcons.test.ts | src/lib/sharedServerCore.test.ts | src/pages/maps/spellSettlementCoordinator.test.ts | src/rulesets/dnd5e/activeEffects.test.ts | src/rulesets/dnd5e/checks.test.ts | src/rulesets/dnd5e/headlessCombatEngine.test.ts | src/rulesets/dnd5e/mapBridge.test.ts | src/rulesets/dnd5e/monsterAdvancedAbilities.test.ts | src/rulesets/dnd5e/monsterAttackAction.test.ts | src/rulesets/dnd5e/monsterTurnPlanner.test.ts | src/rulesets/dnd5e/spellAction.test.ts"
"entangle","纠缠术","Entangle","1","core-transaction","full","verified-full","saving-throw | concentration | condition","","","","saving-throw | condition","src/rulesets/dnd5e/coreSpellAreas.ts | src/rulesets/dnd5e/coreSpellAreaVisuals.ts | src/rulesets/dnd5e/monsterAdvancedAbilities.ts | src/rulesets/dnd5e/persistentAreaTypes.ts | src/rulesets/dnd5e/verticalCombatGeometry.ts","src/components/map/MapPersistentAreaLayers.test.ts | src/lib/combatPresentation.test.ts | src/pages/maps/spellSettlementCoordinator.test.ts | src/rulesets/dnd5e/coreSpellAreas.test.ts | src/rulesets/dnd5e/monsterAdvancedAbilities.test.ts | src/rulesets/dnd5e/monsterCoreSpellAction.test.ts | src/rulesets/dnd5e/persistentAreaTypes.test.ts | src/rulesets/dnd5e/playerBasicAction.test.ts | src/rulesets/dnd5e/spellAction.test.ts"
"enthrall","注目术","Enthrall","2","audited-activity","full","verified-full","saving-throw | condition","saving-throw | skill-check-modifier | source-link","","","source-link","src/rulesets/dnd5e/spellVisibility.ts","src/rulesets/dnd5e/activities/dnd5eCoreSpellActivities.test.ts | src/rulesets/dnd5e/headlessCombatEngine.test.ts"
"etherealness","以太化","Etherealness","7","audited-activity","partial","partial","slot-scaling","planar-state | movement-mode | effect-suppression | slot-scaling-gap","","planar-state | effect-suppression","","","src/rulesets/dnd5e/activities/dnd5eCoreSpellActivities.test.ts | src/rulesets/dnd5e/headlessCombatEngine.test.ts"
"expeditious-retreat","脚底抹油","Expeditious Retreat","1","core-transaction","full","verified-full","concentration | sustained-control","","","","","src/rulesets/dnd5e/headlessCombatEngine.ts | src/rulesets/dnd5e/playerBasicAction.ts | src/rulesets/dnd5e/sustainedSpellControls.ts","src/lib/dnd5eActionIcons.test.ts | src/rulesets/dnd5e/sustainedSpellControls.test.ts"
"eyebite","摄心目光","Eyebite","6","audited-activity","full","verified-full","saving-throw | concentration | condition | turn-trigger | sustained-control","mode-choice | saving-throw | save-ends","","","","src/rulesets/dnd5e/spellVisibility.ts","src/rulesets/dnd5e/activities/dnd5eActivityHeadlessAuthorityBridge.test.ts | src/rulesets/dnd5e/activities/dnd5eCoreSpellActivities.test.ts"
"fabricate","鬼斧神工","Fabricate","4","audited-activity","partial","partial","area","object-creation | world-material | crafting-judgment","原文要求 area，Activity 及专用运行时均无完整证据","","","src/rulesets/dnd5e/spellVisibility.ts",""
"faerie-fire","妖火","Faerie Fire","1","core-transaction","full","verified-full","concentration | area | condition","","","","","src/rulesets/dnd5e/headlessCombatEngine.ts | src/rulesets/dnd5e/spellbook.ts | src/rulesets/dnd5e/verticalCombatGeometry.ts","src/lib/classResources.test.ts | src/lib/combatPresentation.test.ts | src/lib/dnd5eActionIcons.test.ts | src/pages/maps/spellSettlementCoordinator.test.ts | src/rulesets/dnd5e/headlessCombatEngine.test.ts | src/rulesets/dnd5e/localContentCollection.test.ts | src/rulesets/dnd5e/racialAutomation.test.ts | src/rulesets/dnd5e/spellAction.test.ts | src/rulesets/dnd5e/spellbook.test.ts | src/rulesets/dnd5e/subclassSpellLists.test.ts | src/rulesets/dnd5e/visibilityRegression.test.ts"
"faithful-hound","忠犬术","Faithful Hound","4","audited-activity","full","verified-full","damage | condition | turn-trigger","persistent-area | granted-activity | visibility-rule","","","turn-trigger","src/rulesets/dnd5e/spellVisibility.ts","src/rulesets/dnd5e/activities/dnd5eCoreSpellActivities.test.ts"
"false-life","虚假生命","False Life","1","core-transaction","full","verified-full","slot-scaling","","","","","src/pages/maps/spellSettlementCoordinator.ts | src/rulesets/dnd5e/headlessCombatEngine.ts | src/rulesets/dnd5e/spellAction.ts","src/lib/combatPresentation.test.ts | src/lib/dnd5eActionIcons.test.ts | src/pages/maps/spellSettlementCoordinator.test.ts | src/rulesets/dnd5e/headlessCombatEngine.test.ts"
"fear","恐惧术","Fear","3","audited-activity","full","verified-full","saving-throw | concentration | area | condition | sustained-control","saving-throw | forced-movement | condition-lifecycle","","","forced-movement","src/pages/maps/settleDnd5eCombatResult.ts | src/rulesets/dnd5e/classFeatureAction.ts | src/rulesets/dnd5e/headlessCombatEngine.ts | src/rulesets/dnd5e/mapBridge.ts","src/rulesets/dnd5e/activeEffectsHeadless.test.ts | src/rulesets/dnd5e/activities/legacyContentActivityAdapters.test.ts | src/rulesets/dnd5e/headlessCombatEngine.test.ts"
"feather-fall","羽落术","Feather Fall","1","audited-activity","full","verified-full","","reaction-trigger | falling-state | movement-rate","","","","","src/lib/dnd5eActionIcons.test.ts | src/rulesets/dnd5e/pluginSpellTransaction.test.ts | src/rulesets/dnd5e/traversalHeadless.test.ts"
"feeblemind","弱智术","Feeblemind","8","audited-activity","full","verified-full","saving-throw | damage","saving-throw | ability-override | long-term-save","","","ability-override | long-term-save","src/rulesets/dnd5e/spellVisibility.ts","src/rulesets/dnd5e/activeEffects.test.ts | src/rulesets/dnd5e/activities/dnd5eActivityHeadlessAuthorityBridge.test.ts | src/rulesets/dnd5e/activities/dnd5eCoreSpellActivities.test.ts | src/rulesets/dnd5e/campaignTimeRules.test.ts | src/rulesets/dnd5e/headlessCombatEngine.test.ts | src/rulesets/dnd5e/spellCatalog.test.ts"
"find-familiar","获得魔宠","Find Familiar","1","audited-activity","full","verified-full","spell-attack | condition | turn-trigger","summon-companion | form-catalog | shared-senses","","","spell-attack | turn-trigger | form-catalog","src/rulesets/dnd5e/spellMaterials.ts","src/lib/dnd5eActionIcons.test.ts | src/rulesets/dnd5e/activities/dnd5eActivityHeadlessAuthorityBridge.test.ts"
"find-steed","召唤坐骑","Find Steed","2","audited-activity","partial","partial","","summon-companion | shared-spells | dm-creature-choice","","","","","src/lib/dnd5eActionIcons.test.ts"
"find-traps","寻找陷阱","Find Traps","2","audited-activity","partial","partial","","world-information | hidden-object-tags | dm-information","","","","src/rulesets/dnd5e/spellVisibility.ts","src/lib/dnd5eActionIcons.test.ts"
"find-the-path","寻路术","Find the Path","6","audited-activity","partial","partial","concentration","world-navigation | semantic-destination | dm-information","原文要求 concentration，Activity 及专用运行时均无完整证据","","","",""
"finger-of-death","死亡一指","Finger of Death","7","core-transaction","full","verified-full","saving-throw | half-on-save | damage | turn-trigger","","","","turn-trigger","src/pages/maps/spellSettlementCoordinator.ts | src/rulesets/dnd5e/monsterAdvancedAbilities.ts | src/rulesets/dnd5e/spellbook.ts | src/rulesets/dnd5e/spellVisibility.ts","src/lib/combatPresentation.test.ts | src/pages/maps/spellSettlementCoordinator.test.ts | src/rulesets/dnd5e/headlessCombatEngine.test.ts"
"fire-bolt","火焰箭","Fire Bolt","0","core-transaction","full","verified-full","spell-attack | damage","","","","","src/pages/maps/spellSettlementCoordinator.ts","src/components/map/PlayerCombatHotbar.test.ts | src/lib/characterExcelImport.test.ts | src/lib/combatPresentation.test.ts | src/lib/dnd5eActionIcons.test.ts | src/lib/sharedServerCore.test.ts | src/lib/sharedServerHttp.test.ts | src/lib/vfxSequence.test.ts | src/pages/maps/spellAoeHighlight.test.ts | src/pages/maps/spellSettlementCoordinator.test.ts | src/rulesets/dnd5e/activeEffectsHeadless.test.ts | src/rulesets/dnd5e/activities/dnd5eActivityHeadlessAuthorityBridge.test.ts | src/rulesets/dnd5e/buildChoices.test.ts | src/rulesets/dnd5e/combatSimulation.test.ts | src/rulesets/dnd5e/eldritchKnight.test.ts | src/rulesets/dnd5e/featHeadlessPrimitives.test.ts | src/rulesets/dnd5e/headlessCombatEngine.test.ts | src/rulesets/dnd5e/monsterAdvancedAbilities.test.ts | src/rulesets/dnd5e/monsterContentAutoParser.test.ts | src/rulesets/dnd5e/monsterContentDeepAnalysis.test.ts | src/rulesets/dnd5e/monsterCoreSpellAction.test.ts | src/rulesets/dnd5e/monsterResourceActions.test.ts | src/rulesets/dnd5e/monsterStatBlockPaste.test.ts | src/rulesets/dnd5e/postSpellRandomTable.test.ts | src/rulesets/dnd5e/protectionFromEnergySpell.test.ts | src/rulesets/dnd5e/racialAutomation.test.ts | src/rulesets/dnd5e/spellAction.test.ts | src/rulesets/dnd5e/spellbook.test.ts | src/rulesets/dnd5e/spellDamageMaxDieBonus.test.ts | src/rulesets/dnd5e/spellModifierIntents.test.ts | src/rulesets/dnd5e/subclassSpellcasting.test.ts"
"fire-shield","火焰护盾","Fire Shield","4","audited-activity","full","verified-full","damage","mode-choice | damage-resistance | damage-reflection","","","","","src/rulesets/dnd5e/activities/dnd5eCoreSpellActivities.test.ts | src/rulesets/dnd5e/pluginSpellTransaction.test.ts"
"fire-storm","火焰风暴","Fire Storm","7","audited-activity","full","verified-full","saving-throw | half-on-save | damage | area","multi-cell-template | saving-throw | damage","","","","","src/rulesets/dnd5e/pluginSpellTransaction.test.ts"
"fireball","火球术","Fireball","3","core-transaction","full","verified-full","saving-throw | half-on-save | damage | area | slot-scaling","","","","","src/pages/maps/spellSettlementCoordinator.ts | src/rulesets/dnd5e/localContentAiImport.ts","src/components/map/CombatActionBanner.test.ts | src/components/map/Dnd5eActionIcon.test.ts | src/components/map/Dnd5eActionIcon.test.tsx | src/components/map/flamingSphereHandoff.test.ts | src/components/map/PlayerCombatHotbar.test.ts | src/lib/characterExcelImport.test.ts | src/lib/combatLogDetails.test.ts | src/lib/combatPresentation.test.ts | src/lib/dnd5eActionIcons.test.ts | src/lib/dnd5eCombatActionDescriptors.test.ts | src/lib/monsterManualSpell.test.ts | src/lib/sharedServerCore.test.ts | src/lib/vfxSequence.test.ts | src/pages/maps/aoeTargetingSession.test.ts | src/pages/maps/CombatLogEntryCard.test.ts | src/pages/maps/commitDnd5eCombatResult.test.ts | src/pages/maps/settleDnd5eCombatResult.test.ts | src/pages/maps/spellSettlementCoordinator.test.ts | src/presentation/maps/combatViewModel.test.ts | src/rulesets/dnd5e/activities/dnd5eActivityIdentity.test.ts | src/rulesets/dnd5e/activities/dnd5eCoreSpellActivities.test.ts | src/rulesets/dnd5e/combatSimulation.test.ts | src/rulesets/dnd5e/customMonsterWorkshop.test.ts | src/rulesets/dnd5e/featHeadlessPrimitives.test.ts | src/rulesets/dnd5e/headlessCombatEngine.test.ts | src/rulesets/dnd5e/magicItems.test.ts | src/rulesets/dnd5e/monsterAdvancedAbilities.test.ts | src/rulesets/dnd5e/monsterContentAutoParser.test.ts | src/rulesets/dnd5e/monsterCoreSpellAction.test.ts | src/rulesets/dnd5e/monsterGenericAbilities.test.ts | src/rulesets/dnd5e/monsterHeadlessCoverage.test.ts | src/rulesets/dnd5e/monsterResourceActions.test.ts | src/rulesets/dnd5e/monsterTurnPlanner.test.ts | src/rulesets/dnd5e/pluginApi.test.ts | src/rulesets/dnd5e/plugins/pluginItemHeadlessProtocol.test.ts | src/rulesets/dnd5e/postSpellRandomTable.test.ts | src/rulesets/dnd5e/spellAction.test.ts | src/rulesets/dnd5e/spellbook.test.ts | src/rulesets/dnd5e/spellCatalog.test.ts | src/rulesets/dnd5e/spellComponents.test.ts | src/rulesets/dnd5e/spellModifierIntents.test.ts | src/rulesets/dnd5e/spellPresentationCoverage.test.ts | src/rulesets/dnd5e/subclassSpellcasting.test.ts | src/rulesets/dnd5e/subclassSpellLists.test.ts | src/rulesets/dnd5e/verticalCombatGeometry.test.ts"
"flame-blade","火焰刀","Flame Blade","2","core-transaction","full","verified-full","spell-attack | damage | concentration | sustained-control | slot-scaling","","","","","src/pages/maps/spellSettlementCoordinator.ts | src/rulesets/dnd5e/headlessCombatEngine.ts | src/rulesets/dnd5e/sustainedSpellControls.ts","src/lib/combatPresentation.test.ts | src/lib/dnd5eActionIcons.test.ts | src/lib/sharedServerCore.test.ts | src/pages/maps/spellSettlementCoordinator.test.ts | src/rulesets/dnd5e/headlessCombatEngine.test.ts | src/rulesets/dnd5e/inventoryHeadlessCombat.test.ts | src/rulesets/dnd5e/spellAction.test.ts"
"flame-strike","焰击术","Flame Strike","5","core-transaction","full","verified-full","saving-throw | half-on-save | damage | area | slot-scaling","","","","","src/rulesets/dnd5e/verticalCombatGeometry.ts","src/components/map/combatSpellDamagePresentation.test.ts | src/lib/combatPresentation.test.ts | src/pages/maps/spellSettlementCoordinator.test.ts | src/rulesets/dnd5e/spellAction.test.ts"
"flaming-sphere","炽焰法球","Flaming Sphere","2","core-transaction","full","verified-full","saving-throw | half-on-save | damage | concentration | turn-trigger | movement | sustained-control | slot-scaling","","","","saving-throw | half-on-save | damage | movement | slot-scaling","src/rulesets/dnd5e/coreSpellAreas.ts | src/rulesets/dnd5e/coreSpellAreaVisuals.ts | src/rulesets/dnd5e/persistentAreaTypes.ts | src/rulesets/dnd5e/pluginAreas.ts | src/rulesets/dnd5e/spellAction.ts | src/rulesets/dnd5e/verticalCombatGeometry.ts","src/components/map/Dnd5eConcentrationTokenBadge.test.tsx | src/components/map/Dnd5eSpellEffectDetailPanel.test.tsx | src/components/map/flamingSphereHandoff.test.ts | src/components/map/PlayerCombatHotbar.test.ts | src/components/map/tokenStatusTooltip.test.ts | src/lib/combatPresentation.test.ts | src/lib/dnd5eActionIcons.test.ts | src/lib/dnd5eCombatActionDescriptors.test.ts | src/lib/sharedResourceValidation.test.ts | src/pages/maps/aoeTargetingSession.test.ts | src/pages/maps/combatStartTokenMarks.test.ts | src/pages/maps/concentrationTokenMarks.test.ts | src/pages/maps/dmWallOfFireRemoval.test.ts | src/pages/maps/flamingSphereConcentration.test.ts | src/pages/maps/persistentAreaTurnBoundary.test.ts | src/pages/maps/spellSettlementCoordinator.test.ts | src/pages/maps/tokenBorderPresentation.test.ts | src/rulesets/dnd5e/combatPersistentSpellBatch.test.ts | src/rulesets/dnd5e/coreSpellAreas.test.ts | src/rulesets/dnd5e/genericCombatPrimitives.test.ts | src/rulesets/dnd5e/monsterTurnPlanner.test.ts | src/rulesets/dnd5e/persistentAreaPresentation.test.ts | src/rulesets/dnd5e/pluginAreas.test.ts | src/rulesets/dnd5e/spellAction.test.ts | src/store/mapsMigrate.test.ts | src/store/roomCommands.test.ts | src/store/syncMerge.test.ts"
"flesh-to-stone","石化术","Flesh to Stone","6","audited-activity","full","verified-full","saving-throw | concentration | condition | turn-trigger","saving-throw | multi-save-counter | condition-lifecycle","","","","src/rulesets/dnd5e/spellVisibility.ts","src/rulesets/dnd5e/spellCatalog.test.ts"
"floating-disk","浮碟术","Floating Disk","1","audited-activity","full","verified-full","","summon-companion | source-following | carry-capacity","","","summon-companion | source-following | carry-capacity","src/rulesets/dnd5e/spellVisibility.ts","src/lib/dnd5eActionIcons.test.ts | src/rulesets/dnd5e/coreSpellAreas.test.ts"
"fly","飞行术","Fly","3","core-transaction","full","verified-full","concentration | movement | slot-scaling","","","","","src/pages/maps/spellSettlementCoordinator.ts | src/pages/maps/usePlayerMovementController.ts | src/rulesets/dnd5e/combatSimulation.ts | src/rulesets/dnd5e/declarativeSubclassAbility.ts | src/rulesets/dnd5e/headlessCombatEngine.ts | src/rulesets/dnd5e/mapBridge.ts | src/rulesets/dnd5e/monsterAdvancedAbilities.ts | src/rulesets/dnd5e/monsterMoveAction.ts | src/rulesets/dnd5e/monsters.ts | src/rulesets/dnd5e/monsterSchema.ts | src/rulesets/dnd5e/monsterSupportCandidateGenerators.ts | src/rulesets/dnd5e/monsterTurnPlan.ts | src/rulesets/dnd5e/monsterTurnPlanner.ts | src/rulesets/dnd5e/playerMoveAction.ts | src/rulesets/dnd5e/traversal.ts","src/lib/combatCommandApi.test.ts | src/lib/combatPresentation.test.ts | src/lib/sharedServerCore.test.ts | src/pages/maps/concentrationTokenMarks.test.ts | src/pages/maps/dmWallOfFireRemoval.test.ts | src/pages/maps/settleDnd5eCombatResult.test.ts | src/pages/maps/spellSettlementCoordinator.test.ts | src/rulesets/dnd5e/activeEffects.test.ts | src/rulesets/dnd5e/flyingSnakeHeadless.test.ts | src/rulesets/dnd5e/genericCombatPrimitives.test.ts | src/rulesets/dnd5e/headlessCombatEngine.test.ts | src/rulesets/dnd5e/mapBridge.test.ts | src/rulesets/dnd5e/monsterAdvancedAbilities.test.ts | src/rulesets/dnd5e/monsterCoreSpellAction.test.ts | src/rulesets/dnd5e/monsterMoveAction.test.ts | src/rulesets/dnd5e/monsterResourceActions.test.ts | src/rulesets/dnd5e/monsterTurnPlanner.test.ts | src/rulesets/dnd5e/playerMoveAction.test.ts | src/rulesets/dnd5e/spellAction.test.ts | src/rulesets/dnd5e/traversal.test.ts | src/rulesets/dnd5e/traversalHeadless.test.ts | src/store/roomCommands.test.ts"
"fog-cloud","云雾术","Fog Cloud","1","core-transaction","full","verified-full","concentration | area | slot-scaling","","","","","src/rulesets/dnd5e/coreSpellAreas.ts | src/rulesets/dnd5e/coreSpellAreaVisuals.ts | src/rulesets/dnd5e/monsterAdvancedAbilities.ts | src/rulesets/dnd5e/persistentAreaTypes.ts | src/rulesets/dnd5e/spellbook.ts","src/components/map/MapPersistentAreaLayers.test.ts | src/lib/dnd5eActionIcons.test.ts | src/lib/mapGeometry.test.ts | src/lib/vfxSequence.test.ts | src/pages/maps/spellSettlementCoordinator.test.ts | src/rulesets/dnd5e/coreSpellAreas.test.ts | src/rulesets/dnd5e/monsterAdvancedAbilities.test.ts | src/rulesets/dnd5e/spellCatalog.test.ts"
"forbiddance","禁制术","Forbiddance","6","audited-activity","partial","partial","damage | turn-trigger | movement","persistent-area | typed-target | teleport-blocking | turn-trigger-gap","","","","",""
"forcecage","魔力监牢","Forcecage","7","audited-activity","full","verified-full","saving-throw | area | movement","persistent-area | movement-blocking | teleport-save","","","","","src/lib/mapGeometry.test.ts | src/rulesets/dnd5e/activities/dnd5eCoreSpellActivities.test.ts"
"foresight","预警术","Foresight","9","audited-activity","full","verified-full","","roll-mode-modifier | condition-immunity | duration","","","condition-immunity","src/rulesets/dnd5e/activeEffects.ts","src/rulesets/dnd5e/headlessCombatEngine.test.ts"
"freedom-of-movement","行动自如","Freedom of Movement","4","audited-activity","full","verified-full","condition","condition-immunity | movement-modifier | automatic-escape","","","","src/rulesets/dnd5e/activeEffects.ts","src/rulesets/dnd5e/activeEffects.test.ts | src/rulesets/dnd5e/headlessCombatEngine.test.ts | src/rulesets/dnd5e/passiveDefenses.test.ts | src/rulesets/dnd5e/playerMoveAction.test.ts"
"freezing-sphere","冰封法球","Freezing Sphere","6","core-transaction","full","verified-full","saving-throw | half-on-save | damage | area | slot-scaling","","","","","src/rulesets/dnd5e/spellbook.ts","src/lib/combatPresentation.test.ts | src/pages/maps/spellSettlementCoordinator.test.ts"
"gaseous-form","气化形体","Gaseous Form","3","audited-activity","full","verified-full","concentration | condition | movement","stat-transform | movement-mode | action-restriction","","","","","src/lib/dnd5eActionIcons.test.ts | src/rulesets/dnd5e/activeEffects.test.ts | src/rulesets/dnd5e/activities/dnd5eActivityHeadlessAuthorityBridge.test.ts"
"gate","异界之门","Gate","9","audited-activity","partial","partial","concentration | movement","cross-scene | summon-companion | deity-veto","","","concentration | movement","src/rulesets/dnd5e/spellVisibility.ts","src/components/dm/dmCampaignStoryModel.test.ts | src/lib/combatLogRollback.test.ts | src/lib/sceneOrchestration.test.ts | src/lib/sharedServerCore.test.ts | src/pages/maps/dicePresentationGate.test.ts | src/rulesets/dnd5e/declarativeClass.test.ts"
"geas","指使术","Geas","5","audited-activity","partial","partial","saving-throw | damage | condition | slot-scaling","saving-throw | semantic-command | semantic-compliance","原文要求 slot-scaling，Activity 及专用运行时均无完整证据","","","src/rulesets/dnd5e/spellVisibility.ts",""
"gentle-repose","遗体防腐","Gentle Repose","2","audited-activity","full","verified-full","","corpse-state | duration | resurrection-timer","","","","","src/lib/dnd5eActionIcons.test.ts | src/rulesets/dnd5e/activities/dnd5eCoreSpellActivities.test.ts"
"giant-insect","巨虫术","Giant Insect","4","audited-activity","partial","partial","concentration","stat-transform | form-catalog | dm-actor-control","原文要求 concentration，Activity 及专用运行时均无完整证据","","","",""
"glibness","花言巧语","Glibness","8","audited-activity","partial","partial","","minimum-roll | truth-detection-gap","","","","","src/rulesets/dnd5e/headlessCombatEngine.test.ts"
"globe-of-invulnerability","法术无效结界","Globe of Invulnerability","6","audited-activity","partial","partial","concentration | slot-scaling","persistent-area | spell-level-suppression | slot-scaling-gap","","","","",""
"glyph-of-warding","守卫刻文","Glyph of Warding","3","audited-activity","partial","partial","saving-throw | half-on-save | damage | concentration | area | slot-scaling","persistent-area | open-text-trigger | spell-storage","","","half-on-save | concentration | slot-scaling","src/rulesets/dnd5e/spellMaterials.ts","src/lib/dnd5eActionIcons.test.ts"
"goodberry","神莓术","Goodberry","1","audited-activity","full","verified-full","","item-generation | healing | inventory-effect","","","","","src/rulesets/dnd5e/activities/dnd5eActivityHeadlessAuthorityBridge.test.ts"
"grease","油腻术","Grease","1","core-transaction","full","verified-full","saving-throw | area | condition","","","","saving-throw | condition","src/rulesets/dnd5e/coreSpellAreas.ts | src/rulesets/dnd5e/coreSpellAreaVisuals.ts | src/rulesets/dnd5e/persistentAreaTypes.ts | src/rulesets/dnd5e/verticalCombatGeometry.ts","src/lib/combatPresentation.test.ts | src/lib/mapDifficultTerrain.test.ts | src/pages/maps/spellSettlementCoordinator.test.ts | src/rulesets/dnd5e/combatSimulation.test.ts | src/rulesets/dnd5e/coreSpellAreas.test.ts | src/rulesets/dnd5e/monsterMoveAction.test.ts | src/rulesets/dnd5e/monsterTurnPlanner.test.ts | src/rulesets/dnd5e/persistentAreaGeometry.test.ts | src/rulesets/dnd5e/persistentAreaTypes.test.ts | src/rulesets/dnd5e/playerMoveAction.test.ts | src/rulesets/dnd5e/pluginAreas.test.ts | src/rulesets/dnd5e/spellAction.test.ts | src/rulesets/dnd5e/verticalCombatGeometry.test.ts"
"greater-invisibility","高等隐形术","Greater Invisibility","4","core-transaction","full","verified-full","concentration | condition","","","","","src/pages/maps/spellSettlementCoordinator.ts | src/rulesets/dnd5e/headlessCombatEngine.ts | src/rulesets/dnd5e/monsterAdvancedAbilities.ts | src/rulesets/dnd5e/monsterSupportCandidateGenerators.ts","src/lib/combatPresentation.test.ts | src/lib/sharedServerCore.test.ts | src/pages/maps/spellSettlementCoordinator.test.ts | src/rulesets/dnd5e/headlessCombatEngine.test.ts | src/rulesets/dnd5e/monsterAdvancedAbilities.test.ts | src/rulesets/dnd5e/monsterCoreSpellAction.test.ts"
"greater-restoration","高等复原术","Greater Restoration","5","audited-activity","full","verified-full","condition","mode-choice | effect-removal | ability-restoration","","","ability-restoration","src/rulesets/dnd5e/spellMaterials.ts","src/rulesets/dnd5e/activities/dnd5eActivityHeadlessAuthorityBridge.test.ts"
"guardian-of-faith","信仰守卫","Guardian of Faith","4","audited-activity","full","verified-full","saving-throw | half-on-save | damage","persistent-area | saving-throw | damage-pool","","","","src/rulesets/dnd5e/spellVisibility.ts","src/rulesets/dnd5e/activities/dnd5eCoreSpellActivities.test.ts"
"guards-and-wards","铜墙铁壁","Guards and Wards","6","audited-activity","partial","partial","","multi-area | door-state | illusory-content","","","","src/rulesets/dnd5e/spellMaterials.ts",""
"guidance","神导术","Guidance","0","core-transaction","full","verified-full","concentration","","","","","src/pages/maps/spellSettlementCoordinator.ts | src/rulesets/dnd5e/headlessCombatEngine.ts","src/components/map/tokenStatusTooltip.test.ts | src/lib/combatPresentation.test.ts | src/pages/maps/spellSettlementCoordinator.test.ts | src/presentation/maps/mapViewportCharacters.test.ts | src/rulesets/dnd5e/activeEffects.test.ts | src/rulesets/dnd5e/optionalBonusDieSpells.test.ts"
"guiding-bolt","曳光弹","Guiding Bolt","1","core-transaction","full","verified-full","spell-attack | damage | turn-trigger | slot-scaling","","","","turn-trigger","src/pages/maps/spellSettlementCoordinator.ts | src/rulesets/dnd5e/headlessCombatEngine.ts","src/lib/dnd5eActionIcons.test.ts | src/pages/maps/spellSettlementCoordinator.test.ts | src/rulesets/dnd5e/headlessCombatEngine.test.ts | src/rulesets/dnd5e/monsterParryHeadless.test.ts"
"gust-of-wind","造风术","Gust of Wind","2","audited-activity","full","verified-full","saving-throw | concentration | area | movement | sustained-control","persistent-area | forced-movement | area-movement","","","","","src/lib/dnd5eActionIcons.test.ts"
"hallow","圣居","Hallow","5","audited-activity","partial","partial","saving-throw | area | condition | turn-trigger | movement","persistent-area | mode-choice | open-ended-exclusions","原文要求 condition，Activity 及专用运行时均无完整证据 | 原文要求 turn-trigger，Activity 及专用运行时均无完整证据 | 原文要求 movement，Activity 及专用运行时均无完整证据","mode-choice","","",""
"hallucinatory-terrain","幻景","Hallucinatory Terrain","4","audited-activity","partial","partial","saving-throw | area","terrain-geometry | illusory-content | dm-interpretation","原文要求 area，Activity 及专用运行时均无完整证据","terrain-geometry","","",""
"harm","重伤术","Harm","6","core-transaction","full","verified-full","saving-throw | half-on-save | damage","","","","","src/rulesets/dnd5e/spellVisibility.ts","src/rulesets/dnd5e/headlessCombatEngine.test.ts | src/rulesets/dnd5e/monsterCoreSpellAction.test.ts | src/rulesets/dnd5e/spellCatalog.test.ts"
"haste","加速术","Haste","3","audited-activity","full","verified-full","concentration | turn-trigger | movement | sustained-control","effect-modifier | restricted-extra-action | expiry-penalty","","","expiry-penalty","src/rulesets/dnd5e/spellVisibility.ts","src/rulesets/dnd5e/activities/dnd5eActivityHeadlessAuthorityBridge.test.ts | src/rulesets/dnd5e/headlessCombatEngine.test.ts | src/rulesets/dnd5e/monsterCombatActionCoverageBatch.test.ts | src/rulesets/dnd5e/subclassSpellLists.test.ts"
"heal","医疗术","Heal","6","core-transaction","full","verified-full","healing | condition | slot-scaling","","","","condition","src/pages/maps/spellSettlementCoordinator.ts | src/rulesets/dnd5e/activities/dnd5eActivityExecutor.ts | src/rulesets/dnd5e/activities/dnd5eActivityHeadlessCompiler.ts | src/rulesets/dnd5e/combatSimulation.ts | src/rulesets/dnd5e/headlessActionTransaction.ts | src/rulesets/dnd5e/headlessCombatEngine.ts | src/rulesets/dnd5e/monsterDecisionContracts.ts | src/rulesets/dnd5e/monsterSupportCandidateGenerators.ts | src/rulesets/dnd5e/pluginSandbox.ts | src/rulesets/dnd5e/pluginSandbox.worker.ts | src/rulesets/dnd5e/spellVisibility.ts","src/components/map/Dnd5eActionIcon.test.ts | src/lib/combatStatistics.test.ts | src/lib/dnd5eActionIcons.test.ts | src/lib/sharedResourceSubscription.test.ts | src/lib/sharedServerCore.test.ts | src/lib/vfxSequence.test.ts | src/pages/maps/legendaryActionBoundary.test.ts | src/rulesets/dnd5e/activities/dnd5eActivityExecutor.test.ts | src/rulesets/dnd5e/activities/dnd5eActivityRegistry.test.ts | src/rulesets/dnd5e/activities/dnd5eLongLivedSpellActivities.test.ts | src/rulesets/dnd5e/combatSimulation.test.ts | src/rulesets/dnd5e/fighter.test.ts | src/rulesets/dnd5e/genericCombatPrimitives.test.ts | src/rulesets/dnd5e/headlessCombatEngine.test.ts | src/rulesets/dnd5e/hitPoints.test.ts | src/rulesets/dnd5e/localContentAiImport.test.ts | src/rulesets/dnd5e/localContentCollection.test.ts | src/rulesets/dnd5e/magicItems.test.ts | src/rulesets/dnd5e/monsterCombatActionCoverageBatch.test.ts | src/rulesets/dnd5e/monsterConditionalOnHitBatch.test.ts | src/rulesets/dnd5e/monsterHealingTouch.test.ts | src/rulesets/dnd5e/monsterMummyRotMultiattack.test.ts | src/rulesets/dnd5e/monsterRemainingSettlementBatch.test.ts | src/rulesets/dnd5e/monsterSchema.test.ts | src/rulesets/dnd5e/monsterSupportCandidateGenerators.test.ts | src/rulesets/dnd5e/pluginSandboxCapabilities.test.ts | src/rulesets/dnd5e/prayerOfHealingHeadless.test.ts | src/rulesets/dnd5e/spellAction.test.ts"
"healing-word","治愈真言","Healing Word","1","core-transaction","full","verified-full","healing | slot-scaling","","","","","src/pages/maps/spellSettlementCoordinator.ts | src/rulesets/dnd5e/spellVisibility.ts","src/lib/dnd5eActionIcons.test.ts | src/pages/maps/spellSettlementCoordinator.test.ts | src/rulesets/dnd5e/combatSimulation.test.ts | src/rulesets/dnd5e/headlessCombatEngine.test.ts | src/rulesets/dnd5e/spellAction.test.ts"
"heat-metal","灼热金属","Heat Metal","2","core-transaction","full","verified-full","saving-throw | damage | concentration | turn-trigger | sustained-control | slot-scaling","","","","saving-throw","src/rulesets/dnd5e/spellVisibility.ts | src/rulesets/dnd5e/sustainedSpellControls.ts","src/lib/dnd5eActionIcons.test.ts | src/rulesets/dnd5e/sustainedSpellControls.test.ts"
"hellish-rebuke","炼狱叱喝","Hellish Rebuke","1","core-transaction","full","verified-full","saving-throw | half-on-save | damage | slot-scaling","","","","","src/pages/maps/settleDnd5eCombatResult.ts | src/rulesets/dnd5e/activities/dnd5eActivityIdentity.ts | src/rulesets/dnd5e/headlessCombatEngine.ts | src/rulesets/dnd5e/inventoryReactionSpells.ts | src/rulesets/dnd5e/racialAutomation.ts | src/rulesets/dnd5e/spellVisibility.ts","src/lib/dnd5eActionIcons.test.ts | src/rulesets/dnd5e/headlessCombatEngine.test.ts | src/rulesets/dnd5e/inventoryReactionSpells.test.ts | src/rulesets/dnd5e/magicItems.test.ts | src/rulesets/dnd5e/racialAutomation.test.ts"
"heroes-feast","英雄宴","Heroes’ Feast","6","audited-activity","full","verified-full","condition","max-hit-points | condition-immunity | saving-throw-modifier","","","","src/rulesets/dnd5e/activeEffects.ts | src/rulesets/dnd5e/spellMaterials.ts","src/rulesets/dnd5e/activities/dnd5eCoreSpellActivities.test.ts"
"heroism","英雄气概","Heroism","1","core-transaction","full","verified-full","concentration | condition | turn-trigger","","","","turn-trigger","src/pages/maps/spellSettlementCoordinator.ts | src/rulesets/dnd5e/headlessCombatEngine.ts","src/lib/combatPresentation.test.ts | src/lib/sharedServerCore.test.ts | src/pages/maps/spellSettlementCoordinator.test.ts | src/rulesets/dnd5e/activeEffects.test.ts | src/rulesets/dnd5e/spellAction.test.ts"
"hideous-laughter","狂笑术","Hideous Laughter","1","core-transaction","full","verified-full","saving-throw | concentration | condition | turn-trigger","","","","turn-trigger","src/pages/maps/spellSettlementCoordinator.ts | src/rulesets/dnd5e/headlessCombatEngine.ts | src/rulesets/dnd5e/monsterMoveAction.ts | src/rulesets/dnd5e/playerMoveAction.ts | src/rulesets/dnd5e/spellAction.ts | src/rulesets/dnd5e/spellVisibility.ts","src/lib/combatPresentation.test.ts | src/lib/dnd5eActionIcons.test.ts | src/lib/sharedServerCore.test.ts | src/pages/maps/settleDnd5eCombatResult.test.ts | src/pages/maps/spellSettlementCoordinator.test.ts | src/rulesets/dnd5e/combatScenarioRegression.test.ts | src/rulesets/dnd5e/headlessCombatEngine.test.ts | src/rulesets/dnd5e/localContentCollection.test.ts | src/rulesets/dnd5e/playerMoveAction.test.ts | src/rulesets/dnd5e/spellAction.test.ts"
"hold-monster","怪物定身术","Hold Monster","5","core-transaction","full","verified-full","saving-throw | concentration | condition | turn-trigger | slot-scaling","","","","turn-trigger","src/pages/maps/spellSettlementCoordinator.ts | src/rulesets/dnd5e/headlessCombatEngine.ts | src/rulesets/dnd5e/spellAction.ts | src/rulesets/dnd5e/spellVisibility.ts","src/lib/combatPresentation.test.ts | src/pages/maps/spellSettlementCoordinator.test.ts | src/rulesets/dnd5e/headlessCombatEngine.test.ts"
"hold-person","人类定身术","Hold Person","2","core-transaction","full","verified-full","saving-throw | concentration | condition | turn-trigger | slot-scaling","","","","turn-trigger","src/pages/maps/spellSettlementCoordinator.ts | src/rulesets/dnd5e/headlessCombatEngine.ts | src/rulesets/dnd5e/monsterAdvancedAbilities.ts | src/rulesets/dnd5e/monsterCoreSpellAction.ts | src/rulesets/dnd5e/monsterTurnPlanner.ts | src/rulesets/dnd5e/spellAction.ts | src/rulesets/dnd5e/spellVisibility.ts","src/lib/combatPresentation.test.ts | src/lib/dnd5eActionIcons.test.ts | src/lib/sharedServerCore.test.ts | src/pages/maps/concentrationTokenMarks.test.ts | src/pages/maps/spellSettlementCoordinator.test.ts | src/rulesets/dnd5e/combatSimulation.test.ts | src/rulesets/dnd5e/headlessCombatEngine.test.ts | src/rulesets/dnd5e/monsterAdvancedAbilities.test.ts | src/rulesets/dnd5e/monsterCoreSpellAction.test.ts | src/rulesets/dnd5e/monsterResourceActions.test.ts"
"holy-aura","圣洁灵光","Holy Aura","8","audited-activity","full","verified-full","saving-throw | concentration | condition","roll-mode-modifier | typed-target | reaction-trigger","","","reaction-trigger","src/rulesets/dnd5e/spellMaterials.ts","src/rulesets/dnd5e/activities/dnd5eFormula.test.ts | src/rulesets/dnd5e/headlessCombatEngine.test.ts"
"hunters-mark","猎人印记","Hunter's Mark","1","core-transaction","full","verified-full","damage | concentration | slot-scaling","","","","damage | slot-scaling","src/pages/maps/spellSettlementCoordinator.ts | src/rulesets/dnd5e/character.ts | src/rulesets/dnd5e/headlessCombatEngine.ts | src/rulesets/dnd5e/spellVisibility.ts","src/components/map/CombatActionBanner.test.ts | src/lib/combatPresentation.test.ts | src/lib/dnd5eActionIcons.test.ts | src/lib/sharedServerCore.test.ts | src/pages/maps/spellSettlementCoordinator.test.ts | src/rulesets/dnd5e/headlessCombatEngine.test.ts | src/rulesets/dnd5e/spellCatalog.test.ts"
"hypnotic-pattern","催眠图纹","Hypnotic Pattern","3","core-transaction","full","verified-full","saving-throw | concentration | area | condition","","","","","src/pages/maps/spellSettlementCoordinator.ts | src/rulesets/dnd5e/headlessCombatEngine.ts | src/rulesets/dnd5e/verticalCombatGeometry.ts","src/lib/dnd5eActionIcons.test.ts | src/pages/maps/spellSettlementCoordinator.test.ts | src/rulesets/dnd5e/headlessCombatEngine.test.ts | src/rulesets/dnd5e/playerBasicAction.test.ts | src/rulesets/dnd5e/spellbook.test.ts"
"ice-storm","冰风暴","Ice Storm","4","core-transaction","full","verified-full","saving-throw | half-on-save | damage | area | turn-trigger | slot-scaling","","","","turn-trigger | slot-scaling","src/rulesets/dnd5e/coreSpellAreas.ts | src/rulesets/dnd5e/coreSpellAreaVisuals.ts | src/rulesets/dnd5e/persistentAreaPresentation.ts | src/rulesets/dnd5e/verticalCombatGeometry.ts","src/lib/combatPresentation.test.ts | src/pages/maps/spellSettlementCoordinator.test.ts | src/rulesets/dnd5e/coreSpellAreas.test.ts | src/rulesets/dnd5e/headlessCombatEngine.test.ts | src/rulesets/dnd5e/playerMoveAction.test.ts | src/rulesets/dnd5e/pluginAreas.test.ts | src/rulesets/dnd5e/spellAction.test.ts | src/rulesets/dnd5e/spellbook.test.ts | src/rulesets/dnd5e/spellDamageMaxDieBonus.test.ts"
"identify","鉴定术","Identify","1","audited-activity","full","verified-full","","metadata-visibility | effect-detection | inventory-effect","","","metadata-visibility | effect-detection","src/rulesets/dnd5e/activities/dnd5eActivityHeadlessAuthorityBridge.ts | src/rulesets/dnd5e/items.ts","src/rulesets/dnd5e/activities/dnd5eActivityHeadlessAuthorityBridge.test.ts | src/rulesets/dnd5e/items.test.ts | src/rulesets/dnd5e/spellMaterials.test.ts | src/rulesets/dnd5e/spellPresentationCoverage.test.ts"
"illusory-script","迷幻手稿","Illusory Script","1","audited-activity","partial","partial","","illusory-content | reader-identity | dm-interpretation","","","","src/rulesets/dnd5e/spellMaterials.ts","src/lib/dnd5eActionIcons.test.ts"
"imprisonment","禁锢术","Imprisonment","9","audited-activity","partial","partial","saving-throw | condition | movement","mode-choice | planar-state | open-text-release","","","condition | movement | mode-choice | planar-state","src/rulesets/dnd5e/spellVisibility.ts","src/rulesets/dnd5e/spellCatalog.test.ts"
"incendiary-cloud","焚云术","Incendiary Cloud","8","audited-activity","full","verified-full","saving-throw | half-on-save | damage | concentration | area | turn-trigger","persistent-area | saving-throw | area-lifecycle","","","","","src/rulesets/dnd5e/activities/dnd5eCoreSpellActivities.test.ts"
"inflict-wounds","致伤术","Inflict Wounds","1","core-transaction","full","verified-full","spell-attack | damage | slot-scaling","","","","","src/pages/maps/spellSettlementCoordinator.ts","src/lib/dnd5eActionIcons.test.ts | src/pages/maps/spellSettlementCoordinator.test.ts | src/rulesets/dnd5e/monsterParryHeadless.test.ts | src/rulesets/dnd5e/monsterResourceActions.test.ts"
"insect-plague","疫病虫群","Insect Plague","5","core-transaction","full","verified-full","saving-throw | half-on-save | damage | concentration | area | slot-scaling","","","","","src/rulesets/dnd5e/coreSpellAreas.ts | src/rulesets/dnd5e/coreSpellAreaVisuals.ts | src/rulesets/dnd5e/monsterAdvancedAbilities.ts | src/rulesets/dnd5e/persistentAreaPresentation.ts | src/rulesets/dnd5e/persistentAreaTypes.ts | src/rulesets/dnd5e/spellbook.ts","src/pages/maps/spellSettlementCoordinator.test.ts | src/rulesets/dnd5e/combatPersistentSpellBatch.test.ts | src/rulesets/dnd5e/coreSpellAreas.test.ts | src/rulesets/dnd5e/monsterCoreSpellAction.test.ts | src/rulesets/dnd5e/persistentAreaPresentation.test.ts | src/rulesets/dnd5e/persistentAreaTypes.test.ts"
"instant-summons","瞬间召唤","Instant Summons","6","audited-activity","full","verified-full","movement","item-link | planar-state | inventory-effect","","","movement | item-link | planar-state | inventory-effect","src/rulesets/dnd5e/activities/dnd5eActivityContracts.ts | src/rulesets/dnd5e/activities/dnd5eActivityExecutor.ts | src/rulesets/dnd5e/activities/dnd5eActivityHeadlessAuthorityBridge.ts | src/rulesets/dnd5e/activities/dnd5eActivityValidation.ts | src/rulesets/dnd5e/headlessCombatEngine.ts | src/rulesets/dnd5e/spellAuthorityState.ts | src/rulesets/dnd5e/spellMaterials.ts","src/rulesets/dnd5e/activities/dnd5eLongLivedSpellActivities.test.ts"
"invisibility","隐形术","Invisibility","2","core-transaction","full","verified-full","concentration | condition | slot-scaling","","","","","src/pages/maps/spellSettlementCoordinator.ts | src/rulesets/dnd5e/headlessCombatEngine.ts | src/rulesets/dnd5e/monsterAdvancedAbilities.ts | src/rulesets/dnd5e/monsters.ts | src/rulesets/dnd5e/monsterSchema.ts | src/rulesets/dnd5e/monsterSpecialAction.ts | src/rulesets/dnd5e/monsterStructuredSpecialCandidates.ts | src/rulesets/dnd5e/monsterSupportCandidateGenerators.ts | src/rulesets/dnd5e/monsterTurnPlan.ts | src/rulesets/dnd5e/tokenStatusMarkers.ts","src/lib/combatPresentation.test.ts | src/lib/sharedServerCore.test.ts | src/pages/maps/spellSettlementCoordinator.test.ts | src/rulesets/dnd5e/activeEffects.test.ts | src/rulesets/dnd5e/activeEffectsHeadless.test.ts | src/rulesets/dnd5e/headlessCombatEngine.test.ts | src/rulesets/dnd5e/monsterAdvancedAbilities.test.ts | src/rulesets/dnd5e/monsterCoreSpellAction.test.ts | src/rulesets/dnd5e/monsterTeleportInvisibility.test.ts | src/rulesets/dnd5e/monsterTurnPlanner.test.ts | src/rulesets/dnd5e/tokenStatusMarkers.test.ts"
"irresistible-dance","迷舞术","Irresistible Dance","6","audited-activity","full","verified-full","saving-throw | concentration | condition","effect-modifier | saving-throw | action-escape","","","action-escape","src/rulesets/dnd5e/spellVisibility.ts","src/rulesets/dnd5e/headlessCombatEngine.test.ts"
"jump","跳跃术","Jump","1","core-transaction","full","verified-full","","","","","","src/pages/maps/spellSettlementCoordinator.ts | src/rulesets/dnd5e/headlessCombatEngine.ts | src/rulesets/dnd5e/magicItems.ts","src/lib/combatPresentation.test.ts | src/lib/sharedServerCore.test.ts | src/pages/maps/spellSettlementCoordinator.test.ts | src/rulesets/dnd5e/activeEffects.test.ts | src/rulesets/dnd5e/classes.test.ts | src/rulesets/dnd5e/featHeadlessPrimitives.test.ts | src/rulesets/dnd5e/fighter.test.ts | src/rulesets/dnd5e/localContentCollection.test.ts | src/rulesets/dnd5e/magicItems.test.ts | src/rulesets/dnd5e/monsterMoveAction.test.ts | src/rulesets/dnd5e/plugins/pluginItemHeadlessProtocol.test.ts | src/rulesets/dnd5e/spellAction.test.ts | src/rulesets/dnd5e/traversal.test.ts"
"knock","敲击术","Knock","2","audited-activity","full","verified-full","","door-state | object-unlock | sound-event","","","door-state | object-unlock | sound-event","src/rulesets/dnd5e/activities/dnd5eActivityContracts.ts | src/rulesets/dnd5e/activities/dnd5eActivityExecutor.ts | src/rulesets/dnd5e/activities/dnd5eActivityMapInteraction.ts | src/rulesets/dnd5e/activities/dnd5eActivityValidation.ts | src/rulesets/dnd5e/spellVisibility.ts","src/rulesets/dnd5e/activities/dnd5eActivityMapInteraction.test.ts | src/rulesets/dnd5e/activities/dnd5eCoreSpellActivities.test.ts | src/rulesets/dnd5e/mapInteraction.test.ts | src/rulesets/dnd5e/totemWarrior.test.ts"
"legend-lore","通晓传奇","Legend Lore","5","none","manual","manual","","dm-response | world-information","","","","src/rulesets/dnd5e/spellMaterials.ts","src/lib/monsterManualSpell.test.ts | src/pages/maps/DmAdjudicationPanel.test.ts"
"lesser-restoration","次级复原术","Lesser Restoration","2","core-transaction","full","verified-full","condition","","","","","src/pages/maps/spellSettlementCoordinator.ts | src/rulesets/dnd5e/magicItems.ts | src/rulesets/dnd5e/monsterSupportCandidateGenerators.ts","src/lib/combatPresentation.test.ts | src/lib/dnd5eActionIcons.test.ts | src/pages/maps/spellSettlementCoordinator.test.ts | src/rulesets/dnd5e/combatSimulation.test.ts | src/rulesets/dnd5e/headlessCombatEngine.test.ts | src/rulesets/dnd5e/magicItems.test.ts | src/rulesets/dnd5e/monsterAdvancedAbilities.test.ts | src/rulesets/dnd5e/monsterCoreSpellAction.test.ts | src/rulesets/dnd5e/monsterTurnPlanner.test.ts"
"levitate","浮空术","Levitate","2","audited-activity","full","verified-full","saving-throw | concentration","saving-throw | vertical-movement | source-control","","","source-control","src/rulesets/dnd5e/spellVisibility.ts","src/rulesets/dnd5e/activeEffects.test.ts | src/rulesets/dnd5e/pluginFeatureAction.test.ts"
"light","光亮术","Light","0","audited-activity","full","verified-full","saving-throw","light-source | object-enchantment | saving-throw","","","light-source | object-enchantment","src/rulesets/dnd5e/activities/dnd5eActivityExecutor.ts | src/rulesets/dnd5e/activities/dnd5eActivityMapInteraction.ts | src/rulesets/dnd5e/activities/dnd5eActivityValidation.ts | src/rulesets/dnd5e/activities/dnd5eEffectContracts.ts | src/rulesets/dnd5e/characterCapabilities.ts | src/rulesets/dnd5e/coreSpellAreas.ts | src/rulesets/dnd5e/customRulesPlugin.ts | src/rulesets/dnd5e/equipment.ts | src/rulesets/dnd5e/items.ts | src/rulesets/dnd5e/monsters.ts | src/rulesets/dnd5e/monsterSchema.ts | src/rulesets/dnd5e/persistentAreaTypes.ts | src/rulesets/dnd5e/pluginApi.ts | src/rulesets/dnd5e/plugins/pluginContentCatalog.ts | src/rulesets/dnd5e/plugins/pluginItemDefinition.ts | src/rulesets/dnd5e/plugins/pluginMechanicsContracts.ts","src/application/combat/spells/SpellTargetingCoordinator.test.ts | src/components/map/mapCanvasSurface.test.ts | src/components/map/mapLightingPresentation.test.ts | src/components/map/PlayerMapSpellHotbar.test.ts | src/components/map/tokenBorderFlow.test.ts | src/components/rules/Dnd5eActivityTemplateEditor.test.ts | src/lib/appTheme.test.ts | src/lib/campaignTime.test.ts | src/lib/combatPresentation.test.ts | src/lib/explorationSpellInitiative.test.ts | src/lib/mapGeometry.test.ts | src/lib/playerActionAuthorityRouter.test.ts | src/lib/sceneOrchestration.test.ts | src/lib/sharedResourceValidation.test.ts | src/lib/sharedServerCore.test.ts | src/lib/uvttExport.test.ts | src/pages/maps/cuttingWordsVisibility.test.ts | src/presentation/maps/MapViewportLayer.test.ts | src/rulesets/dnd5e/activeEffects.test.ts | src/rulesets/dnd5e/activities/dnd5eActivityCombatE2e.test.ts | src/rulesets/dnd5e/activities/dnd5eActivityCommand.test.ts | src/rulesets/dnd5e/activities/dnd5eActivityExecutor.test.ts | src/rulesets/dnd5e/activities/dnd5eActivityInvocation.test.ts | src/rulesets/dnd5e/activities/dnd5eActivityMapInteraction.test.ts | src/rulesets/dnd5e/activities/dnd5eActivityWeaponAttackGrant.test.ts | src/rulesets/dnd5e/activities/dnd5eCoreSpellActivities.test.ts | src/rulesets/dnd5e/attackDisadvantageInterrupt.test.ts | src/rulesets/dnd5e/character.test.ts | src/rulesets/dnd5e/contentPackageV2.test.ts | src/rulesets/dnd5e/coreSpellAreas.test.ts | src/rulesets/dnd5e/declarativeSubclassAbility.test.ts | src/rulesets/dnd5e/environmentRules.test.ts | src/rulesets/dnd5e/equipment.test.ts | src/rulesets/dnd5e/featHeadlessPrimitives.test.ts | src/rulesets/dnd5e/headlessCombatEngine.test.ts | src/rulesets/dnd5e/localContentCollection.test.ts | src/rulesets/dnd5e/mapBridge.test.ts | src/rulesets/dnd5e/monsterAreaAction.test.ts | src/rulesets/dnd5e/monsterCombatActionCoverageBatch.test.ts | src/rulesets/dnd5e/monsterMoveAction.test.ts | src/rulesets/dnd5e/monsterPersistentAreas.test.ts | src/rulesets/dnd5e/monsterStatBlockPaste.test.ts | src/rulesets/dnd5e/monsterStructuredSpecialActionBatch.test.ts | src/rulesets/dnd5e/monsterTurnPlanner.test.ts | src/rulesets/dnd5e/playerMoveAction.test.ts | src/rulesets/dnd5e/pluginApi.test.ts | src/rulesets/dnd5e/pluginSpellTransaction.test.ts | src/rulesets/dnd5e/spellAction.test.ts | src/store/mapGeometry.test.ts | src/store/mapsMigrate.test.ts | src/store/sceneOrchestration.test.ts"
"lightning-bolt","闪电束","Lightning Bolt","3","core-transaction","full","verified-full","saving-throw | half-on-save | damage | area | slot-scaling","","","","","","src/lib/dnd5eActionIcons.test.ts | src/pages/maps/spellSettlementCoordinator.test.ts | src/rulesets/dnd5e/spellAction.test.ts | src/rulesets/dnd5e/spellbook.test.ts | src/rulesets/dnd5e/verticalCombatGeometry.test.ts"
"locate-animals-or-plants","动植物定位术","Locate Animals or Plants","2","audited-activity","partial","partial","concentration","world-information | semantic-target | off-map-search","原文要求 concentration，Activity 及专用运行时均无完整证据","","","","src/lib/dnd5eActionIcons.test.ts"
"locate-creature","生物定位术","Locate Creature","4","audited-activity","partial","partial","concentration","world-information | semantic-target | off-map-search","原文要求 concentration，Activity 及专用运行时均无完整证据","","","",""
"locate-object","物件定位术","Locate Object","2","audited-activity","partial","partial","concentration","world-information | semantic-target | off-map-search","原文要求 concentration，Activity 及专用运行时均无完整证据","","","","src/lib/dnd5eActionIcons.test.ts"
"longstrider","大步奔行","Longstrider","1","core-transaction","full","verified-full","slot-scaling","","","","","src/pages/maps/spellSettlementCoordinator.ts | src/rulesets/dnd5e/headlessCombatEngine.ts | src/rulesets/dnd5e/monsterAdvancedAbilities.ts | src/rulesets/dnd5e/monsterSupportCandidateGenerators.ts","src/lib/combatPresentation.test.ts | src/lib/sharedServerCore.test.ts | src/pages/maps/spellSettlementCoordinator.test.ts | src/rulesets/dnd5e/monsterAdvancedAbilities.test.ts | src/rulesets/dnd5e/monsterCoreSpellAction.test.ts | src/rulesets/dnd5e/protectionFromEnergySpell.test.ts"
"mage-armor","法师护甲","Mage Armor","1","core-transaction","full","verified-full","","","","","","src/pages/maps/spellSettlementCoordinator.ts | src/rulesets/dnd5e/headlessCombatEngine.ts | src/rulesets/dnd5e/monsterAdvancedAbilities.ts | src/rulesets/dnd5e/monsterSupportCandidateGenerators.ts","src/lib/dnd5eActionIcons.test.ts | src/lib/sharedServerCore.test.ts | src/pages/maps/spellSettlementCoordinator.test.ts | src/rulesets/dnd5e/damageMitigationInterrupt.test.ts | src/rulesets/dnd5e/headlessCombatEngine.test.ts | src/rulesets/dnd5e/items.test.ts | src/rulesets/dnd5e/localContentAiImport.test.ts | src/rulesets/dnd5e/monsterAdvancedAbilities.test.ts | src/rulesets/dnd5e/monsterContentDeepAnalysis.test.ts | src/rulesets/dnd5e/monsterCoreSpellAction.test.ts | src/rulesets/dnd5e/monsterStatBlockPaste.test.ts"
"mage-hand","法师之手","Mage Hand","0","core-transaction","full","verified-full","movement","","","","movement","src/rulesets/dnd5e/coreSpellAreas.ts | src/rulesets/dnd5e/coreSpellAreaVisuals.ts | src/rulesets/dnd5e/persistentAreaPresentation.ts | src/rulesets/dnd5e/persistentAreaTypes.ts | src/rulesets/dnd5e/spellbook.ts","src/lib/dnd5eActionIcons.test.ts | src/lib/sharedServerCore.test.ts | src/pages/maps/spellSettlementCoordinator.test.ts | src/rulesets/dnd5e/coreSpellAreas.test.ts | src/rulesets/dnd5e/persistentAreaPresentation.test.ts | src/rulesets/dnd5e/persistentAreaTypes.test.ts | src/rulesets/dnd5e/spellbook.test.ts | src/rulesets/dnd5e/utilityProjection.test.ts"
"magic-circle","防护法阵","Magic Circle","3","audited-activity","full","verified-full","saving-throw | area | condition | movement | slot-scaling","persistent-area | typed-target | movement-blocking","","","slot-scaling","src/rulesets/dnd5e/spellMaterials.ts | src/rulesets/dnd5e/spellVisibility.ts","src/lib/dnd5eActionIcons.test.ts | src/rulesets/dnd5e/mapBridge.test.ts | src/rulesets/dnd5e/persistentAreaGeometry.test.ts"
"magic-jar","魔魂壶","Magic Jar","6","audited-activity","full","verified-full","saving-throw","planar-state | actor-control | body-snapshot","","","planar-state | actor-control | body-snapshot","src/rulesets/dnd5e/spellMaterials.ts | src/rulesets/dnd5e/spellVisibility.ts","src/rulesets/dnd5e/activities/dnd5eLongLivedSpellActivities.test.ts"
"magic-missile","魔法飞弹","Magic Missile","1","core-transaction","full","verified-full","damage | slot-scaling","","","","","src/pages/maps/spellSettlementCoordinator.ts | src/rulesets/dnd5e/headlessCombatEngine.ts | src/rulesets/dnd5e/magicItems.ts | src/rulesets/dnd5e/spellVisibility.ts","src/application/combat/spells/SpellTargetingCoordinator.test.ts | src/components/map/combatSpellDamagePresentation.test.ts | src/components/map/PlayerCombatHotbar.test.ts | src/lib/characterExcelImport.test.ts | src/lib/combatLogDetails.test.ts | src/lib/combatPresentation.test.ts | src/lib/dnd5eActionIcons.test.ts | src/lib/dnd5eCombatActionDescriptors.test.ts | src/lib/explorationSpellInitiative.test.ts | src/lib/monsterManualSpell.test.ts | src/lib/sharedApi.test.ts | src/lib/sharedServerCore.test.ts | src/pages/maps/CombatLogEntryCard.test.ts | src/pages/maps/commitDnd5eCombatResult.test.ts | src/pages/maps/DmAdjudicationPanel.test.ts | src/pages/maps/settleDnd5eCombatResult.test.ts | src/pages/maps/spellProjectileTargeting.test.ts | src/pages/maps/spellSettlementCoordinator.test.ts | src/rulesets/dnd5e/combatSimulation.test.ts | src/rulesets/dnd5e/eldritchKnight.test.ts | src/rulesets/dnd5e/genericCombatPrimitives.test.ts | src/rulesets/dnd5e/headlessCombatEngine.test.ts | src/rulesets/dnd5e/magicItems.test.ts | src/rulesets/dnd5e/monsterAdvancedAbilities.test.ts | src/rulesets/dnd5e/monsterCoreSpellAction.test.ts | src/rulesets/dnd5e/monsterResourceActions.test.ts | src/rulesets/dnd5e/postSpellRandomTable.test.ts | src/rulesets/dnd5e/racialAutomation.test.ts | src/rulesets/dnd5e/spellAction.test.ts | src/rulesets/dnd5e/spellCatalog.test.ts | src/rulesets/dnd5e/spellDamageMaxDieBonus.test.ts | src/rulesets/dnd5e/subclassSpellcasting.test.ts"
"magic-mouth","魔嘴术","Magic Mouth","2","audited-activity","partial","partial","","object-enchantment | open-text-trigger | communication","","","communication","src/rulesets/dnd5e/spellMaterials.ts | src/rulesets/dnd5e/spellVisibility.ts","src/lib/dnd5eActionIcons.test.ts"
"magic-weapon","魔化武器","Magic Weapon","2","core-transaction","full","verified-full","concentration | slot-scaling","","","","slot-scaling","src/pages/maps/spellSettlementCoordinator.ts | src/rulesets/dnd5e/headlessCombatEngine.ts | src/rulesets/dnd5e/monsterAdvancedAbilities.ts | src/rulesets/dnd5e/spellAction.ts","src/lib/combatPresentation.test.ts | src/lib/dnd5eActionIcons.test.ts | src/lib/sharedServerCore.test.ts | src/pages/maps/spellSettlementCoordinator.test.ts | src/rulesets/dnd5e/combatSimulation.test.ts | src/rulesets/dnd5e/equipmentAttackAction.test.ts | src/rulesets/dnd5e/headlessCombatEngine.test.ts | src/rulesets/dnd5e/mapBridge.test.ts | src/rulesets/dnd5e/monsterAdvancedAbilities.test.ts | src/rulesets/dnd5e/spellAction.test.ts"
"magnificent-mansion","豪宅术","Magnificent Mansion","7","audited-activity","partial","partial","area","cross-scene | object-creation | dm-layout","原文要求 area，Activity 及专用运行时均无完整证据","","","src/rulesets/dnd5e/spellMaterials.ts",""
"major-image","高等幻影","Major Image","3","audited-activity","partial","partial","saving-throw | concentration | area | slot-scaling","illusory-content | sensor-vision | dm-interpretation","","","concentration | area | slot-scaling","src/rulesets/dnd5e/spellVisibility.ts","src/lib/dnd5eActionIcons.test.ts"
"mass-cure-wounds","群体疗伤术","Mass Cure Wounds","5","core-transaction","full","verified-full","healing | area | slot-scaling","","","","area","src/pages/maps/spellSettlementCoordinator.ts | src/rulesets/dnd5e/magicItems.ts","src/rulesets/dnd5e/magicItems.test.ts | src/rulesets/dnd5e/spellAction.test.ts"
"mass-heal","群体医疗术","Mass Heal","9","core-transaction","full","verified-full","healing | condition","","","","condition","src/pages/maps/spellSettlementCoordinator.ts | src/rulesets/dnd5e/spellVisibility.ts","src/lib/vfxSequence.test.ts | src/rulesets/dnd5e/headlessCombatEngine.test.ts | src/rulesets/dnd5e/spellAction.test.ts"
"mass-healing-word","群体治愈真言","Mass Healing Word","3","core-transaction","full","verified-full","healing | slot-scaling","","","","","src/pages/maps/spellSettlementCoordinator.ts | src/rulesets/dnd5e/spellVisibility.ts","src/lib/dnd5eActionIcons.test.ts | src/rulesets/dnd5e/headlessCombatEngine.test.ts"
"mass-suggestion","群体暗示术","Mass Suggestion","6","audited-activity","partial","partial","saving-throw | condition | slot-scaling","saving-throw | semantic-command | semantic-compliance","原文要求 condition，Activity 及专用运行时均无完整证据 | 原文要求 slot-scaling，Activity 及专用运行时均无完整证据","","","src/rulesets/dnd5e/spellVisibility.ts",""
"maze","迷宫术","Maze","8","audited-activity","full","verified-full","concentration","planar-state | ability-check | turn-trigger","","","ability-check | turn-trigger","src/rulesets/dnd5e/spellVisibility.ts","src/rulesets/dnd5e/activities/dnd5eCoreSpellActivities.test.ts | src/rulesets/dnd5e/headlessCombatEngine.test.ts | src/rulesets/dnd5e/spellCatalog.test.ts"
"meld-into-stone","融身入石","Meld into Stone","3","audited-activity","full","verified-full","damage | condition","terrain-geometry | planar-state | ejection-damage","","","","","src/lib/dnd5eActionIcons.test.ts | src/rulesets/dnd5e/activities/dnd5eLongLivedSpellActivities.test.ts"
"mending","修复术","Mending","0","audited-activity","partial","partial","","world-object | repair-state | dm-object-fit","","world-object","","",""
"message","传讯术","Message","0","audited-activity","full","verified-full","","communication | line-of-effect | language-capability","","","line-of-effect | language-capability","src/rulesets/dnd5e/pluginSandbox.ts | src/rulesets/dnd5e/pluginSandbox.worker.ts","src/components/map/Dnd5eActionIcon.test.ts | src/components/map/mapFreeDiceRoll.test.ts | src/components/map/MapSpellsPanel.test.ts | src/lib/dnd5eActionIcons.test.ts | src/lib/dnd5eCombatSimulationJob.test.ts | src/lib/dnd5eMonsterTurnPlannerWorker.test.ts | src/lib/pdfCampaignAnalysis.test.ts | src/lib/sharedCombatReset.test.ts | src/lib/sharedResourceSubscription.test.ts | src/lib/sharedServerCombatTransactions.test.ts | src/lib/sharedServerCore.test.ts | src/lib/tencentVerificationProvider.test.ts | src/pages/maps/combatEndCoordinator.test.ts | src/pages/maps/postSpellRandomTableAdjudication.test.ts | src/rulesets/dnd5e/activities/dnd5eCoreSpellActivities.test.ts | src/rulesets/dnd5e/localContentAiImport.test.ts | src/rulesets/dnd5e/pluginSandbox.test.ts"
"meteor-swarm","流星爆","Meteor Swarm","9","core-transaction","full","verified-full","saving-throw | half-on-save | damage | area","","","","","src/rulesets/dnd5e/spellVisibility.ts","src/application/combat/spells/SpellTargetingCoordinator.test.ts | src/pages/maps/spellAoeHighlight.test.ts | src/rulesets/dnd5e/spellAction.test.ts | src/rulesets/dnd5e/spellbook.test.ts"
"mind-blank","心灵屏障","Mind Blank","8","audited-activity","full","verified-full","condition","damage-immunity | condition-immunity | effect-suppression","","","","src/rulesets/dnd5e/activeEffects.ts | src/rulesets/dnd5e/headlessCombatEngine.ts","src/rulesets/dnd5e/headlessCombatEngine.test.ts"
"minor-illusion","次级幻影","Minor Illusion","0","core-transaction","full","verified-full","saving-throw | area","","","","saving-throw | area","src/pages/maps/spellSettlementCoordinator.ts | src/rulesets/dnd5e/spellbook.ts","src/lib/dnd5eActionIcons.test.ts | src/lib/vfxSequence.test.ts | src/rulesets/dnd5e/localContentCollection.test.ts | src/rulesets/dnd5e/racialAutomation.test.ts"
"mirage-arcane","海市蜃楼","Mirage Arcane","7","audited-activity","partial","partial","","terrain-geometry | illusory-content | world-state","","terrain-geometry","","",""
"mirror-image","镜影术","Mirror Image","2","audited-activity","full","verified-full","","attack-redirection | duplicate-counter | attack-resolution","","","","","src/lib/dnd5eActionIcons.test.ts | src/pages/maps/dnd5eActiveEffectEditing.test.ts | src/rulesets/dnd5e/activities/dnd5eCoreSpellActivities.test.ts | src/rulesets/dnd5e/headlessCombatEngine.test.ts | src/rulesets/dnd5e/pluginSpellTransaction.test.ts"
"mislead","假象术","Mislead","5","audited-activity","full","verified-full","concentration | condition | movement | sustained-control","sensor-vision | invisibility | entity-movement","","","","","src/rulesets/dnd5e/activities/dnd5eCoreSpellActivities.test.ts"
"misty-step","迷踪步","Misty Step","2","core-transaction","full","verified-full","movement","","","","movement","src/pages/maps/spellSettlementCoordinator.ts | src/rulesets/dnd5e/spellVisibility.ts","src/lib/combatLogDetails.test.ts | src/lib/combatPresentation.test.ts | src/lib/dnd5eActionIcons.test.ts | src/pages/maps/spellSettlementCoordinator.test.ts | src/rulesets/dnd5e/headlessCombatEngine.test.ts | src/rulesets/dnd5e/monsterAdvancedAbilities.test.ts | src/rulesets/dnd5e/monsterCoreSpellAction.test.ts | src/rulesets/dnd5e/spellAction.test.ts"
"modify-memory","篡改记忆","Modify Memory","5","audited-activity","partial","partial","saving-throw | concentration | condition | slot-scaling","saving-throw | semantic-memory | dm-interpretation","原文要求 slot-scaling，Activity 及专用运行时均无完整证据","","","src/rulesets/dnd5e/spellVisibility.ts",""
"moonbeam","月华之光","Moonbeam","2","core-transaction","full","verified-full","saving-throw | half-on-save | damage | concentration | area | turn-trigger | slot-scaling","","","","saving-throw | half-on-save | damage | slot-scaling","src/rulesets/dnd5e/coreSpellAreas.ts | src/rulesets/dnd5e/coreSpellAreaVisuals.ts | src/rulesets/dnd5e/persistentAreaTypes.ts","src/components/map/MapPersistentAreaLayers.test.ts | src/lib/combatPresentation.test.ts | src/pages/maps/spellSettlementCoordinator.test.ts | src/rulesets/dnd5e/coreSpellAreas.test.ts | src/rulesets/dnd5e/headlessCombatEngine.test.ts | src/rulesets/dnd5e/persistentAreaGeometry.test.ts | src/rulesets/dnd5e/spellAction.test.ts | src/rulesets/dnd5e/verticalCombatGeometry.test.ts | src/store/characterNormalizationDamageAudit.test.ts"
"move-earth","地动术","Move Earth","6","audited-activity","partial","partial","concentration","terrain-geometry | world-state | dm-interpretation","原文要求 concentration，Activity 及专用运行时均无完整证据","terrain-geometry","","",""
"nondetection","回避侦测","Nondetection","3","audited-activity","full","verified-full","","effect-suppression | duration | targeting-immunity","","","","","src/rulesets/dnd5e/activities/dnd5eCoreSpellActivities.test.ts"
"pass-without-trace","行动无踪","Pass without Trace","2","audited-activity","full","verified-full","concentration | condition","skill-check-modifier | source-aura | tracking-suppression","","","tracking-suppression","src/rulesets/dnd5e/headlessCombatEngine.ts","src/lib/dnd5eActionIcons.test.ts | src/rulesets/dnd5e/headlessCombatEngine.test.ts"
"passwall","穿墙术","Passwall","5","audited-activity","full","verified-full","","terrain-geometry | movement-blocking | duration","","","terrain-geometry","src/rulesets/dnd5e/spellVisibility.ts","src/lib/mapGeometry.test.ts | src/rulesets/dnd5e/activities/dnd5eCoreSpellActivities.test.ts"
"phantasmal-killer","魅影杀手","Phantasmal Killer","4","core-transaction","full","verified-full","saving-throw | damage | concentration | condition | turn-trigger | slot-scaling","","","","damage | turn-trigger | slot-scaling","src/pages/maps/spellSettlementCoordinator.ts | src/rulesets/dnd5e/headlessCombatEngine.ts | src/rulesets/dnd5e/spellVisibility.ts","src/pages/maps/spellSettlementCoordinator.test.ts | src/rulesets/dnd5e/activeEffects.test.ts | src/rulesets/dnd5e/headlessCombatEngine.test.ts"
"phantom-steed","魅影驹","Phantom Steed","3","audited-activity","full","verified-full","","summon-companion | movement-mode | duration","","","","","src/lib/dnd5eActionIcons.test.ts | src/rulesets/dnd5e/activities/dnd5eCoreSpellActivities.test.ts | src/rulesets/dnd5e/mapBridge.test.ts | src/rulesets/dnd5e/summonedCreatures.test.ts | src/store/mapsMigrate.test.ts"
"planar-ally","异界盟誓","Planar Ally","6","audited-activity","partial","partial","","summon-companion | dm-creature-choice | semantic-bargain","","","","",""
"planar-binding","异界誓缚","Planar Binding","5","audited-activity","partial","partial","saving-throw | slot-scaling","saving-throw | actor-control | semantic-command","原文要求 slot-scaling，Activity 及专用运行时均无完整证据","","","src/rulesets/dnd5e/spellMaterials.ts",""
"plane-shift","异界传送","Plane Shift","7","audited-activity","partial","partial","saving-throw | spell-attack | movement","spell-attack | saving-throw | cross-scene","","","movement","src/rulesets/dnd5e/spellMaterials.ts","src/rulesets/dnd5e/magicItems.test.ts | src/rulesets/dnd5e/srdContent.test.ts"
"plant-growth","植物滋长","Plant Growth","3","audited-activity","partial","partial","area","persistent-area | terrain-geometry | long-term-world-state","","terrain-geometry","","","src/lib/dnd5eActionIcons.test.ts"
"poison-spray","毒气喷溅","Poison Spray","0","core-transaction","full","verified-full","saving-throw | damage","","","","","src/pages/maps/spellSettlementCoordinator.ts | src/rulesets/dnd5e/spellVisibility.ts","src/lib/combatPresentation.test.ts | src/lib/dnd5eActionIcons.test.ts | src/pages/maps/spellSettlementCoordinator.test.ts | src/rulesets/dnd5e/headlessCombatEngine.test.ts | src/rulesets/dnd5e/optionalBonusDieSpells.test.ts | src/rulesets/dnd5e/spellAction.test.ts | src/rulesets/dnd5e/spellSavePressure.test.ts"
"polymorph","变形术","Polymorph","4","audited-activity","full","verified-full","saving-throw | concentration","stat-transform | form-catalog | hit-point-handoff","","","form-catalog | hit-point-handoff","src/rulesets/dnd5e/activities/dnd5eActivityContracts.ts | src/rulesets/dnd5e/activities/dnd5eActivityExecutor.ts | src/rulesets/dnd5e/activities/dnd5eActivityValidation.ts | src/rulesets/dnd5e/headlessCombatEngine.ts | src/rulesets/dnd5e/spellVisibility.ts","src/rulesets/dnd5e/activities/dnd5eActivityHeadlessAuthorityBridge.test.ts | src/rulesets/dnd5e/mapBridge.test.ts"
"power-word-kill","律令死亡","Power Word Kill","9","core-transaction","full","verified-full","","","","","","src/pages/maps/spellSettlementCoordinator.ts | src/rulesets/dnd5e/combatSimulation.ts | src/rulesets/dnd5e/headlessCombatEngine.ts | src/rulesets/dnd5e/monsterAdvancedAbilities.ts | src/rulesets/dnd5e/monsterTurnPlanner.ts | src/rulesets/dnd5e/spellVisibility.ts","src/lib/combatPresentation.test.ts | src/pages/maps/spellSettlementCoordinator.test.ts | src/rulesets/dnd5e/headlessCombatEngine.test.ts | src/rulesets/dnd5e/spellAction.test.ts | src/rulesets/dnd5e/spellCatalog.test.ts"
"power-word-stun","律令震慑","Power Word Stun","8","core-transaction","full","verified-full","saving-throw | condition | turn-trigger","","","","saving-throw | condition | turn-trigger","src/pages/maps/spellSettlementCoordinator.ts | src/rulesets/dnd5e/combatSimulation.ts | src/rulesets/dnd5e/headlessCombatEngine.ts | src/rulesets/dnd5e/monsterAdvancedAbilities.ts | src/rulesets/dnd5e/monsterTurnPlanner.ts | src/rulesets/dnd5e/spellVisibility.ts","src/lib/combatPresentation.test.ts | src/pages/maps/spellSettlementCoordinator.test.ts | src/rulesets/dnd5e/headlessCombatEngine.test.ts"
"prayer-of-healing","治疗祷言","Prayer of Healing","2","core-transaction","full","verified-full","healing | slot-scaling","","","","","src/pages/maps/spellSettlementCoordinator.ts | src/rulesets/dnd5e/spellbook.ts | src/rulesets/dnd5e/spellVisibility.ts","src/lib/dnd5eActionIcons.test.ts | src/rulesets/dnd5e/prayerOfHealingHeadless.test.ts | src/rulesets/dnd5e/spellbook.test.ts"
"prestidigitation","魔法伎俩","Prestidigitation","0","audited-activity","partial","partial","area | turn-trigger","mode-choice | minor-world-effect | open-ended-content","原文要求 area，Activity 及专用运行时均无完整证据 | 原文要求 turn-trigger，Activity 及专用运行时均无完整证据","mode-choice","","",""
"prismatic-spray","虹光喷射","Prismatic Spray","7","audited-activity","partial","partial","saving-throw | half-on-save | damage | area | condition | turn-trigger | movement","saving-throw | random-table | dm-planar-destination","原文要求 half-on-save，Activity 及专用运行时均无完整证据 | 原文要求 condition，Activity 及专用运行时均无完整证据 | 原文要求 turn-trigger，Activity 及专用运行时均无完整证据 | 原文要求 movement，Activity 及专用运行时均无完整证据","random-table","","",""
"prismatic-wall","虹光法墙","Prismatic Wall","9","audited-activity","partial","partial","saving-throw | half-on-save | damage | area | condition | turn-trigger | movement","persistent-area | layered-effects | dm-planar-destination","原文要求 half-on-save，Activity 及专用运行时均无完整证据 | 原文要求 condition，Activity 及专用运行时均无完整证据 | 原文要求 turn-trigger，Activity 及专用运行时均无完整证据 | 原文要求 movement，Activity 及专用运行时均无完整证据","","","src/rulesets/dnd5e/spellVisibility.ts",""
"private-sanctum","私人密室","Private Sanctum","4","audited-activity","partial","partial","area | movement | slot-scaling","persistent-area | sensor-blocking | teleport-blocking | slot-scaling-gap","","","","","src/lib/mapGeometry.test.ts | src/rulesets/dnd5e/headlessCombatEngine.test.ts"
"produce-flame","燃火术","Produce Flame","0","core-transaction","full","verified-full","spell-attack | damage","","","","","src/pages/maps/spellSettlementCoordinator.ts | src/rulesets/dnd5e/headlessCombatEngine.ts | src/rulesets/dnd5e/spellbook.ts | src/rulesets/dnd5e/sustainedSpellControls.ts","src/lib/combatPresentation.test.ts | src/lib/dnd5eActionIcons.test.ts | src/lib/vfxSequence.test.ts | src/pages/maps/spellSettlementCoordinator.test.ts | src/rulesets/dnd5e/monsterHeadlessCoverage.test.ts | src/rulesets/dnd5e/spellAction.test.ts | src/rulesets/dnd5e/spellbook.test.ts | src/rulesets/dnd5e/sustainedSpellControls.test.ts"
"programmed-illusion","预置幻影","Programmed Illusion","6","audited-activity","partial","partial","saving-throw | area","illusory-content | open-text-trigger | dm-interpretation","原文要求 area，Activity 及专用运行时均无完整证据","","","src/rulesets/dnd5e/spellMaterials.ts",""
"project-image","投影术","Project Image","7","audited-activity","full","verified-full","saving-throw | concentration | condition | movement","sensor-vision | entity-movement","","","","src/rulesets/dnd5e/spellMaterials.ts","src/rulesets/dnd5e/activities/dnd5eCoreSpellActivities.test.ts"
"protection-from-energy","防护能量伤害","Protection from Energy","3","core-transaction","full","verified-full","concentration","","","","","src/pages/maps/spellSettlementCoordinator.ts | src/rulesets/dnd5e/headlessCombatEngine.ts","src/lib/combatPresentation.test.ts | src/lib/dnd5eActionIcons.test.ts | src/lib/sharedServerCore.test.ts | src/pages/maps/spellSettlementCoordinator.test.ts | src/rulesets/dnd5e/protectionFromEnergySpell.test.ts"
"protection-from-evil-and-good","防护善恶","Protection from Evil and Good","1","audited-activity","full","verified-full","concentration | condition","typed-target | roll-mode-modifier | condition-immunity","","","","src/rulesets/dnd5e/activeEffects.ts | src/rulesets/dnd5e/spellMaterials.ts","src/lib/dnd5eActionIcons.test.ts | src/rulesets/dnd5e/passiveDefenses.test.ts | src/rulesets/dnd5e/spellMaterials.test.ts"
"protection-from-poison","防护毒素","Protection from Poison","2","core-transaction","full","verified-full","saving-throw | condition","","","","saving-throw","src/pages/maps/spellSettlementCoordinator.ts | src/rulesets/dnd5e/headlessCombatEngine.ts | src/rulesets/dnd5e/monsterAdvancedAbilities.ts | src/rulesets/dnd5e/monsterSupportCandidateGenerators.ts | src/rulesets/dnd5e/passiveDefenses.ts","src/lib/combatPresentation.test.ts | src/lib/dnd5eActionIcons.test.ts | src/lib/sharedServerCore.test.ts | src/pages/maps/spellSettlementCoordinator.test.ts | src/rulesets/dnd5e/activeEffectsHeadless.test.ts | src/rulesets/dnd5e/endTurnAction.test.ts | src/rulesets/dnd5e/headlessCombatEngine.test.ts | src/rulesets/dnd5e/monsterAdvancedAbilities.test.ts | src/rulesets/dnd5e/monsterCoreSpellAction.test.ts"
"purify-food-and-drink","净化食粮","Purify Food and Drink","1","audited-activity","full","verified-full","area","world-object | effect-removal | inventory-effect","","","","","src/lib/dnd5eActionIcons.test.ts"
"raise-dead","死者复活","Raise Dead","5","audited-activity","full","verified-full","","death-handoff | condition-restoration | long-term-penalty","","","","src/rulesets/dnd5e/spellMaterials.ts","src/rulesets/dnd5e/spellMaterials.test.ts"
"ray-of-enfeeblement","衰弱射线","Ray of Enfeeblement","2","audited-activity","full","verified-full","saving-throw | spell-attack | concentration | turn-trigger","spell-attack | damage-multiplier | save-ends","","","","src/rulesets/dnd5e/headlessCombatEngine.ts","src/lib/dnd5eActionIcons.test.ts | src/rulesets/dnd5e/headlessCombatEngine.test.ts"
"ray-of-frost","冷冻射线","Ray of Frost","0","core-transaction","full","verified-full","spell-attack | damage | turn-trigger | movement","","","","turn-trigger | movement","src/pages/maps/spellSettlementCoordinator.ts | src/rulesets/dnd5e/headlessCombatEngine.ts | src/rulesets/dnd5e/monsterContentAutoParser.ts","src/lib/combatPresentation.test.ts | src/lib/dnd5eActionIcons.test.ts | src/lib/sharedResourceValidation.test.ts | src/lib/sharedServerCore.test.ts | src/pages/maps/spellSettlementCoordinator.test.ts | src/rulesets/dnd5e/activeEffects.test.ts | src/rulesets/dnd5e/headlessCombatEngine.test.ts | src/rulesets/dnd5e/monsterStatBlockPaste.test.ts | src/rulesets/dnd5e/spellAction.test.ts"
"regenerate","再生术","Regenerate","7","audited-activity","full","verified-full","healing | turn-trigger","healing | periodic-healing | body-restoration","","","","","src/rulesets/dnd5e/headlessCombatEngine.test.ts"
"reincarnate","转生术","Reincarnate","5","audited-activity","partial","partial","","death-handoff | random-table | dm-form-choice","","death-handoff | random-table","","",""
"remove-curse","移除诅咒","Remove Curse","3","audited-activity","full","verified-full","","effect-removal | item-link | duration","","","","","src/lib/dnd5eActionIcons.test.ts | src/rulesets/dnd5e/activities/dnd5eActivityHeadlessAuthorityBridge.test.ts | src/rulesets/dnd5e/activities/dnd5eCoreSpellActivities.test.ts"
"resilient-sphere","弹力法球","Resilient Sphere","4","audited-activity","full","verified-full","saving-throw | concentration","saving-throw | persistent-area | movement-blocking","","","","","src/rulesets/dnd5e/activities/dnd5eCoreSpellActivities.test.ts"
"resistance","抗力术","Resistance","0","core-transaction","full","verified-full","concentration","","","","","src/pages/maps/spellSettlementCoordinator.ts | src/rulesets/dnd5e/declarativeSubclassAbility.ts | src/rulesets/dnd5e/dnd5e2014Adapter.ts | src/rulesets/dnd5e/headlessCombatEngine.ts | src/rulesets/dnd5e/monsterSchema.ts","src/application/combat/spells/SpellTargetingCoordinator.test.ts | src/lib/combatPresentation.test.ts | src/pages/maps/combatStartTokenMarks.test.ts | src/pages/maps/spellAoeHighlight.test.ts | src/pages/maps/spellSettlementCoordinator.test.ts | src/rulesets/dnd5e/activeEffects.test.ts | src/rulesets/dnd5e/character.test.ts | src/rulesets/dnd5e/combatPersistentSpellBatch.test.ts | src/rulesets/dnd5e/combatSimulation.test.ts | src/rulesets/dnd5e/contentPackageV2.test.ts | src/rulesets/dnd5e/coreRaceMechanics.test.ts | src/rulesets/dnd5e/customMonsterWorkshop.test.ts | src/rulesets/dnd5e/damageDefenses.test.ts | src/rulesets/dnd5e/damageMitigationInterrupt.test.ts | src/rulesets/dnd5e/declarativeSubclassAbility.test.ts | src/rulesets/dnd5e/dnd5e2014Adapter.test.ts | src/rulesets/dnd5e/genericCombatPrimitives.test.ts | src/rulesets/dnd5e/headlessCombatEngine.test.ts | src/rulesets/dnd5e/mapBridge.test.ts | src/rulesets/dnd5e/monsterBasiliskGazeHeadless.test.ts | src/rulesets/dnd5e/monsterCombatActionCoverageBatch.test.ts | src/rulesets/dnd5e/monsterConditionalOnHitBatch.test.ts | src/rulesets/dnd5e/monsterForcedMovementMultiattack.test.ts | src/rulesets/dnd5e/monsterGenericAbilities.test.ts | src/rulesets/dnd5e/monsterHeadlessCoverage.test.ts | src/rulesets/dnd5e/monsterHitPointMaximumReduction.test.ts | src/rulesets/dnd5e/monsterLegendaryResistanceTraits.test.ts | src/rulesets/dnd5e/monsterPersistentAreas.test.ts | src/rulesets/dnd5e/monsterResourceActions.test.ts | src/rulesets/dnd5e/monsters.test.ts | src/rulesets/dnd5e/monsterStatBlockPaste.test.ts | src/rulesets/dnd5e/optionalBonusDieSpells.test.ts | src/rulesets/dnd5e/passiveDefenses.test.ts | src/rulesets/dnd5e/pluginSpellTransaction.test.ts | src/rulesets/dnd5e/protectionFromEnergySpell.test.ts | src/rulesets/dnd5e/racialAutomation.test.ts | src/rulesets/dnd5e/sourceTurnPeriodicDamage.test.ts | src/rulesets/dnd5e/spellAction.test.ts | src/rulesets/dnd5e/srdMonsterGenerator.test.ts"
"resurrection","复生术","Resurrection","7","audited-activity","full","verified-full","","death-handoff | condition-restoration | long-term-penalty","","","","","src/rulesets/dnd5e/activities/dnd5eCoreSpellActivities.test.ts"
"reverse-gravity","反重力","Reverse Gravity","7","audited-activity","full","verified-full","saving-throw | concentration | area","persistent-area | vertical-movement | falling-state","","","","","src/rulesets/dnd5e/activities/dnd5eCoreSpellActivities.test.ts"
"revivify","回生术","Revivify","3","audited-activity","full","verified-full","","death-handoff | resurrection-timer | healing","","","","","src/rulesets/dnd5e/adjudicatedSpellAction.test.ts | src/rulesets/dnd5e/spellMaterials.test.ts"
"rope-trick","魔绳术","Rope Trick","2","audited-activity","partial","partial","area | condition","cross-scene | persistent-area | semantic-entry","原文要求 condition，Activity 及专用运行时均无完整证据","","","","src/lib/dnd5eActionIcons.test.ts"
"sacred-flame","圣火术","Sacred Flame","0","core-transaction","full","verified-full","saving-throw | damage","","","","","src/pages/maps/spellSettlementCoordinator.ts | src/rulesets/dnd5e/pluginSpellTransaction.ts | src/rulesets/dnd5e/spellAction.ts | src/rulesets/dnd5e/spellVisibility.ts","src/lib/combatPresentation.test.ts | src/lib/dnd5eActionIcons.test.ts | src/pages/maps/spellSettlementCoordinator.test.ts | src/rulesets/dnd5e/featHeadlessPrimitives.test.ts | src/rulesets/dnd5e/genericCombatPrimitives.test.ts | src/rulesets/dnd5e/headlessCombatEngine.test.ts | src/rulesets/dnd5e/monsterCoreSpellAction.test.ts | src/rulesets/dnd5e/postD20Adjustment.test.ts | src/rulesets/dnd5e/spellAction.test.ts | src/rulesets/dnd5e/spellPresentationCoverage.test.ts"
"sanctuary","庇护术","Sanctuary","1","core-transaction","full","verified-full","saving-throw","","","","saving-throw","src/pages/maps/spellSettlementCoordinator.ts | src/rulesets/dnd5e/headlessCombatEngine.ts | src/rulesets/dnd5e/monsterAdvancedAbilities.ts | src/rulesets/dnd5e/monsterSupportCandidateGenerators.ts | src/rulesets/dnd5e/spellAction.ts","src/lib/combatPresentation.test.ts | src/lib/sharedServerCore.test.ts | src/pages/maps/spellSettlementCoordinator.test.ts | src/rulesets/dnd5e/headlessCombatEngine.test.ts | src/rulesets/dnd5e/monsterAdvancedAbilities.test.ts | src/rulesets/dnd5e/monsterResourceActions.test.ts | src/rulesets/dnd5e/monsterTurnPlanner.test.ts | src/rulesets/dnd5e/spellAction.test.ts"
"scorching-ray","灼热射线","Scorching Ray","2","core-transaction","full","verified-full","spell-attack | damage | slot-scaling","","","","","src/pages/maps/spellSettlementCoordinator.ts | src/rulesets/dnd5e/magicItems.ts","src/lib/dnd5eActionIcons.test.ts | src/pages/maps/spellSettlementCoordinator.test.ts | src/rulesets/dnd5e/magicItems.test.ts | src/rulesets/dnd5e/plugins/pluginItemHeadlessProtocol.test.ts | src/rulesets/dnd5e/spellAction.test.ts | src/rulesets/dnd5e/spellDamageMaxDieBonus.test.ts"
"scrying","探知","Scrying","5","audited-activity","partial","partial","saving-throw | concentration","saving-throw | sensor-vision | cross-scene","原文要求 concentration，Activity 及专用运行时均无完整证据","","","",""
"secret-chest","秘藏箱","Secret Chest","4","audited-activity","full","verified-full","area","item-link | planar-state | inventory-effect","","","area | item-link | planar-state | inventory-effect","src/rulesets/dnd5e/activities/dnd5eActivityContracts.ts | src/rulesets/dnd5e/activities/dnd5eActivityExecutor.ts | src/rulesets/dnd5e/activities/dnd5eActivityHeadlessAuthorityBridge.ts | src/rulesets/dnd5e/activities/dnd5eActivityValidation.ts | src/rulesets/dnd5e/campaignTimeRules.ts | src/rulesets/dnd5e/headlessCombatEngine.ts | src/rulesets/dnd5e/spellAuthorityState.ts | src/rulesets/dnd5e/spellMaterials.ts","src/rulesets/dnd5e/activities/dnd5eLongLivedSpellActivities.test.ts | src/rulesets/dnd5e/campaignTimeRules.test.ts"
"see-invisibility","识破隐形","See Invisibility","2","core-transaction","full","verified-full","condition","","","","","src/pages/maps/spellSettlementCoordinator.ts | src/rulesets/dnd5e/headlessCombatEngine.ts | src/rulesets/dnd5e/monsterAdvancedAbilities.ts | src/rulesets/dnd5e/spellbook.ts","src/lib/combatPresentation.test.ts | src/lib/dnd5eActionIcons.test.ts | src/lib/sharedServerCore.test.ts | src/pages/maps/spellSettlementCoordinator.test.ts | src/rulesets/dnd5e/activeEffects.test.ts | src/rulesets/dnd5e/headlessCombatEngine.test.ts | src/rulesets/dnd5e/monsterAdvancedAbilities.test.ts | src/rulesets/dnd5e/spellbook.test.ts"
"seeming","伪装术","Seeming","5","audited-activity","partial","partial","saving-throw","saving-throw | illusory-content | dm-interpretation","","","","src/rulesets/dnd5e/spellVisibility.ts","src/rulesets/dnd5e/spellCatalog.test.ts"
"sending","短讯术","Sending","3","audited-activity","partial","partial","","communication | cross-scene | npc-response","","communication","","",""
"sequester","隔离术","Sequester","7","audited-activity","partial","partial","","invisibility | open-text-trigger | long-term-state","","long-term-state","","",""
"shapechange","形体变化","Shapechange","9","audited-activity","partial","partial","healing | concentration","stat-transform | form-catalog | dm-equipment-fit","原文要求 concentration，Activity 及专用运行时均无完整证据","","","","src/rulesets/dnd5e/headlessCombatEngine.test.ts | src/rulesets/dnd5e/monsterAdvancedAbilities.test.ts | src/rulesets/dnd5e/monsterResourceActions.test.ts | src/rulesets/dnd5e/tokenStatusMarkers.test.ts"
"shatter","粉碎音波","Shatter","2","core-transaction","full","verified-full","saving-throw | half-on-save | damage | area | slot-scaling","","","","","","src/components/map/CombatActionBanner.test.ts | src/components/map/flamingSphereHandoff.test.ts | src/lib/combatKillStreak.test.ts | src/lib/combatPresentation.test.ts | src/lib/sharedServerCore.test.ts | src/lib/sharedServerHttp.test.ts | src/pages/maps/DmAdjudicationPanel.test.ts | src/pages/maps/spellSettlementCoordinator.test.ts | src/rulesets/dnd5e/adjudicatedSpellAction.test.ts | src/rulesets/dnd5e/genericCombatPrimitives.test.ts | src/rulesets/dnd5e/spellAction.test.ts | src/rulesets/dnd5e/spellbook.test.ts"
"shield","护盾术","Shield","1","core-transaction","full","verified-full","turn-trigger","","","","turn-trigger","src/rulesets/dnd5e/activities/dnd5eActivityExecutor.ts | src/rulesets/dnd5e/activities/dnd5eActivityValidation.ts | src/rulesets/dnd5e/activities/dnd5eEffectContracts.ts | src/rulesets/dnd5e/character.ts | src/rulesets/dnd5e/characterCapabilities.ts | src/rulesets/dnd5e/classes.ts | src/rulesets/dnd5e/customRulesPlugin.ts | src/rulesets/dnd5e/equipment.ts | src/rulesets/dnd5e/headlessCombatEngine.ts | src/rulesets/dnd5e/inventoryReactionSpells.ts | src/rulesets/dnd5e/items.ts | src/rulesets/dnd5e/magicItemRulesZh.reviewed.generated.ts | src/rulesets/dnd5e/magicItems.ts | src/rulesets/dnd5e/monsters.ts | src/rulesets/dnd5e/monsterSchema.ts | src/rulesets/dnd5e/pluginApi.ts | src/rulesets/dnd5e/plugins/pluginContentCatalog.ts | src/rulesets/dnd5e/plugins/pluginItemDefinition.ts | src/rulesets/dnd5e/plugins/pluginMechanicsContracts.ts","src/lib/combatInterruptDmSettlement.test.ts | src/lib/combatInterruptPrompts.test.ts | src/lib/combatInterruptProtocol.test.ts | src/lib/combatInterruptSettlementRuntime.test.ts | src/lib/combatPresentation.test.ts | src/lib/dnd5eActionIcons.test.ts | src/lib/monsterManualSpell.test.ts | src/lib/sharedResourceValidation.test.ts | src/lib/sharedServerCore.test.ts | src/pages/maps/commitDnd5eCombatResult.test.ts | src/pages/maps/ReactionInterruptPanels.test.ts | src/rulesets/dnd5e/character.test.ts | src/rulesets/dnd5e/combatScenarioRegression.test.ts | src/rulesets/dnd5e/eldritchKnight.test.ts | src/rulesets/dnd5e/equipment.test.ts | src/rulesets/dnd5e/featHeadlessPrimitives.test.ts | src/rulesets/dnd5e/headlessCombatEngine.test.ts | src/rulesets/dnd5e/inventoryReactionSpells.test.ts | src/rulesets/dnd5e/magicItems.test.ts | src/rulesets/dnd5e/monsterAdvancedAbilities.test.ts | src/rulesets/dnd5e/monsterAttackAction.test.ts | src/rulesets/dnd5e/monsterCombatActionCoverageBatch.test.ts | src/rulesets/dnd5e/monsterContentAutoParser.test.ts | src/rulesets/dnd5e/monsterResourceActions.test.ts | src/rulesets/dnd5e/plugins/pluginItemHeadlessProtocol.test.ts | src/rulesets/dnd5e/pluginSpellTransaction.test.ts | src/rulesets/dnd5e/postSpellRandomTable.test.ts | src/rulesets/dnd5e/spellAction.test.ts | src/rulesets/dnd5e/spellDescriptionsZh.test.ts"
"shield-of-faith","虔诚护盾","Shield of Faith","1","core-transaction","full","verified-full","concentration","","","","","src/pages/maps/spellSettlementCoordinator.ts | src/rulesets/dnd5e/headlessCombatEngine.ts","src/lib/dnd5eActionIcons.test.ts | src/pages/maps/spellSettlementCoordinator.test.ts | src/rulesets/dnd5e/headlessCombatEngine.test.ts | src/rulesets/dnd5e/spellAction.test.ts | src/rulesets/dnd5e/spellCatalog.test.ts"
"shillelagh","橡棍术","Shillelagh","0","core-transaction","full","verified-full","","","","","","src/pages/maps/spellSettlementCoordinator.ts | src/rulesets/dnd5e/equipment.ts | src/rulesets/dnd5e/headlessCombatEngine.ts | src/rulesets/dnd5e/spellAction.ts","src/lib/vfxSequence.test.ts | src/rulesets/dnd5e/activeEffects.test.ts | src/rulesets/dnd5e/equipment.test.ts | src/rulesets/dnd5e/equipmentAttackAction.test.ts | src/rulesets/dnd5e/monsterAdvancedAbilities.test.ts | src/rulesets/dnd5e/spellAction.test.ts | src/rulesets/dnd5e/spellbook.test.ts"
"shocking-grasp","电爪","Shocking Grasp","0","core-transaction","full","verified-full","spell-attack | damage | turn-trigger","","","","turn-trigger","src/pages/maps/spellSettlementCoordinator.ts | src/rulesets/dnd5e/headlessCombatEngine.ts | src/rulesets/dnd5e/spellAction.ts","src/lib/combatPresentation.test.ts | src/lib/dnd5eActionIcons.test.ts | src/lib/vfxSequence.test.ts | src/pages/maps/spellSettlementCoordinator.test.ts | src/rulesets/dnd5e/activeEffects.test.ts | src/rulesets/dnd5e/passiveDefenses.test.ts | src/rulesets/dnd5e/spellAction.test.ts"
"silence","沉默术","Silence","2","core-transaction","full","verified-full","concentration | area","","","","","src/rulesets/dnd5e/coreSpellAreas.ts | src/rulesets/dnd5e/coreSpellAreaVisuals.ts | src/rulesets/dnd5e/monsterAdvancedAbilities.ts | src/rulesets/dnd5e/persistentAreaTypes.ts | src/rulesets/dnd5e/spellComponents.ts","src/lib/vfxSequence.test.ts | src/pages/maps/spellSettlementCoordinator.test.ts | src/rulesets/dnd5e/coreSpellAreas.test.ts | src/rulesets/dnd5e/mapBridge.test.ts | src/rulesets/dnd5e/monsterAdvancedAbilities.test.ts | src/rulesets/dnd5e/persistentAreaGeometry.test.ts | src/rulesets/dnd5e/spellAction.test.ts"
"silent-image","无声幻影","Silent Image","1","audited-activity","partial","partial","saving-throw | concentration | area","illusory-content | entity-movement | dm-interpretation","原文要求 concentration，Activity 及专用运行时均无完整证据 | 原文要求 area，Activity 及专用运行时均无完整证据","entity-movement","","","src/lib/dnd5eActionIcons.test.ts | src/rulesets/dnd5e/pluginSpellTransaction.test.ts"
"simulacrum","拟像术","Simulacrum","7","audited-activity","full","verified-full","healing","body-snapshot | summon-companion | resource-restriction","","","body-snapshot | resource-restriction","src/rulesets/dnd5e/activities/dnd5eActivityContracts.ts | src/rulesets/dnd5e/activities/dnd5eActivityExecutor.ts | src/rulesets/dnd5e/activities/dnd5eActivityMapInteraction.ts | src/rulesets/dnd5e/activities/dnd5eActivityValidation.ts | src/rulesets/dnd5e/headlessCombatEngine.ts","src/rulesets/dnd5e/activities/dnd5eActivityMapInteraction.test.ts"
"sleep","睡眠术","Sleep","1","core-transaction","full","verified-full","condition | slot-scaling","","","","condition","src/rulesets/dnd5e/headlessCombatEngine.ts","src/lib/combatPresentation.test.ts | src/lib/sharedServerCore.test.ts | src/pages/maps/spellSettlementCoordinator.test.ts | src/rulesets/dnd5e/character.test.ts | src/rulesets/dnd5e/combatSimulation.test.ts | src/rulesets/dnd5e/headlessCombatEngine.test.ts | src/rulesets/dnd5e/mapBridge.test.ts | src/rulesets/dnd5e/monsterAdvancedAbilities.test.ts | src/rulesets/dnd5e/monsterCoreSpellAction.test.ts | src/rulesets/dnd5e/monsterTurnPlanner.test.ts | src/rulesets/dnd5e/playerBasicAction.test.ts | src/rulesets/dnd5e/spellAction.test.ts"
"sleet-storm","雪雨暴","Sleet Storm","3","core-transaction","full","verified-full","saving-throw | concentration | area | condition","","","","saving-throw | condition","src/rulesets/dnd5e/coreSpellAreas.ts | src/rulesets/dnd5e/coreSpellAreaVisuals.ts | src/rulesets/dnd5e/monsterAdvancedAbilities.ts | src/rulesets/dnd5e/persistentAreaTypes.ts | src/rulesets/dnd5e/spellbook.ts","src/components/map/MapPersistentAreaLayers.test.ts | src/lib/dnd5eActionIcons.test.ts | src/lib/vfxSequence.test.ts | src/pages/maps/spellSettlementCoordinator.test.ts | src/rulesets/dnd5e/monsterAdvancedAbilities.test.ts"
"slow","缓慢术","Slow","3","core-transaction","full","verified-full","saving-throw | concentration | area | turn-trigger","","","","area | turn-trigger","src/pages/maps/spellSettlementCoordinator.ts | src/rulesets/dnd5e/headlessCombatEngine.ts | src/rulesets/dnd5e/travel.ts","src/pages/maps/spellSettlementCoordinator.test.ts | src/rulesets/dnd5e/activeEffects.test.ts | src/rulesets/dnd5e/combatSimulation.test.ts | src/rulesets/dnd5e/headlessCombatEngine.test.ts | src/rulesets/dnd5e/monsterStructuredSpecialActionBatch.test.ts | src/rulesets/dnd5e/monsterTurnPlanner.test.ts | src/rulesets/dnd5e/pluginApi.test.ts | src/rulesets/dnd5e/spellAction.test.ts | src/rulesets/dnd5e/spellbook.test.ts | src/rulesets/dnd5e/travel.test.ts"
"spare-the-dying","维生术","Spare the Dying","0","core-transaction","full","verified-full","","","","","","src/pages/maps/spellSettlementCoordinator.ts | src/rulesets/dnd5e/headlessCombatEngine.ts | src/rulesets/dnd5e/spellAction.ts","src/lib/combatPresentation.test.ts | src/lib/dnd5eActionIcons.test.ts | src/lib/vfxSequence.test.ts | src/pages/maps/spellSettlementCoordinator.test.ts | src/rulesets/dnd5e/headlessCombatEngine.test.ts"
"speak-with-animals","动物交谈术","Speak with Animals","1","none","manual","manual","","communication | npc-response","","","","","src/lib/dnd5eActionIcons.test.ts"
"speak-with-dead","死者交谈","Speak with Dead","3","none","manual","manual","","communication | npc-response","","","","","src/lib/dnd5eActionIcons.test.ts"
"speak-with-plants","植物交谈","Speak with Plants","3","audited-activity","partial","partial","condition","communication | terrain-state | dm-response","原文要求 condition，Activity 及专用运行时均无完整证据","communication","","","src/lib/dnd5eActionIcons.test.ts"
"spider-climb","蛛行术","Spider Climb","2","audited-activity","full","verified-full","concentration | movement","movement-mode | duration | concentration","","","","","src/lib/dnd5eActionIcons.test.ts"
"spike-growth","荆棘丛生","Spike Growth","2","core-transaction","full","verified-full","saving-throw | damage | concentration | area","","","","saving-throw | damage","src/rulesets/dnd5e/coreSpellAreas.ts | src/rulesets/dnd5e/coreSpellAreaVisuals.ts | src/rulesets/dnd5e/persistentAreaTypes.ts | src/rulesets/dnd5e/spellbook.ts | src/rulesets/dnd5e/verticalCombatGeometry.ts","src/lib/combatPresentation.test.ts | src/lib/dnd5eActionIcons.test.ts | src/pages/maps/spellSettlementCoordinator.test.ts | src/rulesets/dnd5e/coreSpellAreas.test.ts | src/rulesets/dnd5e/spellAction.test.ts | src/rulesets/dnd5e/spellbook.test.ts"
"spirit-guardians","灵体卫士","Spirit Guardians","3","core-transaction","full","verified-full","saving-throw | half-on-save | damage | concentration | turn-trigger | slot-scaling","","","","saving-throw | half-on-save | damage | slot-scaling","src/rulesets/dnd5e/coreSpellAreas.ts | src/rulesets/dnd5e/coreSpellAreaVisuals.ts | src/rulesets/dnd5e/monsterAdvancedAbilities.ts | src/rulesets/dnd5e/monsterCoreSpellAction.ts | src/rulesets/dnd5e/persistentAreaGeometry.ts | src/rulesets/dnd5e/persistentAreaTypes.ts | src/rulesets/dnd5e/spellAction.ts | src/rulesets/dnd5e/spellVisibility.ts","src/components/map/MapPersistentAreaLayers.test.ts | src/lib/dnd5eActionIcons.test.ts | src/lib/mapDifficultTerrain.test.ts | src/pages/maps/spellSettlementCoordinator.test.ts | src/rulesets/dnd5e/coreSpellAreas.test.ts | src/rulesets/dnd5e/headlessCombatEngine.test.ts | src/rulesets/dnd5e/monsterAdvancedAbilities.test.ts | src/rulesets/dnd5e/monsterCoreSpellAction.test.ts | src/rulesets/dnd5e/playerMoveAction.test.ts | src/rulesets/dnd5e/pluginAreas.test.ts | src/rulesets/dnd5e/spellAction.test.ts | src/rulesets/dnd5e/spellbook.test.ts"
"spiritual-weapon","灵体武器","Spiritual Weapon","2","core-transaction","full","verified-full","spell-attack | damage | movement | sustained-control | slot-scaling","","","","movement","src/pages/maps/spellAoeHighlight.ts | src/rulesets/dnd5e/coreSpellAreas.ts | src/rulesets/dnd5e/coreSpellAreaVisuals.ts | src/rulesets/dnd5e/headlessCombatEngine.ts | src/rulesets/dnd5e/persistentAreaTypes.ts | src/rulesets/dnd5e/pluginAreas.ts | src/rulesets/dnd5e/spellAction.ts | src/rulesets/dnd5e/sustainedSpellControls.ts","src/components/map/combatSpellDamagePresentation.test.ts | src/components/map/PlayerCombatHotbar.test.ts | src/components/map/PlayerMapSpellHotbar.test.ts | src/lib/dnd5eActionIcons.test.ts | src/pages/maps/spellSettlementCoordinator.test.ts | src/rulesets/dnd5e/coreSpellAreas.test.ts | src/rulesets/dnd5e/headlessCombatEngine.test.ts | src/rulesets/dnd5e/monsterParryHeadless.test.ts | src/rulesets/dnd5e/pluginAreas.test.ts | src/rulesets/dnd5e/spellAction.test.ts | src/store/roomCommands.test.ts"
"stinking-cloud","臭云术","Stinking Cloud","3","core-transaction","full","verified-full","saving-throw | concentration | area","","","","saving-throw","src/rulesets/dnd5e/coreSpellAreas.ts | src/rulesets/dnd5e/coreSpellAreaVisuals.ts | src/rulesets/dnd5e/monsterAdvancedAbilities.ts | src/rulesets/dnd5e/persistentAreaTypes.ts | src/rulesets/dnd5e/spellbook.ts","src/components/map/MapPersistentAreaLayers.test.ts | src/lib/combatPresentation.test.ts | src/lib/dnd5eActionIcons.test.ts | src/lib/vfxSequence.test.ts | src/pages/maps/spellSettlementCoordinator.test.ts | src/rulesets/dnd5e/coreSpellAreas.test.ts | src/rulesets/dnd5e/headlessCombatEngine.test.ts | src/rulesets/dnd5e/monsterAdvancedAbilities.test.ts"
"stone-shape","塑石术","Stone Shape","4","audited-activity","partial","partial","","terrain-geometry | world-object | dm-interpretation","","terrain-geometry | world-object","","",""
"stoneskin","石肤术","Stoneskin","4","audited-activity","full","verified-full","concentration","damage-resistance | damage-qualification | concentration","","","damage-qualification","src/rulesets/dnd5e/headlessCombatEngine.ts","src/rulesets/dnd5e/headlessCombatEngine.test.ts | src/rulesets/dnd5e/pluginSpellTransaction.test.ts"
"storm-of-vengeance","复仇风暴","Storm of Vengeance","9","audited-activity","full","verified-full","saving-throw | half-on-save | damage | concentration | area","persistent-area | round-timeline | multi-effect","","","","src/rulesets/dnd5e/spellVisibility.ts","src/rulesets/dnd5e/activities/dnd5eCoreSpellActivities.test.ts"
"suggestion","暗示术","Suggestion","2","audited-activity","partial","partial","saving-throw | concentration | condition","saving-throw | semantic-command | semantic-compliance","","","concentration | condition","src/rulesets/dnd5e/spellVisibility.ts","src/components/dm/pdfSourceBookmarkModel.test.ts"
"sunbeam","阳炎射线","Sunbeam","6","core-transaction","full","verified-full","saving-throw | half-on-save | damage | concentration | area | condition","","","","","src/rulesets/dnd5e/headlessCombatEngine.ts","src/rulesets/dnd5e/sustainedSpellControls.test.ts"
"sunburst","阳炎爆","Sunburst","8","core-transaction","full","verified-full","saving-throw | half-on-save | damage | area | condition | turn-trigger","","","","turn-trigger","src/rulesets/dnd5e/endTurnAction.ts | src/rulesets/dnd5e/headlessCombatEngine.ts | src/rulesets/dnd5e/spellAction.ts","src/lib/combatPresentation.test.ts | src/pages/maps/spellSettlementCoordinator.test.ts | src/rulesets/dnd5e/endTurnAction.test.ts | src/rulesets/dnd5e/spellAction.test.ts"
"symbol","魔法徽记","Symbol","7","audited-activity","partial","partial","saving-throw | half-on-save | damage | area | condition | turn-trigger","persistent-area | open-text-trigger | mode-choice","原文要求 half-on-save，Activity 及专用运行时均无完整证据 | 原文要求 condition，Activity 及专用运行时均无完整证据","mode-choice","","src/rulesets/dnd5e/pluginSandbox.worker.ts",""
"telekinesis","心灵遥控","Telekinesis","5","audited-activity","partial","partial","concentration | condition | turn-trigger | movement","contested-check | forced-movement | world-object","","","concentration | condition | turn-trigger | forced-movement | world-object","src/rulesets/dnd5e/spellVisibility.ts","src/rulesets/dnd5e/spellCatalog.test.ts"
"telepathic-bond","心灵联结","Telepathic Bond","5","audited-activity","full","verified-full","","communication | language-capability | duration","","","","src/rulesets/dnd5e/activeEffects.ts","src/rulesets/dnd5e/activities/dnd5eCoreSpellActivities.test.ts"
"teleport","传送术","Teleport","7","audited-activity","partial","partial","damage | area | movement","random-table | cross-scene | semantic-familiarity","","","area | random-table","src/rulesets/dnd5e/activities/dnd5eActivityContracts.ts | src/rulesets/dnd5e/activities/dnd5eActivityExecutor.ts | src/rulesets/dnd5e/activities/dnd5eActivityMapInteraction.ts | src/rulesets/dnd5e/activities/dnd5eActivityValidation.ts | src/rulesets/dnd5e/activities/legacyContentActivityAdapters.ts | src/rulesets/dnd5e/declarativeSubclassAbility.ts | src/rulesets/dnd5e/headlessCombatEngine.ts | src/rulesets/dnd5e/legendaryActionWindow.ts | src/rulesets/dnd5e/monsterAdvancedAbilities.ts | src/rulesets/dnd5e/monsterCoreSpellAction.ts | src/rulesets/dnd5e/monsters.ts | src/rulesets/dnd5e/monsterSchema.ts | src/rulesets/dnd5e/monsterSpecialAction.ts | src/rulesets/dnd5e/monsterStructuredSpecialCandidates.ts | src/rulesets/dnd5e/monsterTurnPlan.ts | src/rulesets/dnd5e/spellAction.ts | src/rulesets/dnd5e/spellVisibility.ts","src/lib/mapGeometry.test.ts | src/pages/maps/DmAdjudicationPanel.test.ts | src/rulesets/dnd5e/activities/dnd5eActivityMapInteraction.test.ts | src/rulesets/dnd5e/activities/dnd5eCoreSpellActivities.test.ts | src/rulesets/dnd5e/eldritchKnight.test.ts | src/rulesets/dnd5e/monsterTeleportInvisibility.test.ts | src/rulesets/dnd5e/persistentAreaTypes.test.ts | src/store/mapsMigrate.test.ts | src/store/sceneOrchestration.test.ts"
"teleportation-circle","传送法阵","Teleportation Circle","5","audited-activity","partial","partial","turn-trigger | movement","persistent-area | cross-scene | world-registry","原文要求 turn-trigger，Activity 及专用运行时均无完整证据","","","src/rulesets/dnd5e/spellMaterials.ts",""
"thaumaturgy","奇术","Thaumaturgy","0","core-transaction","full","verified-full","","","","","","src/pages/maps/spellSettlementCoordinator.ts | src/rulesets/dnd5e/racialAutomation.ts","src/lib/vfxSequence.test.ts"
"thunderwave","雷鸣波","Thunderwave","1","core-transaction","full","verified-full","saving-throw | half-on-save | damage | area | movement | slot-scaling","","","","","src/rulesets/dnd5e/combatSimulation.ts | src/rulesets/dnd5e/headlessCombatEngine.ts | src/rulesets/dnd5e/monsterAdvancedAbilities.ts | src/rulesets/dnd5e/monsterCoreSpellAction.ts","src/components/map/CombatActionBanner.test.ts | src/lib/combatPresentation.test.ts | src/lib/sharedServerCore.test.ts | src/lib/sharedServerHttp.test.ts | src/pages/maps/spellSettlementCoordinator.test.ts | src/rulesets/dnd5e/activities/dnd5eActivityExecutor.test.ts | src/rulesets/dnd5e/combatScenarioRegression.test.ts | src/rulesets/dnd5e/combatSimulation.test.ts | src/rulesets/dnd5e/headlessCombatEngine.test.ts | src/rulesets/dnd5e/monsterAdvancedAbilities.test.ts | src/rulesets/dnd5e/monsterCoreSpellAction.test.ts | src/rulesets/dnd5e/monsterTurnPlanner.test.ts | src/rulesets/dnd5e/spellAction.test.ts"
"time-stop","时间停止","Time Stop","9","audited-activity","full","verified-full","","extra-turns | random-table | effect-break","","","","","src/rulesets/dnd5e/activities/dnd5eActivityHeadlessAuthorityBridge.test.ts"
"tiny-hut","小屋术","Tiny Hut","3","audited-activity","full","verified-full","","persistent-area | movement-blocking | occupant-permissions","","","","","src/lib/dnd5eActionIcons.test.ts | src/lib/mapGeometry.test.ts | src/rulesets/dnd5e/activities/dnd5eActivityMapInteraction.test.ts | src/rulesets/dnd5e/activities/dnd5eCoreSpellActivities.test.ts | src/rulesets/dnd5e/pluginAreas.test.ts | src/store/mapsMigrate.test.ts"
"tongues","巧言术","Tongues","3","audited-activity","full","verified-full","","language-capability | communication | duration","","","","","src/rulesets/dnd5e/activeEffects.test.ts | src/rulesets/dnd5e/activities/dnd5eCoreSpellActivities.test.ts"
"transport-via-plants","木遁术","Transport via Plants","6","audited-activity","partial","partial","","world-object | cross-scene | semantic-destination","","world-object","","",""
"tree-stride","树跃术","Tree Stride","5","audited-activity","partial","partial","concentration | movement","world-object | teleport | off-map-destination","原文要求 concentration，Activity 及专用运行时均无完整证据","world-object","","",""
"true-polymorph","完全变形术","True Polymorph","9","audited-activity","partial","partial","saving-throw | healing | concentration","stat-transform | object-transform | open-ended-form","原文要求 concentration，Activity 及专用运行时均无完整证据","","","src/rulesets/dnd5e/spellVisibility.ts",""
"true-resurrection","完全复生术","True Resurrection","9","audited-activity","full","verified-full","","death-handoff | body-restoration | condition-restoration","","","","src/rulesets/dnd5e/spellMaterials.ts","src/rulesets/dnd5e/activities/dnd5eCoreSpellActivities.test.ts"
"true-seeing","真知术","True Seeing","6","audited-activity","full","verified-full","","sensor-vision | effect-detection | planar-sight","","","","src/rulesets/dnd5e/spellMaterials.ts","src/rulesets/dnd5e/activities/dnd5eCoreSpellActivities.test.ts"
"true-strike","克敌机先","True Strike","0","audited-activity","full","verified-full","concentration","target-linked-effect | roll-mode-modifier | concentration","","","roll-mode-modifier","","src/lib/dnd5eActionIcons.test.ts | src/rulesets/dnd5e/headlessCombatEngine.test.ts | src/rulesets/dnd5e/pluginSpellTransaction.test.ts | src/rulesets/dnd5e/spellComponents.test.ts"
"unseen-servant","隐形仆役","Unseen Servant","1","audited-activity","partial","partial","condition | movement | sustained-control","summon-companion | granted-activity | semantic-task","原文要求 condition，Activity 及专用运行时均无完整证据 | 原文要求 movement，Activity 及专用运行时均无完整证据","","","","src/lib/dnd5eActionIcons.test.ts | src/lib/sharedServerCore.test.ts"
"vampiric-touch","吸血鬼之触","Vampiric Touch","3","core-transaction","full","verified-full","spell-attack | damage | healing | concentration | sustained-control | slot-scaling","","","","healing","src/rulesets/dnd5e/sustainedSpellControls.ts","src/lib/dnd5eActionIcons.test.ts | src/rulesets/dnd5e/sustainedSpellControls.test.ts"
"vicious-mockery","恶言相加","Vicious Mockery","0","core-transaction","full","verified-full","saving-throw | damage | turn-trigger","","","","turn-trigger","src/pages/maps/spellSettlementCoordinator.ts | src/rulesets/dnd5e/headlessCombatEngine.ts | src/rulesets/dnd5e/monsterAttackAction.ts | src/rulesets/dnd5e/spellVisibility.ts","src/lib/combatPresentation.test.ts | src/lib/dnd5eActionIcons.test.ts | src/lib/vfxSequence.test.ts | src/pages/maps/spellSettlementCoordinator.test.ts | src/rulesets/dnd5e/spellAction.test.ts | src/rulesets/dnd5e/spellCatalog.test.ts"
"wall-of-fire","火墙术","Wall of Fire","4","core-transaction","full","verified-full","saving-throw | half-on-save | damage | concentration | slot-scaling","","","","","src/pages/maps/dmWallOfFireRemoval.ts | src/pages/maps/spellAoeHighlight.ts | src/pages/maps/spellSettlementCoordinator.ts | src/pages/maps/wallOfFireTargeting.ts | src/pages/maps/WallOfFireTargetingControls.tsx | src/rulesets/dnd5e/coreSpellAreas.ts | src/rulesets/dnd5e/coreSpellAreaVisuals.ts | src/rulesets/dnd5e/monsterAdvancedAbilities.ts | src/rulesets/dnd5e/monsterCoreSpellAction.ts | src/rulesets/dnd5e/persistentAreaTypes.ts | src/rulesets/dnd5e/spellAction.ts | src/rulesets/dnd5e/verticalCombatGeometry.ts","src/components/map/flamingSphereHandoff.test.ts | src/lib/combatPresentation.test.ts | src/lib/dnd5eActionIcons.test.ts | src/lib/sharedServerCore.test.ts | src/pages/maps/dmWallOfFireRemoval.test.ts | src/pages/maps/spellAoeHighlight.test.ts | src/pages/maps/spellSettlementCoordinator.test.ts | src/rulesets/dnd5e/coreSpellAreas.test.ts | src/rulesets/dnd5e/monsterAdvancedAbilities.test.ts | src/rulesets/dnd5e/spellAction.test.ts | src/rulesets/dnd5e/spellDamageMaxDieBonus.test.ts | src/rulesets/dnd5e/wallOfFireGeometry.test.ts"
"wall-of-force","力场墙","Wall of Force","5","core-transaction","full","verified-full","concentration | area | movement","","","","movement","src/pages/maps/spellSettlementCoordinator.ts | src/rulesets/dnd5e/coreSpellAreas.ts | src/rulesets/dnd5e/coreSpellAreaVisuals.ts | src/rulesets/dnd5e/monsterAdvancedAbilities.ts | src/rulesets/dnd5e/persistentAreaTypes.ts | src/rulesets/dnd5e/spellbook.ts","src/components/map/MapPersistentAreaLayers.test.ts | src/lib/vfxSequence.test.ts | src/pages/maps/spellSettlementCoordinator.test.ts | src/rulesets/dnd5e/coreSpellAreas.test.ts | src/rulesets/dnd5e/monsterAdvancedAbilities.test.ts"
"wall-of-ice","冰墙术","Wall of Ice","6","core-transaction","full","verified-full","saving-throw | half-on-save | damage | concentration | area | movement | slot-scaling","","","","movement","src/pages/maps/spellSettlementCoordinator.ts | src/rulesets/dnd5e/coreSpellAreas.ts | src/rulesets/dnd5e/coreSpellAreaVisuals.ts | src/rulesets/dnd5e/monsterAdvancedAbilities.ts | src/rulesets/dnd5e/persistentAreaTypes.ts | src/rulesets/dnd5e/spellbook.ts","src/components/map/MapPersistentAreaLayers.test.ts | src/pages/maps/spellSettlementCoordinator.test.ts | src/rulesets/dnd5e/coreSpellAreas.test.ts | src/rulesets/dnd5e/monsterAdvancedAbilities.test.ts"
"wall-of-stone","石墙术","Wall of Stone","5","core-transaction","full","verified-full","saving-throw | concentration | movement","","","","saving-throw | movement","src/pages/maps/spellSettlementCoordinator.ts | src/rulesets/dnd5e/coreSpellAreas.ts | src/rulesets/dnd5e/coreSpellAreaVisuals.ts | src/rulesets/dnd5e/monsterAdvancedAbilities.ts | src/rulesets/dnd5e/persistentAreaTypes.ts | src/rulesets/dnd5e/spellbook.ts","src/components/map/MapPersistentAreaLayers.test.ts | src/lib/mapGeometry.test.ts | src/pages/maps/spellSettlementCoordinator.test.ts | src/rulesets/dnd5e/coreSpellAreas.test.ts | src/rulesets/dnd5e/monsterAdvancedAbilities.test.ts"
"wall-of-thorns","棘墙术","Wall of Thorns","6","core-transaction","full","verified-full","saving-throw | half-on-save | damage | concentration | turn-trigger | slot-scaling","","","","","src/pages/maps/spellSettlementCoordinator.ts | src/rulesets/dnd5e/coreSpellAreas.ts | src/rulesets/dnd5e/coreSpellAreaVisuals.ts | src/rulesets/dnd5e/monsterAdvancedAbilities.ts | src/rulesets/dnd5e/persistentAreaTypes.ts | src/rulesets/dnd5e/spellbook.ts","src/components/map/MapPersistentAreaLayers.test.ts | src/pages/maps/spellSettlementCoordinator.test.ts | src/rulesets/dnd5e/monsterAdvancedAbilities.test.ts"
"warding-bond","守护之链","Warding Bond","2","core-transaction","full","verified-full","","","","","","src/pages/maps/spellSettlementCoordinator.ts | src/rulesets/dnd5e/headlessCombatEngine.ts | src/rulesets/dnd5e/monsterAdvancedAbilities.ts | src/rulesets/dnd5e/spellMaterials.ts","src/lib/combatPresentation.test.ts | src/lib/dnd5eActionIcons.test.ts | src/lib/sharedServerCore.test.ts | src/pages/maps/spellSettlementCoordinator.test.ts | src/rulesets/dnd5e/activeEffects.test.ts | src/rulesets/dnd5e/headlessCombatEngine.test.ts | src/rulesets/dnd5e/monsterAdvancedAbilities.test.ts"
"water-breathing","水下呼吸","Water Breathing","3","audited-activity","full","verified-full","","movement-capability | duration | multi-target","","","movement-capability | multi-target","src/rulesets/dnd5e/spellVisibility.ts","src/lib/dnd5eActionIcons.test.ts | src/rulesets/dnd5e/activeEffects.test.ts | src/rulesets/dnd5e/activities/dnd5eCoreSpellActivities.test.ts"
"water-walk","水上行走","Water Walk","3","audited-activity","full","verified-full","","movement-mode | multi-target | duration","","","movement-mode | multi-target","src/rulesets/dnd5e/spellVisibility.ts","src/lib/dnd5eActionIcons.test.ts | src/rulesets/dnd5e/activities/dnd5eCoreSpellActivities.test.ts"
"web","蛛网术","Web","2","core-transaction","full","verified-full","saving-throw | damage | concentration | area | condition | turn-trigger","","","","saving-throw | damage | condition","src/rulesets/dnd5e/coreSpellAreas.ts | src/rulesets/dnd5e/coreSpellAreaVisuals.ts | src/rulesets/dnd5e/magicItems.ts | src/rulesets/dnd5e/monsterAdvancedAbilities.ts | src/rulesets/dnd5e/monsters.ts | src/rulesets/dnd5e/persistentAreaTypes.ts","src/lib/combatPresentation.test.ts | src/lib/vfxSequence.test.ts | src/pages/maps/concentrationTokenMarks.test.ts | src/pages/maps/spellSettlementCoordinator.test.ts | src/rulesets/dnd5e/activeEffects.test.ts | src/rulesets/dnd5e/activeEffectsHeadless.test.ts | src/rulesets/dnd5e/coreSpellAreas.test.ts | src/rulesets/dnd5e/headlessCombatEngine.test.ts | src/rulesets/dnd5e/magicItems.test.ts | src/rulesets/dnd5e/monsterAdvancedAbilities.test.ts | src/rulesets/dnd5e/monsterBasicAction.test.ts | src/rulesets/dnd5e/monsterCombatActionCoverageBatch.test.ts"
"weird","怪影杀手","Weird","9","audited-activity","partial","partial","saving-throw | damage | concentration | area | condition | turn-trigger","saving-throw | condition-lifecycle | periodic-damage | area-gap","原文要求 concentration，Activity 及专用运行时均无完整证据 | 原文要求 turn-trigger，Activity 及专用运行时均无完整证据","","","",""
"wind-walk","御风而行","Wind Walk","6","audited-activity","full","verified-full","condition | movement","stat-transform | movement-mode | transition-timer","","","","src/rulesets/dnd5e/spellVisibility.ts","src/rulesets/dnd5e/activities/dnd5eCoreSpellActivities.test.ts"
"wind-wall","风墙术","Wind Wall","3","core-transaction","full","verified-full","saving-throw | half-on-save | damage | concentration | area","","","","","src/pages/maps/spellSettlementCoordinator.ts | src/rulesets/dnd5e/coreSpellAreas.ts | src/rulesets/dnd5e/coreSpellAreaVisuals.ts | src/rulesets/dnd5e/monsterAdvancedAbilities.ts | src/rulesets/dnd5e/persistentAreaTypes.ts | src/rulesets/dnd5e/spellbook.ts","src/components/map/MapPersistentAreaLayers.test.ts | src/lib/dnd5eActionIcons.test.ts | src/lib/vfxSequence.test.ts | src/pages/maps/spellSettlementCoordinator.test.ts | src/rulesets/dnd5e/monsterAdvancedAbilities.test.ts"
"wish","祈愿术","Wish","9","audited-activity","partial","partial","damage | healing | movement","invoke-activity | bounded-safe-options | open-ended-effect","","","movement","src/rulesets/dnd5e/spellVisibility.ts","src/rulesets/dnd5e/spellCatalog.test.ts | src/rulesets/dnd5e/spellDescriptionsZh.test.ts"
"word-of-recall","回返真言","Word of Recall","6","audited-activity","partial","partial","movement","teleport | cross-scene | configured-sanctuary","","","","",""
"zone-of-truth","诚实之域","Zone of Truth","2","audited-activity","partial","partial","saving-throw | area","persistent-area | saving-throw | semantic-compliance","","","","","src/lib/dnd5eActionIcons.test.ts | src/rulesets/dnd5e/activities/dnd5eCoreSpellActivities.test.ts | src/rulesets/dnd5e/persistentAreaTypes.test.ts"
